,geometry,Jeff
0,"372

C 101.93079376 63.50568390 103.46287537
C 103.24498749 63.96047211 103.25201416
C 104.32333374 63.24197769 103.82166290
C 104.10758209 62.14620590 104.68621063
C 102.80041504 61.83648300 105.03331757
C 101.78391266 62.47139359 104.35160065
H 101.11799622 63.78426743 102.89985657
H 104.93555450 61.58255768 105.16238403
C 103.73455048 65.11913300 102.35187531
C 105.23653412 64.84695435 102.45550537
C 105.53848267 63.71206665 103.18527222
C 106.35800934 65.35035706 101.79613495
C 107.50251007 64.70172882 102.11072540
S 107.21692657 63.30587769 103.16130066
C 102.27700043 60.75729752 106.10578156
C 100.77433014 60.78782272 105.73632050
C 100.55633545 61.74339294 104.73023987
C 99.61297607 60.20199203 106.14713287
C 98.47627258 60.73861694 105.57338715
S 98.83494568 61.88453674 104.35938263
C 108.61705017 65.23538208 101.48096466
S 106.62747192 66.69158173 100.75132751
S 99.13295746 58.87194824 107.20387268
C 97.29248810 60.30580902 106.07279968
C 108.27006531 66.14836121 100.51882172
C 97.42192078 59.43766022 107.21623230
H 109.62967682 64.87789917 101.59334564
H 96.37547302 60.54547119 105.61967468
C 96.25479126 59.02615738 107.88941956
C 94.99182892 59.51811600 108.16114044
C 94.56387329 60.92728806 107.81870270
C 93.86950684 58.84646988 108.83551788
C 93.12288666 60.99832916 108.25466156
O 95.26241302 61.77866364 107.22512817
C 92.62332916 59.80355453 108.78230286
C 93.79834747 57.50519562 109.36715698
C 92.18121338 62.00660324 107.91213226
C 91.28005981 59.71258545 109.13648224
C 94.75141907 56.42331314 109.28087616
C 92.62296295 56.95341873 110.05101776
C 90.82170868 61.84925461 108.30318451
H 92.47359467 62.94613266 107.46865845
C 90.37847137 60.72451019 108.95912933
H 90.82315063 58.80809402 109.58532715
N 95.52005768 55.56656647 109.23837280
N 91.72695923 56.55069733 110.66157532
H 90.06874847 62.60895538 108.11777496
H 89.40893555 60.66310501 109.23303986
H 96.36559296 58.11949921 108.39441681
C 109.22515869 66.70465088 99.58052826
C 110.60812378 66.81095123 99.42165375
C 111.65569305 66.31034088 100.35543060
C 111.32286072 67.29229736 98.22885132
C 112.97227478 66.45726013 99.68245697
O 111.64395905 65.82868195 101.46134186
C 112.80420685 66.96331787 98.36888885
C 110.83255005 68.11762238 97.22620392
C 114.24711609 66.12149048 100.12832642
C 113.93576813 67.28871918 97.57808685
C 109.55148315 68.74316406 97.21630859
C 111.56298828 68.46585846 96.04791260
C 115.32391357 66.25960541 99.26728821
H 114.37210083 65.71285248 101.09898376
C 115.20114899 66.91777039 97.98659515
H 113.95469666 67.67617035 96.62209320
N 108.50431824 69.23587799 97.22416687
N 112.16071320 68.66477203 95.13434601
H 116.34978485 66.05416107 99.58782196
H 116.01387024 67.15446472 97.36307526
H 108.64150238 67.11302185 98.74897766
C 102.50486755 61.25890732 107.61354828
C 102.07046509 60.39640808 108.63739014
C 103.08476257 62.46914291 107.92980957
C 102.22170258 60.77583313 109.97229004
H 101.66930389 59.40955734 108.37989044
C 103.17804718 62.93063736 109.25492096
H 103.57254791 63.12252808 107.15350342
C 102.82789612 62.05118179 110.30561066
H 101.96066284 60.16795349 110.86945343
H 103.52818298 63.86611557 109.64151764
C 103.46086121 66.57649994 102.92379761
C 102.84706879 66.82894897 104.16014862
C 103.99214935 67.71598816 102.29665375
C 102.72428894 68.07858276 104.80435181
H 102.48544312 65.97183990 104.72864532
C 103.82899475 69.06001282 102.81719971
H 104.46132660 67.73999023 101.35643768
C 103.23373413 69.18943787 104.11316681
H 102.28307343 68.09443665 105.81043243
H 104.12584686 69.92119598 102.23183441
C 103.00428009 64.84793091 100.96810913
C 101.95343018 65.67889404 100.46107483
C 103.39373779 63.80870819 100.12042999
C 101.22092438 65.36310577 99.30043793
H 101.71516418 66.60763550 100.95167542
C 102.68566132 63.45756531 98.88753510
H 104.27049255 63.27873230 100.39856720
C 101.56465149 64.23370361 98.53593445
H 100.36353302 65.88082886 99.00841522
H 102.93136597 62.58314896 98.30876160
C 102.98908997 59.41283798 105.78253174
C 102.35102081 58.40187073 105.03242493
C 104.30152893 59.30739975 106.25080109
C 103.06684113 57.21748734 104.89889526
H 101.37788391 58.51465225 104.53829956
C 104.98139954 58.09852600 105.99079132
H 104.82968903 60.06913376 106.79457092
C 104.37680817 57.13062286 105.22985077
H 102.59980011 56.46656036 104.22243500
H 106.00253296 58.05141068 106.38841248
C 100.66979218 63.73989868 97.38191986
H 100.46630859 62.69184494 97.54611969
H 99.67178345 64.10082245 97.45838165
C 101.14658356 64.03751373 95.91281891
H 100.94121552 65.06531525 95.55141449
H 102.18299866 64.02722931 96.10479736
C 100.62887573 63.07452011 94.87882233
H 100.82745361 62.01411438 95.12946320
H 99.49945831 63.16412735 94.86781311
C 102.87046051 62.50224304 111.79535675
H 102.72028351 61.60149002 112.44198608
H 103.94288635 62.72267151 112.08325958
C 101.83973694 63.69165421 112.06523132
H 101.85643768 64.43589783 111.29599762
H 100.85832214 63.21735001 112.05500793
C 102.06462097 64.46195984 113.35393524
H 102.80533600 65.21033478 113.11736298
H 102.46689606 63.77896500 114.14201355
C 105.18675232 55.94292068 104.78108978
H 106.11150360 56.00289154 105.41938782
H 104.75074768 55.06508636 105.18859863
C 105.58671570 55.98538971 103.30240631
H 104.80472565 55.85719681 102.58673859
H 106.04045105 56.96025467 103.15394592
C 106.54860687 54.78168106 102.93291473
H 107.43073273 54.85109711 103.56464386
H 106.11106110 53.77478790 103.25157928
C 103.14419556 70.51651764 104.85556030
H 102.19384766 70.59217834 105.43965912
H 103.20160675 71.44329834 104.25015259
C 104.18644714 70.74208832 105.95894623
H 103.87142944 71.61282349 106.50810242
H 104.16596985 69.94837952 106.75268555
C 105.65633392 70.89279938 105.57219696
H 106.04134369 69.93695831 105.27040863
H 106.20292664 71.16510773 106.42144012
C 100.67735291 65.12499237 113.86515045
H 100.39779663 65.99279785 113.25685120
H 99.82302856 64.33827209 113.74196625
C 105.92150116 71.94751740 104.43620300
H 105.36766815 71.70053101 103.48069000
H 105.51618195 72.93618011 104.59265900
C 106.80792236 54.71024323 101.39804077
H 105.86645508 54.73706436 100.87366486
H 107.43187714 55.56991959 101.21543121
C 101.23509216 63.39057541 93.49858093
H 101.27474976 64.31287384 93.16176605
H 102.22748566 63.11655426 93.56095123
C 107.53810120 53.43115616 100.88391876
H 108.35106659 53.08420563 101.53855896
H 108.07318115 53.80834198 100.00822449
C 107.40290833 72.00299072 103.95188141
H 107.34991455 72.56495667 102.97257996
H 107.83457184 71.04650116 103.55384827
C 100.77550507 65.85388184 115.20324707
H 101.35832214 66.71371460 115.09111023
H 101.32646942 65.19503784 115.92783356
C 100.54705811 62.57546997 92.39446259
H 100.53177643 61.52758789 92.61135101
H 99.49445343 62.71236420 92.43156433
C 99.40127563 66.18502045 115.79989624
H 99.52162933 66.43152618 116.86134338
H 98.98828125 67.18904114 115.32434082
H 98.85391998 65.27039337 115.79764557
C 108.28952789 72.82999420 104.84973145
H 108.03058624 73.89933014 104.89665222
H 108.23593903 72.43170929 105.82182312
H 109.33629608 72.78009796 104.50857544
C 106.55702209 52.31223297 100.65042114
H 105.72911835 52.62582779 99.99656677
H 106.99359894 51.42587662 100.26262665
H 106.16587830 52.08153152 101.60517883
C 101.18713379 62.94745636 91.04457092
H 100.76284027 62.44585419 90.16974640
H 100.97879028 64.03863525 90.87436676
H 102.24590302 62.62231064 90.96620941
C 118.03094482 69.58673859 101.15087128
C 116.94490814 69.88075256 100.28346252
C 115.59396362 69.69051361 100.67106628
C 115.26586151 68.99367523 101.79180908
C 116.31227875 68.65324402 102.70010376
C 117.65400696 68.99515533 102.34841919
H 119.09109497 69.62461853 100.89920044
H 114.18959808 68.78330231 101.97723389
C 117.05258179 70.60189819 98.91221619
C 115.50569153 70.86857605 98.68414307
C 114.79959106 70.20712280 99.64786530
C 114.60501099 71.53325653 97.79241943
C 113.27902222 71.30632019 98.08454895
S 113.03379059 70.26875305 99.46354675
C 116.21731567 67.96084595 104.05840302
C 117.72719574 67.84999847 104.33698273
C 118.50192261 68.40442657 103.32972717
C 118.49724579 67.27046204 105.33525848
C 119.86576080 67.46904755 105.09137726
S 120.19094849 68.49556732 103.68298340
C 112.39730835 71.92773438 97.17586517
S 114.82258606 72.69194031 96.51242828
S 118.30827332 66.31643677 106.71624756
C 120.77406311 66.83148956 105.89624786
C 113.02155304 72.68218994 96.19542694
C 120.14109039 66.21688080 107.00476837
H 111.33305359 71.87464905 97.24396515
H 121.88293457 66.87399292 105.80622864
C 120.74009705 65.58415985 108.06044006
C 121.93762970 65.76101685 108.76319122
C 122.89903259 66.89402771 108.60122681
C 122.68780518 64.75428009 109.51553345
C 124.02298737 66.66194153 109.45014954
O 122.77050018 67.80619812 107.87026978
C 123.99158478 65.36338806 110.00028992
C 122.30020142 63.43588638 109.79829407
C 125.13871765 67.47087860 109.59024811
C 125.12502289 64.96907043 110.76724243
C 121.15055847 62.79699707 109.24064636
C 123.18182373 62.40474701 110.18943024
C 126.20811462 67.09653473 110.44209290
H 125.12074280 68.44705963 109.21329498
C 126.23051453 65.82652283 111.00125885
H 125.30460358 63.99028397 111.28420258
N 120.24522400 62.26245499 108.78665924
N 123.89050293 61.56626892 110.53870392
H 127.11087799 67.70139313 110.49363708
H 127.10453033 65.41306305 111.44577789
H 120.08551025 64.77318573 108.26581573
C 112.33046722 73.48397827 95.29702759
C 111.15277100 73.48893738 94.52920532
C 110.25455475 72.32753754 94.40237427
C 110.63659668 74.64692688 93.76672363
C 109.22708130 72.74864960 93.42131042
O 110.38609314 71.22822571 94.92980957
C 109.39054108 74.12133026 93.02534485
C 111.15894318 75.91487885 93.69000244
C 108.16353607 71.99447632 92.93196106
C 108.49362946 74.68043518 92.10831451
C 112.16655731 76.44622803 94.51224518
C 110.73678589 76.94586945 92.87086487
C 107.20962524 72.65470886 92.06400299
H 108.06188965 70.97102356 93.20378113
C 107.36611938 73.95613098 91.65634155
H 108.48172760 75.71998596 91.90373993
N 113.00565338 76.91754913 95.13898468
N 110.38436127 77.78261566 92.18604279
H 106.26572418 72.19423676 91.69117737
H 106.63739777 74.41359711 91.07688904
H 113.02076721 74.30243683 95.16633606
C 115.61440277 66.54009247 103.94255829
C 114.36985016 66.28205109 104.51567841
C 116.38183594 65.52844238 103.32862091
C 113.93049622 64.96459198 104.50070190
H 113.79596710 67.04978943 105.00597382
C 115.82928467 64.26897430 103.24250031
H 117.34658051 65.66535950 103.02238464
C 114.59241486 63.95656967 103.82021332
H 113.00648499 64.65890503 104.97751617
H 116.43756866 63.55107498 102.72156525
C 117.71118164 69.74308014 97.76840973
C 118.06477356 68.37937927 98.03196716
C 117.80200195 70.26554871 96.47047424
C 118.51269531 67.49471283 97.01391602
H 118.08786011 67.96736908 99.05012512
C 118.27949524 69.41411591 95.47216797
H 117.41349792 71.23208618 96.17993164
C 118.60791779 68.00875854 95.70221710
H 118.70935822 66.47451019 97.29697418
H 118.19163513 69.78717041 94.44329834
C 117.91229248 71.88332367 99.19153595
C 117.36216736 73.06979370 99.69814301
C 119.35362244 71.81047821 99.02950287
C 118.17766571 74.12998962 100.21948242
H 116.31439209 73.13314819 99.88201141
C 120.13522339 72.85852814 99.53639984
H 119.85609436 70.96738434 98.77867889
C 119.57242584 74.00793457 100.14302826
H 117.70898438 74.97711182 100.65042877
H 121.18508148 72.68536377 99.56733704
C 115.55455780 68.84449768 105.19315338
C 115.43003082 68.22351837 106.48867798
C 115.24700928 70.19704437 105.00584412
C 114.80255890 68.92989349 107.58205414
H 115.60683441 67.18608093 106.60755157
C 114.76924133 70.86543274 106.14049530
H 115.30287933 70.67362976 104.00711823
C 114.45524597 70.30177307 107.40471649
H 114.59662628 68.51441956 108.54477692
H 114.60620880 71.96188354 106.05103302
C 120.45220184 75.02911377 100.80221558
H 120.12343597 75.25231171 101.80272675
H 121.45514679 74.54033661 100.96356201
C 120.66434479 76.30600739 99.98670959
H 120.94770050 76.25043488 98.98258972
H 119.76124573 76.81315613 100.05342865
C 121.65654755 77.41095734 100.60406494
H 121.12416077 78.15108490 101.30303955
H 122.48946381 76.97812653 101.12445831
C 114.02313995 62.57801437 103.63985443
H 114.70452881 61.94910812 102.96178436
H 114.02091980 62.09917831 104.59780884
C 112.65559387 62.54772186 103.01338196
H 112.19713593 61.60966110 103.46708679
H 112.09981537 63.40919495 103.38003540
C 112.53520203 62.35868454 101.49726868
H 112.87666321 61.38946152 101.17449188
H 112.99595642 63.16399765 100.93529510
C 113.76760864 71.08245850 108.42486572
H 113.48351288 70.47048950 109.22625732
H 114.52420807 71.77591705 108.88273621
C 112.61615753 72.01129913 108.04940033
H 112.97127533 72.90234375 107.59066772
H 111.90996552 71.57302856 107.44699097
C 112.00494385 72.63354492 109.29084778
H 111.62757111 71.88729858 109.91345215
H 112.78765106 73.09778595 109.93109131
C 118.89498901 67.13969421 94.53111267
H 119.95280457 67.02881622 94.45394135
H 118.71395874 67.59599304 93.58845520
C 118.36764526 65.73627472 94.52670288
H 118.84650421 65.18280029 93.72801208
H 118.70175934 65.23790741 95.42568970
C 116.84138489 65.58850861 94.50144958
H 116.43990326 65.28224182 93.53069305
H 116.35692596 66.50547028 94.78036499
C 111.11977386 62.49509048 101.02432251
H 110.43379974 61.89508820 101.56460571
H 110.85906219 63.50164795 101.32257843
C 116.40996552 64.49667358 95.49925232
H 116.89588928 63.49257278 95.28339386
H 116.66039276 64.80261993 96.47145844
C 110.88996887 73.67174530 108.93082428
H 111.17041779 74.38031006 108.09217834
H 110.13299561 73.05597687 108.48037720
C 122.17199707 78.21952820 99.39955139
H 121.31010437 78.42781830 98.69175720
H 122.50331116 79.19245911 99.69401550
C 110.33975220 74.34899902 110.19907379
H 111.01106262 75.11900330 110.51325989
H 110.02873230 73.62121582 110.94466400
C 114.96929169 64.25117493 95.38694000
H 114.71530151 64.03547668 94.38069916
H 114.48483276 65.18554688 95.55622864
C 110.85050201 62.39194489 99.48027039
H 111.16802979 61.43176651 99.11393738
H 111.43383026 63.14757538 98.92121887
C 123.25594330 77.55853271 98.52918243
H 122.88538361 76.62505341 98.14454651
H 123.50683594 78.05931854 97.56118011
C 109.31318665 62.54093552 99.09752655
H 109.21115875 62.56163025 98.00175476
H 108.56823730 61.81948471 99.41603851
H 108.95555115 63.54649353 99.50244904
C 114.56198120 63.23501205 96.49565125
H 114.90706635 63.71634293 97.40511322
H 113.49551392 63.16272354 96.45761871
H 114.99148560 62.26027679 96.18318939
C 108.99579620 74.95375061 109.83246613
H 109.29452515 75.78160095 109.15714264
H 108.34793854 74.23914337 109.29454803
H 108.47195435 75.27887726 110.69312286
C 124.50444794 77.42043304 99.28141785
H 124.29666138 76.67369080 100.04369354
H 125.39819336 76.94315338 98.67610168
H 124.69767761 78.23167419 99.91311646
",0.000
1,"372

C 101.93079376 63.50568390 103.46287537
C 103.24498749 63.96047211 103.25201416
C 104.32333374 63.24197769 103.82166290
C 104.10758209 62.14620590 104.68621063
C 102.80041504 61.83648300 105.03331757
C 101.78391266 62.47139359 104.35160065
H 101.11799622 63.78426743 102.89985657
H 104.93555450 61.58255768 105.16238403
C 103.73455048 65.11913300 102.35187531
C 105.23653412 64.84695435 102.45550537
C 105.53848267 63.71206665 103.18527222
C 106.35800934 65.35035706 101.79613495
C 107.50251007 64.70172882 102.11072540
S 107.21692657 63.30587769 103.16130066
C 102.27700043 60.75729752 106.10578156
C 100.77433014 60.78782272 105.73632050
C 100.55633545 61.74339294 104.73023987
C 99.61297607 60.20199203 106.14713287
C 98.47627258 60.73861694 105.57338715
S 98.83494568 61.88453674 104.35938263
C 108.61705017 65.23538208 101.48096466
S 106.62747192 66.69158173 100.75132751
S 99.13295746 58.87194824 107.20387268
C 97.29248810 60.30580902 106.07279968
C 108.27006531 66.14836121 100.51882172
C 97.42192078 59.43766022 107.21623230
H 109.62967682 64.87789917 101.59334564
H 96.37547302 60.54547119 105.61967468
C 96.25479126 59.02615738 107.88941956
C 94.99182892 59.51811600 108.16114044
C 94.56387329 60.92728806 107.81870270
C 93.86950684 58.84646988 108.83551788
C 93.12288666 60.99832916 108.25466156
O 95.26241302 61.77866364 107.22512817
C 92.62332916 59.80355453 108.78230286
C 93.79834747 57.50519562 109.36715698
C 92.18121338 62.00660324 107.91213226
C 91.28005981 59.71258545 109.13648224
C 94.75141907 56.42331314 109.28087616
C 92.62296295 56.95341873 110.05101776
C 90.82170868 61.84925461 108.30318451
H 92.47359467 62.94613266 107.46865845
C 90.37847137 60.72451019 108.95912933
H 90.82315063 58.80809402 109.58532715
N 95.52005768 55.56656647 109.23837280
N 91.72695923 56.55069733 110.66157532
H 90.06874847 62.60895538 108.11777496
H 89.40893555 60.66310501 109.23303986
H 96.36559296 58.11949921 108.39441681
C 109.22515869 66.70465088 99.58052826
C 110.60812378 66.81095123 99.42165375
C 111.65569305 66.31034088 100.35543060
C 111.32286072 67.29229736 98.22885132
C 112.97227478 66.45726013 99.68245697
O 111.64395905 65.82868195 101.46134186
C 112.80420685 66.96331787 98.36888885
C 110.83255005 68.11762238 97.22620392
C 114.24711609 66.12149048 100.12832642
C 113.93576813 67.28871918 97.57808685
C 109.55148315 68.74316406 97.21630859
C 111.56298828 68.46585846 96.04791260
C 115.32391357 66.25960541 99.26728821
H 114.37210083 65.71285248 101.09898376
C 115.20114899 66.91777039 97.98659515
H 113.95469666 67.67617035 96.62209320
N 108.50431824 69.23587799 97.22416687
N 112.16071320 68.66477203 95.13434601
H 116.34978485 66.05416107 99.58782196
H 116.01387024 67.15446472 97.36307526
H 108.64150238 67.11302185 98.74897766
C 102.50486755 61.25890732 107.61354828
C 102.07046509 60.39640808 108.63739014
C 103.08476257 62.46914291 107.92980957
C 102.22170258 60.77583313 109.97229004
H 101.66930389 59.40955734 108.37989044
C 103.17804718 62.93063736 109.25492096
H 103.57254791 63.12252808 107.15350342
C 102.82789612 62.05118179 110.30561066
H 101.96066284 60.16795349 110.86945343
H 103.52818298 63.86611557 109.64151764
C 103.46086121 66.57649994 102.92379761
C 102.84706879 66.82894897 104.16014862
C 103.99214935 67.71598816 102.29665375
C 102.72428894 68.07858276 104.80435181
H 102.48544312 65.97183990 104.72864532
C 103.82899475 69.06001282 102.81719971
H 104.46132660 67.73999023 101.35643768
C 103.23373413 69.18943787 104.11316681
H 102.28307343 68.09443665 105.81043243
H 104.12584686 69.92119598 102.23183441
C 103.00428009 64.84793091 100.96810913
C 101.95343018 65.67889404 100.46107483
C 103.39373779 63.80870819 100.12042999
C 101.22092438 65.36310577 99.30043793
H 101.71516418 66.60763550 100.95167542
C 102.68566132 63.45756531 98.88753510
H 104.27049255 63.27873230 100.39856720
C 101.56465149 64.23370361 98.53593445
H 100.36353302 65.88082886 99.00841522
H 102.93136597 62.58314896 98.30876160
C 102.98908997 59.41283798 105.78253174
C 102.35102081 58.40187073 105.03242493
C 104.30152893 59.30739975 106.25080109
C 103.06684113 57.21748734 104.89889526
H 101.37788391 58.51465225 104.53829956
C 104.98139954 58.09852600 105.99079132
H 104.82968903 60.06913376 106.79457092
C 104.37680817 57.13062286 105.22985077
H 102.59980011 56.46656036 104.22243500
H 106.00253296 58.05141068 106.38841248
C 100.66979218 63.73989868 97.38191986
H 100.46630859 62.69184494 97.54611969
H 99.67178345 64.10082245 97.45838165
C 101.14658356 64.03751373 95.91281891
H 100.94121552 65.06531525 95.55141449
H 102.18299866 64.02722931 96.10479736
C 100.62887573 63.07452011 94.87882233
H 100.82745361 62.01411438 95.12946320
H 99.49945831 63.16412735 94.86781311
C 102.87046051 62.50224304 111.79535675
H 102.72028351 61.60149002 112.44198608
H 103.94288635 62.72267151 112.08325958
C 101.83973694 63.69165421 112.06523132
H 101.85643768 64.43589783 111.29599762
H 100.85832214 63.21735001 112.05500793
C 102.06462097 64.46195984 113.35393524
H 102.80533600 65.21033478 113.11736298
H 102.46689606 63.77896500 114.14201355
C 105.18675232 55.94292068 104.78108978
H 106.11150360 56.00289154 105.41938782
H 104.75074768 55.06508636 105.18859863
C 105.58671570 55.98538971 103.30240631
H 104.80472565 55.85719681 102.58673859
H 106.04045105 56.96025467 103.15394592
C 106.54860687 54.78168106 102.93291473
H 107.43073273 54.85109711 103.56464386
H 106.11106110 53.77478790 103.25157928
C 103.14419556 70.51651764 104.85556030
H 102.19384766 70.59217834 105.43965912
H 103.20160675 71.44329834 104.25015259
C 104.18644714 70.74208832 105.95894623
H 103.87142944 71.61282349 106.50810242
H 104.16596985 69.94837952 106.75268555
C 105.65633392 70.89279938 105.57219696
H 106.04134369 69.93695831 105.27040863
H 106.20292664 71.16510773 106.42144012
C 100.67735291 65.12499237 113.86515045
H 100.39779663 65.99279785 113.25685120
H 99.82302856 64.33827209 113.74196625
C 105.92150116 71.94751740 104.43620300
H 105.36766815 71.70053101 103.48069000
H 105.51618195 72.93618011 104.59265900
C 106.80792236 54.71024323 101.39804077
H 105.86645508 54.73706436 100.87366486
H 107.43187714 55.56991959 101.21543121
C 101.23509216 63.39057541 93.49858093
H 101.27474976 64.31287384 93.16176605
H 102.22748566 63.11655426 93.56095123
C 107.53810120 53.43115616 100.88391876
H 108.35106659 53.08420563 101.53855896
H 108.07318115 53.80834198 100.00822449
C 107.40290833 72.00299072 103.95188141
H 107.34991455 72.56495667 102.97257996
H 107.83457184 71.04650116 103.55384827
C 100.77550507 65.85388184 115.20324707
H 101.35832214 66.71371460 115.09111023
H 101.32646942 65.19503784 115.92783356
C 100.54705811 62.57546997 92.39446259
H 100.53177643 61.52758789 92.61135101
H 99.49445343 62.71236420 92.43156433
C 99.40127563 66.18502045 115.79989624
H 99.52162933 66.43152618 116.86134338
H 98.98828125 67.18904114 115.32434082
H 98.85391998 65.27039337 115.79764557
C 108.28952789 72.82999420 104.84973145
H 108.03058624 73.89933014 104.89665222
H 108.23593903 72.43170929 105.82182312
H 109.33629608 72.78009796 104.50857544
C 106.55702209 52.31223297 100.65042114
H 105.72911835 52.62582779 99.99656677
H 106.99359894 51.42587662 100.26262665
H 106.16587830 52.08153152 101.60517883
C 101.18713379 62.94745636 91.04457092
H 100.76284027 62.44585419 90.16974640
H 100.97879028 64.03863525 90.87436676
H 102.24590302 62.62231064 90.96620941
C 101.97104645 68.41802216 82.85231781
C 103.29650116 67.96804047 82.81320190
C 103.46962738 66.60468292 82.28585815
C 102.40347290 65.75267029 81.93199158
C 101.14321899 66.22879028 82.08736420
C 100.88671875 67.55175781 82.54859161
H 101.73087311 69.46324158 83.12239838
H 102.60887909 64.74919891 81.61283112
C 104.65701294 68.68598938 83.05434418
C 105.60752869 67.59407043 82.63531494
C 104.93202209 66.43109894 82.24342346
C 107.04853821 67.30947876 82.68690491
C 107.35236359 65.96327972 82.35070801
S 105.93221283 65.08106995 81.87124634
C 99.77410889 65.50276947 81.75846863
C 98.83235168 66.66839600 81.99517822
C 99.48438263 67.80533600 82.50771332
C 97.48471832 67.00811005 81.69993591
C 97.11550903 68.23809814 82.19789124
S 98.43470001 69.18030548 82.88187408
C 108.70600128 65.69532013 82.29287720
S 108.56018829 68.18105316 82.96627808
S 96.22811127 66.15164185 80.93289185
C 95.79960632 68.52912903 81.96784210
C 109.49705505 66.76539612 82.67638397
C 95.07488251 67.44360352 81.36389923
H 109.22932434 64.78092957 81.93389130
H 95.32215118 69.38816833 82.40092468
C 93.69531250 67.32730103 81.41209412
C 92.59777069 68.18753052 81.23364258
C 92.69999695 69.65548706 81.11093140
C 91.17532349 67.85060883 81.06230927
C 91.37082672 70.18746185 80.72074127
O 93.67059326 70.38868713 81.26819611
C 90.47325897 69.11697388 80.65292358
C 90.42871857 66.61946106 81.18230438
C 91.05683899 71.43231201 80.33906555
C 89.20052338 69.40516663 80.28853607
C 90.93361664 65.42874908 81.79303741
C 89.15673065 66.27606964 80.61869812
C 89.76860046 71.73243713 79.92285919
H 91.83190155 72.16320801 80.15673065
C 88.83971405 70.70345306 79.87221527
H 88.47006989 68.64287567 80.49698639
N 91.31466675 64.50586700 82.37057495
N 88.13402557 66.02863312 80.10965729
H 89.39797211 72.73374939 79.68847656
H 87.80509186 71.01242065 79.56491852
H 93.45201111 66.33549500 81.55892181
C 110.87973022 66.64788055 82.53967285
C 111.88304138 65.78586578 82.88713837
C 111.75552368 64.52204895 83.61401367
C 113.31157684 66.13462830 82.86324310
C 113.12258911 64.10437775 83.99885559
O 110.69439697 63.96720123 83.94275665
C 114.10981750 65.03627014 83.46726227
C 113.94594574 67.25557709 82.26768494
C 113.53885651 63.07622910 84.83309174
C 115.50196075 64.82464600 83.71125793
C 113.36563110 68.27518463 81.44307709
C 115.28776550 67.63263702 82.53432465
C 114.93196106 62.85885239 84.95253754
H 112.86495972 62.47541046 85.40298462
C 115.88701630 63.69819260 84.45087433
H 116.26538849 65.36702728 83.22085571
N 112.95311737 69.14239502 80.77442932
N 116.37763214 67.91581726 82.81024170
H 115.25956726 62.06153107 85.58206940
H 116.94007111 63.44408035 84.54576111
H 111.21402740 67.60601044 82.14233398
C 99.65599060 64.32134247 82.82063293
C 98.71549988 64.40861511 83.86422729
C 100.51580048 63.27214813 82.74130249
C 98.72313690 63.48192596 84.91921234
H 98.13777161 65.31325531 83.89666748
C 100.54843903 62.28135681 83.78834534
H 101.28266144 63.20969772 81.95446014
C 99.69347382 62.45446014 84.90589905
H 98.05149841 63.58600998 85.76218414
H 101.25943756 61.54198074 83.79791260
C 104.82862091 68.95914459 84.54596710
C 105.96472931 69.59884644 85.00883484
C 103.84548950 68.55667877 85.52458191
C 106.11495972 69.81110382 86.41014862
H 106.66772461 70.01711273 84.33745575
C 104.07003784 68.75670624 86.88160706
H 102.93170166 67.99980927 85.33084869
C 105.26715851 69.35008240 87.37423706
H 107.00742340 70.26165009 86.70790100
H 103.32012177 68.43569946 87.65786743
C 104.76518250 69.93359375 82.13944244
C 105.18425751 69.79017639 80.79003906
C 104.06940460 71.13309479 82.40292358
C 104.92705536 70.67114258 79.74020386
H 105.75433350 68.92498779 80.37954712
C 103.87760925 72.14878845 81.43080902
H 103.49996948 71.24523926 83.30227661
C 104.29657745 71.95512390 80.04991150
H 105.25657654 70.39969635 78.78929138
H 103.35736847 73.05429840 81.83174896
C 99.72879791 65.01929474 80.25369263
C 99.05968475 63.78797531 80.00132751
C 100.17053223 65.89215088 79.26863861
C 98.97621155 63.36843109 78.69934082
H 98.61371613 63.22195053 80.76647186
C 100.09339905 65.41530609 77.88652039
H 100.65906525 66.85775757 79.45439148
C 99.43408203 64.17306519 77.62372589
H 98.45921326 62.47235107 78.61502838
H 100.43099213 66.13305664 77.18271637
C 103.96535492 72.96971893 79.00393677
H 104.62695312 72.75268555 78.21094513
H 102.98227692 72.67358398 78.69760132
C 104.06342316 74.39142609 79.50545502
H 103.22222137 74.56993866 80.23476410
H 105.07572174 74.55283356 79.95521545
C 103.91374969 75.40267944 78.40695953
H 104.83432770 75.37398529 77.78868866
H 103.12372589 75.06207275 77.72546387
C 99.78134155 61.35437012 86.01828766
H 98.82194519 61.33957291 86.50302887
H 100.01413727 60.38049698 85.58499908
C 100.83231354 61.77567673 87.02302551
H 101.76033020 61.97642899 86.50228119
H 100.62532043 62.76101303 87.38452911
C 101.23282623 60.73379135 88.07616425
H 100.86128235 59.72862625 87.78042603
H 100.73786163 60.92242813 88.99246979
C 99.51824951 63.60287476 76.23632050
H 99.29891205 62.56696701 76.45266724
H 98.70568085 64.09754181 75.74248505
C 100.79814148 63.89312744 75.43016052
H 100.98000336 64.90808868 75.07916260
H 101.63099670 63.62510681 76.03700256
C 100.80126190 62.95520401 74.20787811
H 100.54277802 62.00596619 74.61062622
H 99.98752594 63.16580200 73.46340179
C 105.49140930 69.53211212 88.89297485
H 104.63101959 70.00154114 89.29429626
H 106.21199799 70.34780121 89.00967407
C 105.86080170 68.23285675 89.74061584
H 105.11242676 67.49996185 89.73899078
H 106.73830414 67.75061035 89.32891846
C 106.29109192 68.51197815 91.18879700
H 105.49615479 69.10862732 91.58940887
H 107.15338898 69.19444275 91.12085724
C 102.70735168 60.58734894 88.44672394
H 103.16306305 60.54226685 87.45896912
H 103.02656555 61.46907806 89.02577209
C 106.59436798 67.23789215 91.89222717
H 105.68613434 66.66780090 91.91823578
H 107.27436066 66.56408691 91.39743805
C 102.11402893 62.91212082 73.37908936
H 102.11766815 63.80220413 72.79373932
H 102.95309448 62.88628769 74.10235596
C 103.54622650 76.87198639 78.87575531
H 102.59855652 76.86869049 79.45214081
H 104.27425385 77.26843262 79.58010864
C 102.24089050 61.67085648 72.48041534
H 101.25118256 61.56587601 71.93626404
H 102.40798950 60.80978775 73.09285736
C 107.10519409 67.40228271 93.30665588
H 106.35270691 67.78786469 93.88697052
H 107.95796967 68.14495850 93.40724945
C 103.12354279 59.18326569 89.09792328
H 104.20374298 59.04808426 89.09692383
H 102.73890686 58.31650162 88.45581818
C 103.30816650 77.74439240 77.59869385
H 104.26309204 78.18032837 77.28308868
H 102.95627594 77.15803528 76.73822784
C 102.41607666 58.92788315 90.39586639
H 102.36527252 59.87575912 90.93360138
H 101.30951691 58.72586823 90.19285583
H 102.69915009 58.04505920 90.94416809
C 107.66159821 66.12691498 93.94554138
H 106.97506714 65.29985809 93.83377075
H 108.64212036 65.84002686 93.48657990
H 107.68277740 66.32601166 95.00999451
C 103.32774353 61.75905228 71.46424866
H 103.31163025 60.80838776 70.90169525
H 103.07427216 62.56024551 70.79634857
H 104.35330963 61.83739853 71.83324432
C 102.30056763 78.93211365 77.75982666
H 102.98451233 79.76693726 77.85096741
H 101.85208130 79.05837250 76.77452850
H 101.58390045 78.76039124 78.53955078
",0.000
2,"372

C 103.76624298 140.33729553 68.82037354
C 104.44104767 139.38671875 69.59480286
C 105.59061432 138.71580505 69.09468842
C 106.00897980 138.91409302 67.74200439
C 105.37258148 139.79244995 66.88430786
C 104.26161957 140.50372314 67.39079285
H 102.85828400 140.84078979 69.17655182
H 106.75954437 138.40455627 67.26680756
C 104.09426117 138.82766724 70.95268250
C 105.18111420 137.69351196 71.13834381
C 105.95819855 137.64407349 69.99890900
C 105.46282196 136.67951965 72.04988098
C 106.35894012 135.71272278 71.50245667
S 106.97415924 136.21435547 69.88949585
C 105.66545868 140.17530823 65.44295502
C 104.53109741 141.21737671 65.22169495
C 103.77906799 141.37359619 66.37059784
C 104.15739441 142.09394836 64.17078400
C 103.02936554 142.87861633 64.55157471
S 102.49520111 142.55697632 66.19673157
C 106.63825226 134.70953369 72.40119934
S 104.83866882 136.15168762 73.67449188
S 104.79862213 142.58616638 62.59370041
C 102.59119415 143.76855469 63.61411667
C 106.04749298 134.88566589 73.67359924
C 103.34603119 143.65972900 62.38512039
H 107.34323120 133.88630676 72.16704559
H 101.78932953 144.43553162 63.73193741
C 103.01766205 144.58901978 61.36762619
C 101.92810059 144.87374878 60.57882309
C 100.54093170 144.25561523 60.68308640
C 101.84704590 145.84233093 59.45180893
C 99.78293610 144.62797546 59.45803452
O 100.11402893 143.53701782 61.58964157
C 100.56165314 145.57879639 58.68725586
C 102.84464264 146.79895020 59.14139938
C 98.51630402 144.24105835 59.06423187
C 100.02191925 146.13284302 57.53062820
C 104.06526184 147.05258179 59.84192276
C 102.55838776 147.88688660 58.24963379
C 97.97106934 144.82621765 57.86070633
H 97.86138916 143.61395264 59.60082626
C 98.78364563 145.77651978 57.09841156
H 100.58544922 146.73202515 56.86470795
N 105.05879974 147.15957642 60.42095184
N 102.31014252 148.78443909 57.54094315
H 97.02253723 144.53942871 57.49701691
H 98.52072144 146.18533325 56.10116959
H 103.92566681 145.06097412 61.09397125
C 106.22705078 133.85917664 74.76235199
C 107.20835114 133.00219727 75.24588013
C 108.55163574 132.87367249 74.74032593
C 107.05132294 132.02398682 76.38469696
C 109.23789978 131.73857117 75.38731384
O 109.13229370 133.51315308 73.90552521
C 108.26375580 131.19616699 76.31159973
C 105.94258118 131.75886536 77.24157715
C 110.48107910 131.16975403 75.12838745
C 108.60520935 129.97285461 76.92784119
C 104.65043640 132.34782410 77.18959808
C 105.89574432 130.79141235 78.29541016
C 110.81423950 129.95722961 75.79099274
H 111.16300201 131.50726318 74.39937592
C 109.89446259 129.42807007 76.63496399
H 108.11177063 129.31748962 77.67002106
N 103.61670685 132.83874512 77.13907623
N 105.82426453 129.96812439 79.13655090
H 111.72204590 129.38731384 75.61399841
H 110.10652924 128.45072937 77.09853363
H 105.29319763 133.87344360 75.26255798
C 105.45391083 138.91610718 64.50115204
C 106.28614807 137.73336792 64.65943146
C 104.36267853 138.75349426 63.61410904
C 105.99433899 136.54641724 64.07846832
H 107.12281036 137.70860291 65.31400299
C 104.05165100 137.51606750 62.99319077
H 103.62573242 139.49812317 63.41936874
C 104.79788971 136.31919861 63.34455490
H 106.69895172 135.74282837 64.17587280
H 103.35472870 137.53143311 62.23389435
C 102.62358856 138.16722107 70.82126617
C 102.50529480 136.88743591 70.15966797
C 101.39617157 138.80647278 71.18418884
C 101.23756409 136.37806702 69.73000336
H 103.38030243 136.38203430 69.86845398
C 100.17015839 138.31808472 70.69655609
H 101.51498413 139.81044006 71.58750153
C 100.05039215 137.10563660 69.93256378
H 101.18330383 135.47050476 69.12693024
H 99.29842377 138.88702393 70.80356598
C 104.27077484 139.93054199 72.08523560
C 103.64920044 139.74510193 73.31269836
C 105.18480682 140.96356201 71.92007446
C 103.96289062 140.49504089 74.44335175
H 102.93058014 138.96534729 73.52176666
C 105.50772858 141.77178955 73.02087402
H 105.77489471 141.01213074 71.02411652
C 104.89052582 141.54650879 74.30266571
H 103.50084686 140.30201721 75.39987946
H 106.18946075 142.61114502 72.90663910
C 107.06076813 140.84877014 65.48468781
C 107.20265961 141.94558716 66.32299805
C 108.14307404 140.56217957 64.65829468
C 108.38942719 142.65097046 66.37425995
H 106.42546082 142.23939514 67.00755310
C 109.37894440 141.26824951 64.69140625
H 107.96102905 139.69708252 63.97412872
C 109.50912476 142.35418701 65.53846741
H 108.51665497 143.52661133 67.00056458
H 110.20308685 141.05735779 64.06186676
C 105.15785980 142.33853149 75.43739319
H 105.86369324 141.85726929 76.04037476
H 105.58685303 143.32432556 75.08393860
C 103.91908264 142.82077026 76.19167328
H 103.22422791 143.20256042 75.46992493
H 103.56351471 141.95695496 76.78520203
C 104.38043213 144.02447510 77.13308716
H 105.26431274 143.71467590 77.75585938
H 104.64162445 144.83796692 76.39983368
C 104.27160645 134.89332581 62.87638092
H 105.24057007 134.46520996 62.41443253
H 104.11473083 134.26123047 63.80957413
C 103.03088379 134.98405457 61.98523712
H 102.20597076 135.43888855 62.49234772
H 103.19863129 135.67425537 61.06940842
C 102.42150116 133.68840027 61.41271210
H 102.44050598 132.93644714 62.24253464
H 102.90266418 133.23742676 60.52830505
C 110.78132629 143.18980408 65.58722687
H 110.87841034 143.50450134 64.51634979
H 110.71147156 144.02815247 66.26251984
C 112.06816864 142.37322998 65.98996735
H 112.24153900 141.47355652 65.33544159
H 112.98022461 142.92622375 65.76383972
C 112.25321198 142.18885803 67.50306702
H 112.33782959 143.24191284 67.89284515
H 111.32236481 141.74993896 67.73371887
C 98.81962585 136.65055847 69.26351929
H 98.14468384 135.92881775 69.86404419
H 99.06240845 136.04225159 68.42402649
C 98.02945709 137.87019348 68.58271027
H 97.83092499 138.59001160 69.34677887
H 98.65633392 138.25621033 67.82505798
C 96.68687439 137.53323364 67.94123840
H 96.12234497 137.08584595 68.73616028
H 96.88642120 136.83459473 67.12132263
C 100.88482666 133.88839722 60.98891449
H 100.32637024 134.17350769 61.91089249
H 100.71116638 134.67730713 60.23332214
C 95.89594269 138.67472839 67.44436646
H 95.80234528 139.23223877 68.28664398
H 96.40874481 139.28790283 66.69407654
C 113.40397644 141.23744202 67.70098114
H 113.32620239 140.65345764 68.58076477
H 113.64093781 140.59567261 66.82521820
C 103.36590576 144.40826416 78.19012451
H 102.41728973 144.69085693 77.75629425
H 103.03350067 143.58215332 78.79996490
C 114.68833923 141.98976135 68.02834320
H 114.54598236 142.38284302 69.09919739
H 114.82897186 142.92285156 67.52230835
C 94.49538422 138.40621948 66.94538116
H 93.84011078 139.27719116 67.15825653
H 94.07642365 137.54240417 67.44830322
C 100.27355957 132.57139587 60.49945068
H 100.17528534 131.96267700 61.37001801
H 100.93596649 132.13935852 59.76309586
C 103.91076660 145.46784973 79.22206116
H 103.31495667 145.38313293 80.09191895
H 104.89643860 145.13571167 79.63004303
C 98.90504456 132.87820435 59.74085617
H 98.14617920 133.26983643 60.37108994
H 99.22570801 133.59321594 58.90647125
H 98.46678925 131.95869446 59.31020737
C 94.41065979 137.93084717 65.42610168
H 93.39743805 137.74777222 65.06825256
H 94.73412323 138.76622009 64.89910126
H 95.12184906 137.08242798 65.32211304
C 116.02839661 141.14271545 67.95454407
H 115.87915802 140.41223145 67.14173126
H 116.92513275 141.81802368 67.80454254
H 116.25182343 140.68336487 68.88039398
C 103.97811890 146.92446899 78.76693726
H 104.66802216 146.91479492 77.87155914
H 102.99803925 147.29931641 78.40581512
H 104.18571472 147.59812927 79.60646820
C 97.74761200 136.03219604 72.70401764
C 98.20844269 134.71969604 72.96598053
C 97.36220551 133.55686951 72.83222198
C 96.08876801 133.72448730 72.29634857
C 95.69823456 135.05322266 71.98954773
C 96.49113464 136.17338562 72.25334930
H 98.42358398 136.87733459 72.92501831
H 95.40422821 132.89027405 72.08896637
C 99.63148499 134.35569763 73.42603302
C 99.38266754 132.84744263 73.78653717
C 98.11930847 132.49160767 73.38654327
C 100.16452789 131.76654053 74.21130371
C 99.48008728 130.52713013 74.22249603
S 97.90364838 130.79483032 73.66641235
C 94.32359314 135.53434753 71.41408539
C 94.61463928 137.09280396 71.31886292
C 95.85411835 137.36837769 71.77035522
C 93.95145416 138.26948547 70.98622894
C 94.81452179 139.39761353 70.93343353
S 96.37568665 139.02252197 71.62230682
C 100.21615601 129.45072937 74.61053467
S 101.74678040 131.58105469 74.77046204
S 92.40750885 138.52870178 70.30342865
C 94.11543274 140.53198242 70.50607300
C 101.52239227 129.83392334 74.89366150
C 92.86730194 140.19453430 69.90598297
H 99.92625427 128.39233398 74.48833466
H 94.50922394 141.48780823 70.49734497
C 91.94853210 141.18025208 69.40168762
C 92.02110291 142.28916931 68.53697205
C 93.24217987 142.70205688 67.87080383
C 90.92121887 143.15441895 68.03942108
C 92.90152740 143.92956543 67.07059479
O 94.33316040 142.18283081 67.87551117
C 91.52291870 144.16198730 67.09661102
C 89.51368713 143.12335205 68.27908325
C 93.74816895 144.81002808 66.39568329
C 91.01467896 145.29002380 66.47203064
C 88.87812042 142.10781860 69.16392517
C 88.49062347 143.71388245 67.52285767
C 93.26187134 145.86480713 65.69857788
H 94.82935333 144.62757874 66.45101166
C 91.87089539 146.12925720 65.71210480
H 89.93669891 145.46879578 66.45925140
N 88.31325531 141.29524231 69.77107239
N 87.62422943 144.22116089 66.89070892
H 93.97557068 146.35928345 65.03158569
H 91.39635468 146.91230774 65.04939270
H 90.99949646 140.93492126 69.70031738
C 102.61894989 128.91842651 74.99011230
C 102.92979431 127.61115265 75.28874969
C 101.93892670 126.61410522 75.72594452
C 104.29388428 127.03243256 75.43154144
C 102.75915527 125.43873596 76.21207428
O 100.74141693 126.56841278 75.66505432
C 104.15126038 125.66445160 76.08769989
C 105.53829956 127.62056732 75.03389740
C 102.29489136 124.29077911 76.83804321
C 105.07621002 124.68951416 76.52753448
C 105.72527313 128.68104553 74.06777954
C 106.80376434 127.15552521 75.58934784
C 103.21230316 123.29051971 77.28246307
H 101.27174377 124.07560730 76.97351074
C 104.61425781 123.48217010 77.11630249
H 106.12212372 124.88118744 76.38018799
N 105.88620758 129.58396912 73.43292236
N 107.78115082 126.83178711 76.07360077
H 102.89731598 122.50159454 77.89635468
H 105.34236908 122.79407501 77.47766876
H 103.47249603 129.47612000 74.80695343
C 93.11997223 135.29241943 72.34946442
C 92.89281464 136.17695618 73.43122864
C 92.18928528 134.18025208 72.16429901
C 91.79796600 135.99755859 74.30864716
H 93.52681732 136.96821594 73.64771271
C 91.12122345 134.01489258 73.08697510
H 92.32346344 133.41755676 71.36260986
C 90.88062286 134.88067627 74.16246033
H 91.61070251 136.69793701 75.09072876
H 90.44775391 133.14375305 73.06518555
C 100.24833679 135.22500610 74.59469604
C 100.92282867 136.44078064 74.23363495
C 100.26476288 134.82656860 75.95809937
C 101.36273956 137.37660217 75.21169281
H 100.90319824 136.91165161 73.27305603
C 100.99109650 135.57246399 76.88766479
H 99.67665100 133.93191528 76.26591492
C 101.53511047 136.85197449 76.51776123
H 101.75392914 138.38746643 74.97350311
H 100.89727783 135.22386169 77.89038849
C 100.60650635 134.15304565 72.23417664
C 100.24820709 133.58209229 70.97340393
C 102.00389862 134.09315491 72.57991791
C 101.22941589 133.10417175 70.04666901
H 99.24751282 133.59472656 70.70063782
C 102.95467377 133.51678467 71.68606567
H 102.38970947 134.39031982 73.56221771
C 102.57219696 133.02819824 70.46152496
H 100.81178284 132.70579529 69.10070038
H 104.00839996 133.42210388 71.96245575
C 94.06653595 135.04545593 69.89297485
C 92.82483673 135.27952576 69.27490997
C 94.96149445 134.24427795 69.17021179
C 92.57051849 135.07167053 67.91761017
H 92.03584290 135.62532043 69.92842102
C 94.76362610 133.99588013 67.84063721
H 95.84680176 133.84548950 69.67163086
C 93.60168457 134.55345154 67.13537598
H 91.55368042 135.42651367 67.55925751
H 95.55310822 133.52844238 67.28368378
C 103.60506439 132.37783813 69.49475098
H 103.83322906 133.00767517 68.57344818
H 104.58998871 132.28703308 70.05950165
C 103.25047302 130.96878052 69.06594086
H 102.24745941 130.89715576 68.63578796
H 103.96853638 130.65281677 68.22484589
C 103.35733032 130.02705383 70.29843903
H 104.28917694 130.29409790 70.80671692
H 102.56884003 130.26628113 71.02444458
C 89.62267303 134.69512939 75.05751801
H 88.84234619 134.18286133 74.43302155
H 89.86654663 134.00262451 75.80597687
C 88.97406006 135.96017456 75.74456787
H 88.32933807 135.69987488 76.56549835
H 89.78308868 136.41613770 76.33752441
C 88.21072388 136.93960571 74.80526733
H 87.36068726 137.25117493 75.38668823
H 87.77256775 136.31828308 74.03469086
C 93.46800995 134.33827209 65.67125702
H 92.76766968 135.11271667 65.31915283
H 94.43412781 134.55357361 65.17838287
C 92.84041595 133.04882812 65.19197845
H 93.37035370 132.15956116 65.56519318
H 91.78266144 133.03390503 65.60656738
C 92.76385498 132.96817017 63.73669434
H 92.23368835 133.80467224 63.36076355
H 93.71885681 132.98512268 63.26704788
C 102.11416626 137.79733276 77.51770782
H 101.82045746 137.43225098 78.53656769
H 101.77266693 138.78134155 77.55051422
C 103.69599915 138.04986572 77.42901611
H 103.81056976 138.42851257 76.44632721
H 104.00402832 138.81488037 78.10312653
C 104.53140259 136.77583313 77.63922119
H 104.37996674 135.95976257 76.88731384
H 104.33195496 136.23548889 78.59558105
C 88.98708344 138.08976746 74.27704620
H 89.33670044 138.73692322 75.09726715
H 89.79722595 137.81033325 73.67689514
C 106.02542114 137.09405518 77.37908936
H 106.20428467 137.57104492 76.38644409
H 106.30074310 137.84114075 78.11465454
C 92.08790588 131.65972900 63.33176804
H 92.18502808 131.61445618 62.23918533
H 92.62839508 130.79089355 63.66602707
C 103.19818115 128.50669861 70.06170654
H 102.41220856 128.39689636 69.37715912
H 104.02340698 127.96120453 69.50485229
C 90.61621857 131.46308899 63.66670609
H 89.98876953 132.22334290 63.27596283
H 90.43283844 131.47666931 64.78549194
C 106.86881256 135.85806274 77.70208740
H 106.39701080 134.98338318 77.20126343
H 106.83015442 135.64868164 78.74426270
C 88.07419586 139.00236511 73.42356110
H 87.10326385 139.20567322 73.87174988
H 87.76358032 138.43971252 72.51839447
C 102.98695374 127.61827850 71.33297729
H 103.13105011 126.57543182 71.16141510
H 103.68042755 127.84308624 72.15105438
C 88.60257721 140.33735657 73.04772949
H 88.12014771 140.85237122 72.12902832
H 88.59940338 141.11447144 73.86922455
H 89.63838196 140.36822510 72.62088013
C 108.34494019 135.92849731 77.24179077
H 108.88066101 136.63035583 77.91075134
H 108.70979309 134.83918762 77.33816528
H 108.38421631 136.27421570 76.18757629
C 90.05081177 130.15417480 63.18099594
H 90.35665131 129.31575012 63.74682617
H 88.98048401 130.25563049 63.16104126
H 90.42137909 130.02343750 62.09200287
C 101.50775909 127.75690460 71.88396454
H 101.34900665 128.76783752 72.11123657
H 100.66445923 127.48582458 71.29732513
H 101.36267090 127.19338226 72.83613586
",0.003
3,"372

C 99.81069946 113.28889465 86.24724579
C 99.38587189 112.36251831 85.31312561
C 98.05699158 111.81980896 85.44651794
C 97.23442078 112.17049408 86.50765228
C 97.62947845 113.17787170 87.41159821
C 98.92337036 113.76522827 87.26637268
H 100.85353851 113.74364471 86.15170288
H 96.17069244 111.81235504 86.49507141
C 100.07092285 111.77593231 84.03561401
C 99.02218628 110.79866028 83.59038544
C 97.90997314 110.89618683 84.37635803
C 98.91143799 109.82245636 82.60645294
C 97.70933533 109.13746643 82.54900360
S 96.63930511 109.79829407 83.82856750
C 96.75721741 114.02307129 88.36745453
C 97.77507782 115.02597809 88.81075287
C 98.98736572 114.84054565 88.18411255
C 97.76573944 116.19109344 89.56752014
C 99.01025391 116.84277344 89.56831360
S 100.24419403 115.99008179 88.61563873
C 97.57791138 108.17153168 81.54910278
S 99.84989166 109.24205017 81.28328705
S 96.60488892 117.19439697 90.46257782
C 99.03871155 118.00003815 90.33096313
C 98.62358856 108.18808746 80.62453461
C 97.81176758 118.34333801 90.94441986
H 96.64054871 107.65362549 81.30110931
H 99.92806244 118.46273041 90.52326965
C 97.79155731 119.27396393 92.06963348
C 98.45141602 120.50600433 92.43275452
C 99.34390259 121.24910736 91.51596069
C 98.31617737 121.28024292 93.70662689
C 99.89277649 122.39453888 92.26401520
O 99.62651062 121.02349091 90.33021545
C 99.26279449 122.46643066 93.50906372
C 97.63018036 121.02701569 94.89067078
C 100.83561707 123.35980225 91.73781586
C 99.73213196 123.49363708 94.38465118
C 96.74076843 119.93687439 95.07814789
C 97.64730072 121.84069824 96.05279541
C 101.15972137 124.44117737 92.55323792
H 101.40634918 123.20501709 90.87734222
C 100.66442108 124.49697876 93.89559937
H 99.38761902 123.72210693 95.39918518
N 95.94189453 119.09645844 95.24044037
N 97.63847351 122.53112030 96.98427582
H 101.80015564 125.21659851 92.13436890
H 100.79920197 125.39978790 94.49797821
H 97.17733002 118.83569336 92.80792999
C 98.41494751 107.82085419 79.26592255
C 98.04105377 106.66416931 78.57902527
C 97.59212494 105.37288666 79.21408081
C 98.29727936 106.39770508 77.15374756
C 97.66976166 104.35636139 78.15720367
O 97.39034271 105.12423706 80.44200134
C 98.15212250 104.93652344 76.97091675
C 98.82224274 107.24618530 76.14109039
C 97.48999023 103.00350189 78.21693420
C 98.23858643 104.16500854 75.84213257
C 98.95046234 108.62546539 76.26821899
C 99.35962677 106.83655548 74.80258942
C 97.74907684 102.19666290 77.09001160
H 97.24234772 102.54524994 79.15319061
C 98.01189423 102.78566742 75.88941193
H 98.33627319 104.46212769 74.82973480
N 99.03142548 109.79347992 76.35424042
N 99.78100586 106.63914490 73.70712280
H 97.65344238 101.18616486 77.23042297
H 98.16890717 102.16361237 75.01502991
H 98.75304413 108.66658020 78.68313599
C 96.14357758 113.15492249 89.47496796
C 96.82099915 112.97292328 90.72352600
C 94.83531189 112.57767487 89.39048004
C 96.29855347 112.15167236 91.76911926
H 97.84493256 113.29129028 90.84190369
C 94.25960541 111.78932190 90.45603180
H 94.27169800 112.65337372 88.50256348
C 94.96931458 111.62718201 91.63594055
H 96.93974304 111.83868408 92.55250549
H 93.27359772 111.35442352 90.29267120
C 101.44989777 111.11517334 84.44432068
C 102.53985596 111.93130493 84.90887451
C 101.59983826 109.72097778 84.64256287
C 103.69180298 111.32354736 85.33934784
H 102.39009094 113.00017548 84.80590820
C 102.76737213 109.10289764 85.11637878
H 100.73547363 109.11440277 84.46434784
C 103.85128784 109.93930054 85.36088562
H 104.49352264 111.99708557 85.48924255
H 102.89971161 108.01020813 85.34381866
C 100.24853516 112.83203125 82.90703583
C 99.25730133 113.91817474 82.78089142
C 101.45058441 112.92181396 82.16790771
C 99.50685120 114.99288177 81.85715485
H 98.38961792 114.00238037 83.35553741
C 101.62965393 113.93196106 81.24239349
H 102.15775299 112.10430908 82.32407379
C 100.63809967 114.94786072 81.07303619
H 98.89116669 115.92816162 81.76310730
H 102.47921753 113.91078186 80.56858063
C 95.66144562 114.87947845 87.60679626
C 94.71981049 115.56015778 88.34758759
C 95.65547943 114.90254211 86.20298767
C 93.67583466 116.27898407 87.70630646
H 94.60040283 115.41448212 89.40640259
C 94.73758698 115.75382233 85.55444336
H 96.42649841 114.43422699 85.50342560
C 93.69354248 116.45384979 86.31301880
H 92.91504669 116.77946472 88.29080200
H 94.72969055 115.80180359 84.47223663
C 100.89152527 116.05130005 79.95417023
H 100.43392944 116.97196198 80.31658173
H 101.91909027 116.20171356 79.80168915
C 100.23694611 115.65676880 78.63021851
H 99.21221924 115.49945068 78.72412872
H 100.40135193 116.48259735 77.94901276
C 100.77120972 114.41957855 78.01598358
H 101.82778931 114.56814575 77.94311523
H 100.63467407 113.63455963 78.76776123
C 94.42562866 110.74924469 92.69033813
H 94.88414001 110.93291473 93.67330170
H 93.33632660 111.04360962 92.84259796
C 94.37413025 109.25402832 92.38336182
H 93.51065063 108.75397491 92.82333374
H 94.33443451 108.93022156 91.27214050
C 95.69599915 108.58801270 92.88710785
H 95.62598419 108.76050568 93.95199585
H 96.68952179 108.81507111 92.52421570
C 92.72104645 117.31425476 85.54787445
H 92.50182343 116.73363495 84.68154144
H 91.82128906 117.53424835 86.10195923
C 93.21115112 118.77194977 85.22708130
H 93.49956512 119.17657471 86.22293091
H 94.14305878 118.72680664 84.71615601
C 92.30422211 119.76387787 84.41606140
H 92.79457855 120.72537994 84.37991333
H 92.14993286 119.47947693 83.38801575
C 105.25547791 109.44187927 85.71491241
H 105.20944214 108.60343170 86.40912628
H 105.85398102 110.26270294 86.16065216
C 106.11750031 108.99195862 84.49356842
H 106.28659058 109.78919983 83.74348450
H 107.10647583 108.66967773 84.94647980
C 105.45987701 107.78426361 83.70161438
H 104.57836151 108.17248535 83.21251678
H 105.21402740 107.09189606 84.50271606
C 95.78675842 107.08290100 92.71760559
H 94.81160736 106.62791443 93.08924103
H 95.76197815 106.85040283 91.63600922
C 106.35948181 107.06242371 82.64907074
H 106.77218628 107.81098938 81.99383545
H 107.19211578 106.54210663 83.18523407
C 90.94117737 120.08224487 85.04252625
H 90.35752869 119.15114594 85.13568115
H 90.89179230 120.57704926 86.00641632
C 100.26602173 114.09481049 76.62281036
H 100.11591339 115.02810669 76.13860321
H 101.00737000 113.51703644 76.00032806
C 89.95260620 120.75884247 84.08893585
H 89.82984161 120.08258057 83.26497650
H 90.36228180 121.67988586 83.71045685
C 105.45916748 106.17518616 81.80809784
H 104.67266083 106.72660065 81.33644104
H 104.99777222 105.42342377 82.49618530
C 96.91988373 106.47438812 93.56397247
H 96.75218964 106.63836670 94.58842468
H 97.81869507 107.00039673 93.20690918
C 98.93900299 113.33043671 76.70325470
H 99.17275238 112.44812775 77.32139587
H 98.24479675 113.81420135 77.30096436
C 97.09780884 105.01280975 93.35708618
H 96.60618591 104.31469727 94.03134918
H 96.82759094 104.77781677 92.31713867
H 98.16892242 104.79227448 93.43982697
C 106.13551331 105.59371185 80.55374908
H 106.37249756 106.37720490 79.84503937
H 106.98645020 105.07538605 80.82713318
H 105.50483704 105.00204468 79.89644623
C 88.60950470 121.24195099 84.65105438
H 87.86610413 120.38121796 84.75790405
H 88.73594666 121.64093018 85.68862152
H 88.23118591 122.09586334 84.09703064
C 98.27551270 113.03280640 75.34700775
H 98.14167023 113.87088013 74.71263123
H 98.81694031 112.38262939 74.61888885
H 97.23242950 112.64611053 75.50846863
C 99.95103455 102.07869720 85.22411346
C 100.16995239 102.64266205 83.98982239
C 100.32791901 104.08435822 83.97008514
C 100.32705688 104.95065308 85.12116241
C 100.09897614 104.33879852 86.33789825
C 99.88898468 102.93259430 86.38354492
H 99.77899933 101.02481079 85.20651245
H 100.44874573 106.03402710 85.00947571
C 100.10208893 101.97531128 82.56578827
C 100.51051331 103.24069214 81.77175903
C 100.57633209 104.38999939 82.57784271
C 100.86364746 103.56742859 80.41181946
C 101.26364136 104.94179535 80.26930237
S 100.94306946 105.87124634 81.75511932
C 100.14284515 105.03237915 87.71195221
C 100.06772614 103.76581573 88.54087067
C 99.86470032 102.59215546 87.78802490
C 100.04227448 103.54785156 89.93228149
C 99.88047791 102.17053223 90.16855621
S 99.87046051 101.10466766 88.71781158
C 101.52317810 105.39855194 78.95272064
S 101.00413513 102.76940155 78.83021545
S 100.01831055 104.50984192 91.33940125
C 99.87186432 101.91144562 91.53096008
C 101.59651947 104.29426575 78.05931091
C 100.14824677 103.03858948 92.34682465
H 101.69993591 106.44036102 78.70279694
H 99.89992523 100.91603088 91.96514130
C 100.21352386 102.99411011 93.72851562
C 100.86515045 102.11937714 94.61402130
C 101.95757294 101.19309998 94.22998810
C 100.79902649 102.25706482 96.08441925
C 102.65037537 100.80200958 95.52780914
O 102.25257874 100.81440735 93.10944366
C 101.94098663 101.34130859 96.62998962
C 100.00349426 103.04961395 96.93549347
C 103.72406006 99.95008087 95.65215302
C 102.57582855 101.15518951 97.91957855
C 98.97901154 103.91506195 96.53240204
C 100.14148712 103.08178711 98.37736511
C 104.18680573 99.66828918 96.95070648
H 104.14129639 99.46134949 94.79019165
C 103.66810608 100.29309845 98.07265472
H 102.14028168 101.46695709 98.81202698
N 98.19445801 104.68088531 96.21258545
N 100.25323486 103.07263184 99.47187042
H 104.91882324 98.94423676 97.04653931
H 104.00866699 100.10311127 99.03679657
H 99.70707703 103.84567261 94.20269775
C 102.10689545 104.48832703 76.73521423
C 103.20237732 105.18283844 76.11521912
C 104.13721466 106.10188293 76.83998871
C 103.60417938 105.25531769 74.65998077
C 105.12290955 106.65685272 75.86393738
O 104.16678619 106.43529510 78.05107117
C 104.80952454 106.22063446 74.51274109
C 102.96745300 104.68772125 73.56111145
C 106.14711761 107.49465942 76.20880890
C 105.56002808 106.76638031 73.47477722
C 102.06433105 103.53294373 73.54338074
C 103.56870270 104.86160278 72.27947998
C 106.96260834 107.95034027 75.12072754
H 106.27891541 107.86834717 77.19190979
C 106.68375397 107.63011932 73.79372406
H 105.34839630 106.60910797 72.42370605
N 101.42372894 102.66730499 73.54238129
N 104.00319672 105.04071045 71.20274353
H 107.70563507 108.69944000 75.43604279
H 107.20064545 108.03972626 72.90703583
H 101.55062866 103.81368256 76.10334015
C 98.93125916 106.00910187 87.87326050
C 99.03379822 107.25061798 87.20217896
C 97.74336243 105.70400238 88.61284637
C 98.04132843 108.26398468 87.31689453
H 99.94538116 107.53635406 86.69058228
C 96.72783661 106.66445160 88.57949066
H 97.65200043 104.73983002 89.09992981
C 96.87759399 107.90594482 87.95581055
H 98.06611633 109.20116425 86.80051422
H 95.81271362 106.38900757 89.13076782
C 98.64940643 101.52274323 82.28874969
C 98.37602997 100.65952301 81.18191528
C 97.47523499 102.01728821 82.91374207
C 97.10800171 100.27042389 80.82252502
H 99.21557617 100.27928162 80.64104462
C 96.16071320 101.83942413 82.42777252
H 97.61960602 102.70357513 83.79982758
C 95.98503876 100.91094971 81.34346771
H 96.82539368 99.65296936 79.94197083
H 95.30278015 102.36022186 82.92292023
C 101.10669708 100.82017517 82.49815369
C 102.44033051 101.07347870 82.01907349
C 100.74000549 99.52386475 82.93009949
C 103.33354950 100.06662750 82.02745819
H 102.71343994 102.04941559 81.71644592
C 101.63410187 98.41753387 82.70431519
H 99.76186371 99.36431122 83.43779755
C 102.95316315 98.69998932 82.30084229
H 104.28841400 100.19942474 81.57790375
H 101.35043335 97.54427338 83.18395233
C 101.53217316 105.79055023 88.06163025
C 102.71800995 105.54031372 87.37202454
C 101.61014557 106.66426086 89.16492462
C 103.96360779 106.15697479 87.81464386
H 102.70422363 104.92616272 86.51446533
C 102.84458923 107.18911743 89.62680817
H 100.74351501 106.80313110 89.77174377
C 104.02360535 106.93983459 88.92255402
H 104.90281677 105.92117310 87.35051727
H 102.97813416 107.77980042 90.51815033
C 103.92051697 97.51597595 82.07148743
H 103.35741425 96.57190704 82.03266144
H 104.45954895 97.68196106 81.17149353
C 104.96407318 97.30288696 83.16727448
H 105.60015106 96.46874237 82.93104553
H 105.56478119 98.14527130 83.07156372
C 104.40930939 97.12808228 84.63711548
H 103.94859314 98.02239990 84.87668610
H 103.54323578 96.43769073 84.63850403
C 95.75106049 108.87366486 88.04070282
H 95.22982025 109.00271606 88.98614502
H 96.22130585 109.84469604 87.91036987
C 94.73878479 108.79367828 86.88922119
H 95.26325989 108.59576416 85.89173889
H 94.10372925 107.92810822 87.00006104
C 93.80224609 110.02198792 86.75788116
H 94.36890411 110.91104126 86.45328522
H 93.34791565 110.24163055 87.69902802
C 105.36856842 107.49424744 89.38385010
H 105.88490295 107.91864777 88.47139740
H 105.15380096 108.32805634 90.11606598
C 106.27308655 106.52841187 90.00503540
H 105.61107635 106.01728058 90.69345856
H 106.64884186 105.80033875 89.24847412
C 107.42833710 107.20845795 90.69276428
H 107.79473114 108.00658417 90.04395294
H 106.89758301 107.73957062 91.53659058
C 94.52699280 100.67611694 80.80879974
H 94.67995453 100.00479126 79.97431946
H 94.08918762 101.53465271 80.24368286
C 93.48828125 100.17353058 81.77449036
H 92.99067688 99.31803131 81.25507355
H 94.04876709 99.83850098 82.61945343
C 92.57533264 101.34972382 82.13497162
H 91.93110657 101.45153809 81.26605988
H 93.25826263 102.24192810 82.24149323
C 92.59738159 109.74864960 85.79603577
H 93.12747955 109.41357422 84.91700745
H 91.95400238 108.95138550 86.21621704
C 91.83440399 101.10218048 83.45181274
H 91.30833435 100.14339447 83.51626587
H 92.64005280 101.06291199 84.21387482
C 108.54094696 106.31992340 91.17029572
H 108.25870514 105.55136871 91.85696411
H 108.89212036 105.69792938 90.40538788
C 105.50136566 96.67092896 85.69745636
H 105.13768768 96.69838715 86.69908142
H 105.73545837 95.63311768 85.64990234
C 109.60313416 107.23146057 91.77710724
H 109.17275238 107.68625641 92.61867523
H 109.82793427 108.06999969 91.12461853
C 90.92929077 102.35157013 83.67487335
H 90.16434479 102.45962524 82.89891815
H 91.49160767 103.25936890 83.73493958
C 91.67417145 110.92353058 85.45249176
H 92.19924927 111.50513458 84.72585297
H 91.53186035 111.60796356 86.25010681
C 106.63944244 97.65164185 85.72550201
H 107.24322510 97.51688385 84.82014465
H 106.16719055 98.61917877 85.69516754
C 90.22788239 110.59398651 85.07192993
H 89.66423035 111.49943542 84.79888153
H 90.18754578 109.78683472 84.34989166
H 89.61841583 110.29568481 85.89181519
C 90.09160614 102.25405884 84.89624023
H 89.43064117 103.10954285 84.91814423
H 89.50170898 101.35081482 84.87660217
H 90.67727661 102.16867065 85.78442383
C 110.86298370 106.47853851 92.23241425
H 111.48137665 106.15621948 91.36998749
H 111.48675537 107.21018982 92.71637726
H 110.61434174 105.56404877 92.86254120
C 107.42054749 97.38574219 87.03195190
H 106.88336182 97.68898773 87.91752625
H 107.71356964 96.33785248 87.14619446
H 108.41683197 97.88348389 87.05123901
",0.002
4,"372

C 63.75633240 61.37988663 125.93070221
C 62.73303223 60.40242767 125.94313049
C 62.98229218 59.17451859 125.34658051
C 64.22879028 58.88657379 124.82261658
C 65.25743103 59.79452515 124.73136139
C 65.02331543 61.06710434 125.36648560
H 63.58726501 62.37108231 126.38036346
H 64.35417175 57.85165787 124.53477478
C 61.25040054 60.62033463 126.38012695
C 60.77099991 59.22264099 126.02393341
C 61.74260712 58.44133759 125.43563080
C 59.52884293 58.49251175 126.10470581
C 59.61624908 57.22856903 125.45622253
S 61.18696213 56.87863541 124.82974243
C 66.70482635 59.62163544 124.24646759
C 67.24822235 61.09381104 124.52625275
C 66.24262238 61.81416702 125.24250793
C 68.37947845 61.89417267 124.29250336
C 68.31527710 63.19476318 124.86799622
S 66.73017883 63.40153503 125.73801422
C 58.46785355 56.48445511 125.62123871
S 58.00650787 58.74320221 126.91319275
S 69.98678589 61.62570190 123.49722290
C 69.51631165 63.91415787 124.72253418
C 57.43527603 57.12775040 126.30580139
C 70.53537750 63.26833344 123.95819855
H 58.39157867 55.49576569 125.18875122
H 69.59833527 64.87163544 125.11613464
C 71.72467804 63.99900818 123.56648254
C 72.66732025 64.75509644 124.24903870
C 72.77056885 65.00646210 125.70652771
C 73.81480408 65.41689301 123.62603760
C 73.74225616 66.04022217 125.93776703
O 71.99859619 64.52312469 126.52310181
C 74.48473358 66.25038910 124.76515961
C 74.31174469 65.35397339 122.30657196
C 73.98650360 66.79875946 127.11065674
C 75.55597687 67.16031647 124.70778656
C 73.66170502 64.62984467 121.20264435
C 75.61592102 65.65431213 121.96789551
C 75.19057465 67.54368591 127.08573151
H 73.48387146 66.79714966 128.05303955
C 75.87304688 67.86002350 125.88532257
H 76.10580444 67.35075378 123.78048706
N 73.15616608 64.08451843 120.30305481
N 76.71556091 65.81534576 121.75259399
H 75.54612732 68.19794464 127.91828156
H 76.62696838 68.62728882 125.90766144
H 71.69011688 63.66366577 122.52463531
C 56.14279938 56.51224518 126.53170013
C 55.52763748 55.33429337 126.76466370
C 56.11229706 53.98986053 126.47853851
C 54.03224945 55.15055084 126.99394989
C 55.08584976 52.99344254 126.69956970
O 57.24296951 53.68629837 126.07520294
C 53.81520462 53.68867874 126.77983856
C 53.07077408 56.13788223 127.44686890
C 55.19095612 51.60872650 126.85125732
C 52.62808990 52.92528534 126.86277771
C 53.34470367 57.52690887 127.72660828
C 51.67903900 55.86911774 127.87234497
C 54.00682449 50.87208939 126.78812408
H 56.15588760 51.11970901 126.83547974
C 52.78322220 51.53866959 126.86592865
H 51.68051529 53.39725113 127.06510162
N 53.54396439 58.67985916 127.95532227
N 50.61677933 55.69650650 128.20776367
H 54.03736115 49.82497406 126.70346832
H 51.95774078 50.90337372 126.83966827
H 55.54924393 57.44342422 126.63610840
C 66.65251160 59.13093185 122.80387115
C 66.08170319 60.02779007 121.86920166
C 66.79720306 57.79135132 122.47378540
C 65.73841095 59.62675095 120.58259583
H 65.87464142 61.06275177 122.10769653
C 66.48551178 57.39166641 121.14144135
H 67.29547882 57.15303421 123.21633911
C 65.91054535 58.28260803 120.15400696
H 65.32352448 60.32477188 119.89937592
H 66.61393738 56.35257721 120.95497131
C 60.61701202 61.80043793 125.55196381
C 59.70970154 61.54279709 124.51937866
C 61.03833771 63.15238953 125.86425018
C 59.17047501 62.56090164 123.73674011
H 59.42554092 60.51235962 124.23915863
C 60.53791428 64.23488617 125.11415100
H 61.67121887 63.36749649 126.66432190
C 59.60691833 63.94253159 124.05979919
H 58.46849823 62.37578964 122.97333527
H 60.81906891 65.19888306 125.30067444
C 61.07981110 60.61359406 127.93350983
C 62.12921143 60.12873077 128.79530334
C 59.88176346 61.10459518 128.52075195
C 61.98389816 60.13520050 130.20732117
H 62.98419189 59.67256927 128.37757874
C 59.72252655 61.02753067 129.93943787
H 59.05890656 61.34112930 127.91660309
C 60.73135376 60.55172729 130.76263428
H 62.83641052 59.85473251 130.85997009
H 58.95271683 61.34263992 130.58673096
C 67.61401367 58.74861526 125.16364288
C 67.31455994 58.47443390 126.48178101
C 68.88903809 58.33863068 124.76828766
C 68.20262909 57.76141739 127.30002594
H 66.33890533 58.74547195 126.89559174
C 69.80975342 57.61781693 125.52280426
H 69.17254639 58.51262283 123.72648621
C 69.43546295 57.30503082 126.81497955
H 67.84106445 57.46373749 128.21907043
H 70.71758270 57.23246002 125.05258179
C 60.58528137 60.51575089 132.25653076
H 59.62906647 60.28280258 132.62153625
H 61.12841415 59.64006042 132.57585144
C 60.96908188 61.85855484 132.90498352
H 62.01106262 62.17229080 132.64660645
H 60.44857407 62.63643646 132.35420227
C 60.61826324 62.07109451 134.43971252
H 59.57951355 62.18629074 134.53080750
H 60.89712143 61.12890244 134.90228271
C 65.43641663 57.79304886 118.78874207
H 65.72868347 56.75276947 118.66088867
H 64.34854126 57.83629608 118.97210693
C 65.82605743 58.73302460 117.64473724
H 65.41973877 58.30452347 116.76269531
H 65.32343292 59.73177338 117.74546814
C 67.38594055 58.79213333 117.34400940
H 67.80426788 59.68585968 117.65658569
H 67.42038727 58.91191864 116.27262115
C 70.35274506 56.53340530 127.69652557
H 70.62007141 57.08780670 128.61616516
H 69.85490417 55.67987823 128.05918884
C 71.65210724 55.99588776 127.11744690
H 72.21212006 55.30348587 127.72201538
H 71.35567474 55.38344193 126.27045441
C 72.80504608 56.93297195 126.73172760
H 72.43003845 57.79441071 126.20113373
H 73.34029388 57.32987213 127.62643433
C 59.12696457 65.10959625 123.26723480
H 58.94039917 64.80963898 122.22575378
H 59.98197174 65.81448364 123.15975189
C 57.88357544 65.80184174 123.82252502
H 57.09564590 65.09078979 124.02972412
H 58.17993546 66.26566315 124.83058167
C 57.30357742 66.81620789 122.79482269
H 56.40338898 67.25296021 123.21170044
H 57.03716278 66.40302277 121.85394287
C 68.20613861 57.46128082 117.58228302
H 67.87461090 56.82727432 118.37850952
H 68.04297638 56.85507584 116.70638275
C 58.21767426 68.04446411 122.72477722
H 59.18122482 67.78278351 122.34997559
H 57.80795670 68.58214569 121.95178986
C 73.86115265 56.15146637 125.86985779
H 74.09195709 55.21422195 126.26382446
H 73.44557190 55.69124222 124.92787170
C 61.41361237 63.14503860 135.08906555
H 62.42535400 62.89982605 134.98521423
H 61.13724899 64.12581635 134.70896912
C 75.20372772 56.90823746 125.75553894
H 75.51504517 56.82836151 126.79023743
H 75.15895081 57.94300079 125.36119843
C 58.32051468 68.97583771 123.96249390
H 58.53122711 68.36285400 124.88811493
H 57.38333893 69.51923370 123.92127228
C 69.72402191 57.70433426 117.63845825
H 69.96681213 58.22597504 118.53404999
H 69.97795868 58.26616669 116.68755341
C 61.19723129 63.12010574 136.65994263
H 60.16928864 63.45982361 136.78738403
H 61.31724167 62.09884262 137.10531616
C 70.57283020 56.45326996 117.63431549
H 70.31216431 55.93036270 116.71216583
H 71.62603760 56.62889481 117.50729370
H 70.27603149 55.84157181 118.48670197
C 59.41481400 70.19641876 123.73984528
H 59.38063431 70.96501160 124.52768707
H 60.49080658 69.88152313 123.57987976
H 59.06683731 70.80972290 122.86516571
C 76.18209839 56.15949249 124.89108276
H 77.16570282 56.71750259 124.79453278
H 76.34969330 55.10101700 125.12133789
H 75.78601837 56.26846695 123.84803009
C 62.16873932 63.92691040 137.45724487
H 63.14081192 63.52638245 137.28732300
H 61.93982697 64.95666504 137.08026123
H 61.98387146 63.80274963 138.50822449
C 74.54510498 61.05859375 118.63337708
C 73.78209686 60.76843262 117.48517609
C 73.72212982 59.46695709 116.93085480
C 74.45946503 58.40974808 117.54578400
C 75.22095490 58.63985062 118.80895996
C 75.25494385 59.95877838 119.32504272
H 74.56072235 62.06768799 119.09425354
H 74.23500061 57.55617523 117.01961517
C 72.72985840 61.68952942 116.86048126
C 72.04595947 60.70461273 115.84505463
C 72.79668427 59.49908829 115.80606079
C 70.95394897 60.75094604 114.96134186
C 70.85935211 59.51896667 114.20603943
S 72.13755035 58.37120819 114.68918610
C 76.20994568 57.70359039 119.51618958
C 76.57734680 58.58275223 120.74110413
C 76.08396149 59.89617157 120.54972839
C 77.47526550 58.48464203 121.78249359
C 77.59577942 59.66410446 122.52816010
S 76.63471985 60.99935532 121.88201141
C 69.86489105 59.49336243 113.25733185
S 69.74221802 61.82445526 114.32943726
S 78.68424225 57.30908585 122.28003693
C 78.49503326 59.51836014 123.57583618
C 69.02725220 60.63823318 113.20883179
C 79.22108459 58.27162933 123.63283539
H 69.72444916 58.67679214 112.53932190
H 78.59581757 60.18434906 124.41420746
C 80.23333740 57.97914505 124.65066528
C 80.37680054 58.06847382 126.00881958
C 79.25884247 58.35580826 126.92912292
C 81.58005524 57.85463333 126.84388733
C 79.76268768 58.31732941 128.27848816
O 78.08535004 58.64801788 126.68441772
C 81.16013336 58.08051300 128.28381348
C 82.90850830 57.62186432 126.44394684
C 78.98317719 58.38467789 129.42240906
C 81.80415344 58.02498245 129.55203247
C 83.35649872 57.61864090 125.07736969
C 83.95071411 57.33586502 127.36278534
C 79.63078308 58.24533844 130.71752930
H 77.86110687 58.32307053 129.23487854
C 81.04975128 58.09528351 130.74794006
H 82.84423065 57.79836273 129.68626404
N 83.71000671 57.58008575 123.97775269
N 84.79243469 57.10393524 128.15826416
H 79.18064117 58.28036880 131.70381165
H 81.61843109 57.95543289 131.69607544
H 81.05493927 57.49646759 124.11997986
C 68.11637115 60.87263870 112.10956573
C 67.08059692 60.23072433 111.46672058
C 66.69029236 58.78224182 111.72277069
C 66.17571259 60.73628235 110.48310852
C 65.57280731 58.48917007 110.85755920
O 67.22363281 58.00252151 112.51849365
C 65.29837036 59.57344055 110.07749176
C 65.97631836 62.07793808 110.00092316
C 64.85139465 57.26967621 110.78544617
C 64.18833923 59.51948929 109.21949005
C 66.38612366 63.22417068 110.67945862
C 64.98305511 62.56499863 109.11378479
C 63.79470825 57.17610550 109.89262390
H 65.11785126 56.38679886 111.29257965
C 63.38043594 58.38802338 109.16776276
H 63.91644287 60.36475754 108.59634399
N 66.78590393 64.21607971 111.16519165
N 64.16893005 63.05476379 108.42504883
H 63.36732864 56.23819733 109.83287811
H 62.53092575 58.30176163 108.53202820
H 68.32426453 61.86206436 111.69089508
C 77.48458862 57.47223282 118.62091827
C 77.60788727 56.24939728 117.96108246
C 78.52567291 58.43807220 118.44729614
C 78.80957794 55.87514114 117.39229584
H 76.83339691 55.47778702 117.98451233
C 79.69380188 58.05095291 117.79434204
H 78.46063995 59.52427673 118.66679382
C 79.90444946 56.76470184 117.33360291
H 78.95288086 54.83252716 117.03755188
H 80.34052277 58.87464142 117.80081177
C 73.39138794 62.85749817 116.07698822
C 73.44277191 63.07631302 114.72182465
C 74.09970856 63.81878662 116.80647278
C 74.27706909 64.00711060 114.13373566
H 72.93729401 62.42910385 114.02586365
C 74.95579529 64.79631805 116.26992798
H 74.15252686 63.87054825 117.88088989
C 75.11055756 64.87731171 114.86449432
H 74.26621246 64.13432312 113.02906036
H 75.47625732 65.43768311 116.95918274
C 71.53136444 62.10032654 117.74987793
C 71.04038239 61.12247467 118.65103149
C 70.98941803 63.35464096 117.79438782
C 70.01496124 61.42727661 119.54138184
H 71.35026550 60.09520721 118.64150238
C 70.01735687 63.75621414 118.67787170
H 71.49947357 64.10398102 117.15018463
C 69.46295929 62.75920486 119.54531097
H 69.56736755 60.59261322 120.19054413
H 69.58631897 64.75469208 118.65857697
C 75.54744720 56.37424088 119.98901367
C 74.17990875 56.20542145 119.73528290
C 76.25191498 55.27257538 120.49413300
C 73.51380157 55.03494644 120.00006104
H 73.57881927 57.03238297 119.43582153
C 75.54987335 54.03519058 120.67218781
H 77.28924561 55.47865677 120.76044464
C 74.20907593 53.85573578 120.38947296
H 72.40476990 54.97632599 119.81386566
H 76.16124725 53.28179169 121.19111633
C 68.34189606 63.12197495 120.38291168
H 68.31502533 62.42413330 121.22866058
H 68.64862823 63.98293686 120.90555573
C 66.96020508 63.26469421 119.75767517
H 67.01425171 64.09930420 119.02761841
H 66.54919434 62.35195541 119.33525085
C 65.80043030 63.63555908 120.73702240
H 65.49636078 62.87934113 121.41143799
H 66.29115295 64.36952209 121.46979523
C 81.23792267 56.45595169 116.59768677
H 82.01832581 56.73740387 117.36058807
H 81.25593567 55.38814545 116.19051361
C 81.57975769 57.37815094 115.39477539
H 81.83653259 58.34346390 115.82496643
H 82.42714691 57.01939774 114.89160919
C 80.48870850 57.39610672 114.24240112
H 79.59591675 57.76563263 114.69869232
H 80.19487000 56.47396088 113.90719604
C 73.40651703 52.54109573 120.67320251
H 72.38378906 52.66577911 120.30327606
H 73.81128693 51.64440155 120.17725372
C 73.42469788 52.26949310 122.18915558
H 74.44710541 51.95859146 122.37381744
H 73.22133636 53.17946243 122.69366455
C 72.40958405 51.21930313 122.63484955
H 71.42121124 51.46533966 122.30260468
H 72.59846497 50.34244537 122.12286377
C 75.86396027 66.01589966 114.20081329
H 75.53633881 66.97735596 114.61673737
H 75.47258759 66.02758026 113.19097900
C 77.40284729 65.81652832 114.11026764
H 77.85529327 65.56316376 115.12548065
H 77.64910126 65.06119537 113.44135284
C 78.18498230 66.99862671 113.47098541
H 77.64170837 67.35440826 112.65574646
H 79.12933350 66.78857422 113.01275635
C 80.91117859 58.14044952 112.96849823
H 81.25262451 59.09507370 113.24086761
H 81.68898010 57.67291641 112.44132233
C 78.54385376 68.05376434 114.52603912
H 77.70520020 68.33312988 115.12456512
H 79.26059723 67.71788025 115.17523956
C 72.38408661 50.94139862 124.17065430
H 73.38316345 50.62225723 124.51964569
H 72.21533203 51.86384964 124.73262787
C 64.55950165 64.35842133 120.17024231
H 64.80919647 65.37306213 119.76959991
H 64.14299011 63.76563263 119.37686157
C 71.33128357 49.84848404 124.50548553
H 70.33209991 50.21350861 124.02636719
H 71.17495728 49.82042694 125.54202271
C 79.21318054 69.33724976 113.93994141
H 78.60537720 69.81956482 113.16312408
H 80.13457489 69.07080841 113.45455933
C 79.67937469 58.45302200 112.06535339
H 79.04518127 59.02849579 112.66093445
H 78.99963379 57.57061005 111.98284912
C 63.58258438 64.53480530 121.33390808
H 63.23500061 63.55045700 121.72897339
H 64.13260651 64.97756195 122.20106506
C 80.02288818 59.08852768 110.71693420
H 79.09984589 59.58244324 110.37839508
H 80.66394806 59.98073578 110.83113861
H 80.41064453 58.32748413 110.03054810
C 79.59288025 70.39496613 114.96413422
H 79.56855774 71.43945312 114.62493896
H 79.03693390 70.33822632 115.85626984
H 80.43818665 70.16426849 115.54656219
C 71.66294861 48.37703705 123.99764252
H 72.76697540 48.17352676 124.14459991
H 71.18393707 47.62321854 124.64447784
H 71.39064026 48.19169998 122.95506287
C 62.30054474 65.18032837 120.92596436
H 62.46727371 66.26195526 120.71454620
H 61.76397324 64.70899200 120.15213776
H 61.58900452 65.23966217 121.70645905
",0.000
5,"372

C 74.54510498 61.05859375 118.63337708
C 73.78209686 60.76843262 117.48517609
C 73.72212982 59.46695709 116.93085480
C 74.45946503 58.40974808 117.54578400
C 75.22095490 58.63985062 118.80895996
C 75.25494385 59.95877838 119.32504272
H 74.56072235 62.06768799 119.09425354
H 74.23500061 57.55617523 117.01961517
C 72.72985840 61.68952942 116.86048126
C 72.04595947 60.70461273 115.84505463
C 72.79668427 59.49908829 115.80606079
C 70.95394897 60.75094604 114.96134186
C 70.85935211 59.51896667 114.20603943
S 72.13755035 58.37120819 114.68918610
C 76.20994568 57.70359039 119.51618958
C 76.57734680 58.58275223 120.74110413
C 76.08396149 59.89617157 120.54972839
C 77.47526550 58.48464203 121.78249359
C 77.59577942 59.66410446 122.52816010
S 76.63471985 60.99935532 121.88201141
C 69.86489105 59.49336243 113.25733185
S 69.74221802 61.82445526 114.32943726
S 78.68424225 57.30908585 122.28003693
C 78.49503326 59.51836014 123.57583618
C 69.02725220 60.63823318 113.20883179
C 79.22108459 58.27162933 123.63283539
H 69.72444916 58.67679214 112.53932190
H 78.59581757 60.18434906 124.41420746
C 80.23333740 57.97914505 124.65066528
C 80.37680054 58.06847382 126.00881958
C 79.25884247 58.35580826 126.92912292
C 81.58005524 57.85463333 126.84388733
C 79.76268768 58.31732941 128.27848816
O 78.08535004 58.64801788 126.68441772
C 81.16013336 58.08051300 128.28381348
C 82.90850830 57.62186432 126.44394684
C 78.98317719 58.38467789 129.42240906
C 81.80415344 58.02498245 129.55203247
C 83.35649872 57.61864090 125.07736969
C 83.95071411 57.33586502 127.36278534
C 79.63078308 58.24533844 130.71752930
H 77.86110687 58.32307053 129.23487854
C 81.04975128 58.09528351 130.74794006
H 82.84423065 57.79836273 129.68626404
N 83.71000671 57.58008575 123.97775269
N 84.79243469 57.10393524 128.15826416
H 79.18064117 58.28036880 131.70381165
H 81.61843109 57.95543289 131.69607544
H 81.05493927 57.49646759 124.11997986
C 68.11637115 60.87263870 112.10956573
C 67.08059692 60.23072433 111.46672058
C 66.69029236 58.78224182 111.72277069
C 66.17571259 60.73628235 110.48310852
C 65.57280731 58.48917007 110.85755920
O 67.22363281 58.00252151 112.51849365
C 65.29837036 59.57344055 110.07749176
C 65.97631836 62.07793808 110.00092316
C 64.85139465 57.26967621 110.78544617
C 64.18833923 59.51948929 109.21949005
C 66.38612366 63.22417068 110.67945862
C 64.98305511 62.56499863 109.11378479
C 63.79470825 57.17610550 109.89262390
H 65.11785126 56.38679886 111.29257965
C 63.38043594 58.38802338 109.16776276
H 63.91644287 60.36475754 108.59634399
N 66.78590393 64.21607971 111.16519165
N 64.16893005 63.05476379 108.42504883
H 63.36732864 56.23819733 109.83287811
H 62.53092575 58.30176163 108.53202820
H 68.32426453 61.86206436 111.69089508
C 77.48458862 57.47223282 118.62091827
C 77.60788727 56.24939728 117.96108246
C 78.52567291 58.43807220 118.44729614
C 78.80957794 55.87514114 117.39229584
H 76.83339691 55.47778702 117.98451233
C 79.69380188 58.05095291 117.79434204
H 78.46063995 59.52427673 118.66679382
C 79.90444946 56.76470184 117.33360291
H 78.95288086 54.83252716 117.03755188
H 80.34052277 58.87464142 117.80081177
C 73.39138794 62.85749817 116.07698822
C 73.44277191 63.07631302 114.72182465
C 74.09970856 63.81878662 116.80647278
C 74.27706909 64.00711060 114.13373566
H 72.93729401 62.42910385 114.02586365
C 74.95579529 64.79631805 116.26992798
H 74.15252686 63.87054825 117.88088989
C 75.11055756 64.87731171 114.86449432
H 74.26621246 64.13432312 113.02906036
H 75.47625732 65.43768311 116.95918274
C 71.53136444 62.10032654 117.74987793
C 71.04038239 61.12247467 118.65103149
C 70.98941803 63.35464096 117.79438782
C 70.01496124 61.42727661 119.54138184
H 71.35026550 60.09520721 118.64150238
C 70.01735687 63.75621414 118.67787170
H 71.49947357 64.10398102 117.15018463
C 69.46295929 62.75920486 119.54531097
H 69.56736755 60.59261322 120.19054413
H 69.58631897 64.75469208 118.65857697
C 75.54744720 56.37424088 119.98901367
C 74.17990875 56.20542145 119.73528290
C 76.25191498 55.27257538 120.49413300
C 73.51380157 55.03494644 120.00006104
H 73.57881927 57.03238297 119.43582153
C 75.54987335 54.03519058 120.67218781
H 77.28924561 55.47865677 120.76044464
C 74.20907593 53.85573578 120.38947296
H 72.40476990 54.97632599 119.81386566
H 76.16124725 53.28179169 121.19111633
C 68.34189606 63.12197495 120.38291168
H 68.31502533 62.42413330 121.22866058
H 68.64862823 63.98293686 120.90555573
C 66.96020508 63.26469421 119.75767517
H 67.01425171 64.09930420 119.02761841
H 66.54919434 62.35195541 119.33525085
C 65.80043030 63.63555908 120.73702240
H 65.49636078 62.87934113 121.41143799
H 66.29115295 64.36952209 121.46979523
C 81.23792267 56.45595169 116.59768677
H 82.01832581 56.73740387 117.36058807
H 81.25593567 55.38814545 116.19051361
C 81.57975769 57.37815094 115.39477539
H 81.83653259 58.34346390 115.82496643
H 82.42714691 57.01939774 114.89160919
C 80.48870850 57.39610672 114.24240112
H 79.59591675 57.76563263 114.69869232
H 80.19487000 56.47396088 113.90719604
C 73.40651703 52.54109573 120.67320251
H 72.38378906 52.66577911 120.30327606
H 73.81128693 51.64440155 120.17725372
C 73.42469788 52.26949310 122.18915558
H 74.44710541 51.95859146 122.37381744
H 73.22133636 53.17946243 122.69366455
C 72.40958405 51.21930313 122.63484955
H 71.42121124 51.46533966 122.30260468
H 72.59846497 50.34244537 122.12286377
C 75.86396027 66.01589966 114.20081329
H 75.53633881 66.97735596 114.61673737
H 75.47258759 66.02758026 113.19097900
C 77.40284729 65.81652832 114.11026764
H 77.85529327 65.56316376 115.12548065
H 77.64910126 65.06119537 113.44135284
C 78.18498230 66.99862671 113.47098541
H 77.64170837 67.35440826 112.65574646
H 79.12933350 66.78857422 113.01275635
C 80.91117859 58.14044952 112.96849823
H 81.25262451 59.09507370 113.24086761
H 81.68898010 57.67291641 112.44132233
C 78.54385376 68.05376434 114.52603912
H 77.70520020 68.33312988 115.12456512
H 79.26059723 67.71788025 115.17523956
C 72.38408661 50.94139862 124.17065430
H 73.38316345 50.62225723 124.51964569
H 72.21533203 51.86384964 124.73262787
C 64.55950165 64.35842133 120.17024231
H 64.80919647 65.37306213 119.76959991
H 64.14299011 63.76563263 119.37686157
C 71.33128357 49.84848404 124.50548553
H 70.33209991 50.21350861 124.02636719
H 71.17495728 49.82042694 125.54202271
C 79.21318054 69.33724976 113.93994141
H 78.60537720 69.81956482 113.16312408
H 80.13457489 69.07080841 113.45455933
C 79.67937469 58.45302200 112.06535339
H 79.04518127 59.02849579 112.66093445
H 78.99963379 57.57061005 111.98284912
C 63.58258438 64.53480530 121.33390808
H 63.23500061 63.55045700 121.72897339
H 64.13260651 64.97756195 122.20106506
C 80.02288818 59.08852768 110.71693420
H 79.09984589 59.58244324 110.37839508
H 80.66394806 59.98073578 110.83113861
H 80.41064453 58.32748413 110.03054810
C 79.59288025 70.39496613 114.96413422
H 79.56855774 71.43945312 114.62493896
H 79.03693390 70.33822632 115.85626984
H 80.43818665 70.16426849 115.54656219
C 71.66294861 48.37703705 123.99764252
H 72.76697540 48.17352676 124.14459991
H 71.18393707 47.62321854 124.64447784
H 71.39064026 48.19169998 122.95506287
C 62.30054474 65.18032837 120.92596436
H 62.46727371 66.26195526 120.71454620
H 61.76397324 64.70899200 120.15213776
H 61.58900452 65.23966217 121.70645905
C 64.46438599 69.57932281 114.65189362
C 64.49356079 69.47795105 113.21122742
C 65.10067749 68.33530426 112.64701080
C 65.62666321 67.27831268 113.41090393
C 65.75656891 67.53689575 114.77460480
C 65.14205933 68.66641998 115.41530609
H 63.99912643 70.45001221 115.03335571
H 66.17248535 66.47624207 112.98707581
C 63.95629883 70.40939331 112.08774567
C 64.55801392 69.68477631 110.85647583
C 65.09498596 68.49826813 111.22886658
C 64.69931793 69.94501495 109.51044464
C 65.34499359 68.85240173 108.88666534
S 65.75917053 67.52878571 109.94363403
C 66.62409973 66.71407318 115.77205658
C 66.35564423 67.58126831 117.04499817
C 65.40233612 68.59908295 116.81077576
C 66.78000641 67.60147858 118.35366821
C 66.07180023 68.56738281 119.15178680
S 64.98320770 69.58892059 118.19598389
C 65.56211853 69.10964203 107.57557678
S 64.20085907 71.17517853 108.43653107
S 67.99628448 66.77619934 119.33123779
C 66.40307617 68.55104828 120.50706482
C 64.99057770 70.28685760 107.06696320
C 67.41034698 67.62789154 120.79590607
H 66.17352295 68.50535583 106.92224884
H 66.05641937 69.09943390 121.28049469
C 67.89704895 67.46965027 122.14469910
C 67.40869141 67.40053558 123.44146729
C 65.91040802 67.35569000 123.74179077
C 68.11483002 67.19573975 124.73950195
C 65.73481750 67.29685211 125.16426086
O 64.99215698 67.38769531 122.89520264
C 67.00003052 67.16522980 125.80944824
C 69.47606659 67.23764801 124.99821472
C 64.53433990 67.32578278 125.94169617
C 67.02111816 67.01063538 127.21921539
C 70.53254700 67.38646698 124.08595276
C 70.00515747 67.07221222 126.31084442
C 64.59184265 67.06044006 127.28893280
H 63.60971832 67.34537506 125.49220276
C 65.78026581 66.84521484 127.92270660
H 67.95386505 66.80112457 127.74811554
N 71.36564636 67.60289001 123.32514954
N 70.48079681 66.98346710 127.32295227
H 63.65604019 67.02005005 127.87631226
H 65.66974640 66.67519379 129.02236938
H 68.91757202 67.38954926 122.01135254
C 64.99487305 70.44076538 105.64933777
C 64.11878204 70.85067749 104.66036224
C 62.73311996 71.32830811 104.92724609
C 64.30924988 70.92810822 103.12275696
C 62.19971085 71.83945465 103.64934540
O 62.27015305 71.43988037 106.07735443
C 63.08737183 71.56953430 102.58703613
C 65.43254089 70.47223663 102.31188202
C 60.97890854 72.47904205 103.35526276
C 62.65594864 71.90715790 101.25016022
C 66.67792511 70.08600616 102.84829712
C 65.44274139 70.38964844 100.89554596
C 60.50424576 72.81591797 102.04408264
H 60.33140564 72.52645874 104.23080444
C 61.31476212 72.44689941 100.99296570
H 63.26163483 71.72305298 100.34070587
N 67.71156311 69.69358063 103.20246887
N 65.46201324 70.31253052 99.74972534
H 59.51600647 73.33087158 101.96673584
H 61.08268356 72.63692474 99.96881866
H 66.04324341 70.20353699 105.25923920
C 68.11912537 66.86064148 115.32418060
C 69.08598328 65.98669434 115.80678558
C 68.58289337 67.92480469 114.54357147
C 70.43773651 66.03601837 115.34409332
H 68.86022186 65.19964600 116.50867462
C 69.87491608 67.91266632 114.02415466
H 67.84317017 68.59848785 114.21066284
C 70.82859039 67.00468445 114.41928101
H 71.19345093 65.29492188 115.76414490
H 70.04420471 68.68176270 113.30350494
C 64.35555267 71.87306213 112.21092224
C 63.66676712 72.75618744 113.09535217
C 65.55495453 72.35150909 111.61560059
C 64.21060181 74.01912689 113.39665985
H 62.74265289 72.59790039 113.60668182
C 66.08733368 73.66120148 111.88206482
H 66.06191254 71.71185303 110.95805359
C 65.37104797 74.46359253 112.80646515
H 63.65509033 74.64019012 114.07857513
H 67.04625702 73.96033478 111.46445465
C 62.35053635 70.24037933 111.90956116
C 61.73432922 70.99295044 110.86437225
C 61.53117752 69.47396851 112.77801514
C 60.36771011 70.88183594 110.65499115
H 62.36600876 71.60115814 110.29844666
C 60.09058380 69.52552032 112.68507385
H 61.91070938 68.97283936 113.61515045
C 59.51998520 70.20430756 111.57047272
H 59.86324692 71.36368561 109.81821442
H 59.54651260 68.95630646 113.35816193
C 66.06053162 65.18461609 115.82894897
C 66.61852264 64.13107300 115.07534790
C 64.90786743 64.90740967 116.57135773
C 66.04300690 62.89189911 115.07817078
H 67.49770355 64.18859863 114.40078735
C 64.22712708 63.67873764 116.56513214
H 64.33660126 65.78219604 116.99382019
C 64.83972931 62.65153122 115.80989075
H 66.45425415 62.13759232 114.48227692
H 63.28356171 63.64162827 117.08795166
C 58.01960754 70.41149902 111.44805145
H 57.69691849 70.55987549 110.44682312
H 57.57985306 69.52175903 111.73825836
C 57.43599319 71.45471954 112.34176636
H 56.29775238 71.44651031 112.33575439
H 57.91144562 71.31903076 113.31315613
C 57.69852448 72.93996429 111.93342590
H 58.64967728 73.07646179 111.52968597
H 56.97017288 73.10623932 111.11788940
C 72.17134857 66.99063110 113.70275116
H 72.51363373 68.01168060 113.59468842
H 72.92362976 66.43511963 114.26210785
C 72.27594757 66.47096252 112.24971008
H 71.80947113 67.16386414 111.59732819
H 73.26374817 66.45753479 112.01605225
C 71.72868347 65.05778503 112.00961304
H 70.74378204 64.98406982 112.45343018
H 72.29972839 64.34295654 112.56418610
C 64.14426422 61.31221390 115.83599091
H 64.85092926 60.51011276 115.60218811
H 63.83724213 61.05811691 116.83576965
C 62.82325745 61.25763321 115.00864410
H 62.36198807 60.35142136 115.23701477
H 62.02326584 61.93387604 115.37947083
C 63.14518738 61.27043152 113.46426392
H 63.80184937 62.09859085 113.39420319
H 63.62171555 60.33184814 113.17737579
C 65.87962341 75.81991577 113.24949646
H 66.95335388 75.79145813 113.09409332
H 65.67719269 75.98144531 114.29998779
C 65.46789551 77.02124023 112.47985077
H 66.14451599 77.84799957 112.80849457
H 65.57131195 76.93874359 111.39031982
C 64.03099823 77.40657806 112.83856201
H 63.76951981 77.20023346 113.87866211
H 63.41926575 76.82588959 112.19129181
C 71.89495087 64.61977386 110.58597565
H 71.32875061 65.17423248 109.86782074
H 72.86426544 64.82883453 110.17950439
C 63.78881836 78.89025116 112.48088837
H 64.37761688 79.54119873 113.18029022
H 64.13983154 79.06265259 111.46103668
C 61.80282211 61.36766052 112.64706421
H 61.28162003 60.41948700 112.63492584
H 61.15822220 61.96819687 113.20088196
C 57.42006302 73.89920044 113.06295013
H 56.37398529 73.97531891 113.34790039
H 58.05393219 73.58215332 113.93760681
C 61.98946381 61.87807083 111.20826721
H 62.41664886 61.07251358 110.62751007
H 62.68893814 62.72264481 111.10272217
C 62.28444290 79.23699188 112.51743317
H 61.84494019 79.06292725 113.50903320
H 61.68294144 78.62964630 111.80261993
C 71.58779907 63.16802597 110.24163818
H 70.58237457 63.00732803 110.54400635
H 72.12265778 62.41448212 110.89477539
C 57.71942902 75.32089996 112.59041595
H 58.73064041 75.38854980 112.22989655
H 57.23033524 75.43650818 111.57966614
C 71.97937012 62.86412430 108.77548981
H 72.03207397 61.75370026 108.62842560
H 71.25769806 63.41408920 108.10580444
H 72.95032501 63.15342331 108.60112762
C 61.88350677 80.72087860 112.29547882
H 61.57714081 80.83157349 111.21096039
H 60.93669891 80.83934784 112.85139465
H 62.66758728 81.45593262 112.52726746
C 60.67112732 61.93628693 110.53200531
H 60.21494675 60.99337769 110.25691223
H 59.99576569 62.42979050 111.27237701
H 60.77334595 62.46044159 109.51737976
C 57.40352249 76.37305450 113.63874054
H 56.83205414 76.01648712 114.52946472
H 58.32550812 76.79109955 113.99041748
H 56.73909760 77.07746887 113.18551636
",0.000
6,"372

C 137.24227905 116.90655518 123.98375702
C 137.41308594 116.77835083 125.43899536
C 138.15280151 115.66708374 125.97748566
C 138.63723755 114.63990784 125.18182373
C 138.54954529 114.78198242 123.74463654
C 137.88270569 115.95403290 123.19610596
H 136.73081970 117.75893402 123.62035370
H 139.19438171 113.82285309 125.60606384
C 136.94735718 117.69447327 126.54312897
C 137.74658203 117.12245178 127.76959991
C 138.29486084 115.88304138 127.42067719
C 137.94618225 117.30106354 129.16625977
C 138.78796387 116.33902740 129.79608154
S 139.11999512 115.01127625 128.71032715
C 139.16047668 113.92465973 122.60337830
C 138.82550049 114.87647247 121.38684082
C 138.03590393 115.94898987 121.77255249
C 139.21423340 114.89960480 120.04018402
C 138.57670593 115.97583008 119.39718628
S 137.57519531 116.98503876 120.48019409
C 139.04927063 116.63012695 131.16517639
S 137.43305969 118.52027130 130.31599426
S 140.21113586 113.89142609 118.91724396
C 138.82704163 116.01303864 118.02692413
C 138.53768921 117.84327698 131.53958130
C 139.74827576 115.00112915 117.66919708
H 139.46769714 115.90503693 131.84454346
H 138.39033508 116.73856354 117.29096222
C 139.91665649 114.80801392 116.26962280
C 140.28659058 115.57926178 115.14836121
C 140.85411072 116.94730377 115.16699982
C 140.30010986 115.14704132 113.70845795
C 141.10722351 117.38685608 113.72988129
O 141.09260559 117.57102203 116.15765381
C 140.75173950 116.35517120 112.82840729
C 139.81575012 113.94498444 113.13913727
C 141.58233643 118.60513306 113.26530457
C 140.94483948 116.53430939 111.40635681
C 139.20156860 112.90368652 113.83145142
C 140.17782593 113.55416107 111.79088593
C 141.71952820 118.85325623 111.91175079
H 141.86567688 119.42899323 113.89245605
C 141.49955750 117.76568604 110.99234009
H 140.62950134 115.83446503 110.69339752
N 138.64520264 112.14423370 114.45723724
N 140.47912598 113.19641113 110.71457672
H 142.04754639 119.87668610 111.57656097
H 141.76295471 117.76216125 109.98892212
H 139.80708313 113.78253937 116.03611755
C 138.85760498 118.34281921 132.86703491
C 139.89727783 118.31902313 133.85539246
C 141.20919800 117.62142944 133.63438416
C 139.94569397 118.98749542 135.17492676
C 142.08407593 117.88564301 134.79536438
O 141.53971863 116.95722198 132.66410828
C 141.33468628 118.71271515 135.66366577
C 138.89915466 119.79201508 135.79837036
C 143.41418457 117.38542938 135.00158691
C 141.95857239 119.00096130 136.85472107
C 137.60784912 119.99935150 135.31356812
C 139.10417175 120.57856750 136.93995667
C 143.98387146 117.64525604 136.25721741
H 143.93898010 116.72165680 134.37823486
C 143.20401001 118.41049194 137.19908142
H 141.61799622 119.72025299 137.54454041
N 136.52990723 120.19179535 134.89669800
N 139.26170349 121.15071869 137.92532349
H 144.91950989 117.20617676 136.44952393
H 143.61526489 118.76786804 138.13925171
H 137.95643616 118.90938568 133.00244141
C 138.47386169 112.53958893 122.35352325
C 138.96029663 111.71201324 121.27033997
C 137.22694397 112.15153503 122.90612793
C 138.28059387 110.55552673 120.86376190
H 139.89292908 111.89943695 120.67549133
C 136.50218201 111.02496338 122.50979614
H 136.84420776 112.78477478 123.66396332
C 137.10275269 110.15087891 121.52929688
H 138.64730835 109.91284943 120.06586456
H 135.63761902 110.70382690 123.06002808
C 135.38000488 117.60547638 126.80490112
C 134.47724915 117.06914520 125.87509155
C 134.72518921 118.15119934 127.96265411
C 133.05046082 116.81947327 126.09790039
H 134.88023376 116.71488190 124.98151398
C 133.35197449 117.82255554 128.27352905
H 135.32392883 118.80198669 128.69773865
C 132.54550171 117.16679382 127.36379242
H 132.49964905 116.30875397 125.32038116
H 132.95002747 118.03129578 129.26644897
C 137.37771606 119.18934631 126.14209747
C 138.65867615 119.68963623 126.28351593
C 136.42391968 119.94552612 125.45326233
C 138.99490356 121.00206757 125.85841370
H 139.29859924 119.06925964 126.79927826
C 136.75999451 121.19354248 124.91947937
H 135.51148987 119.46297455 125.24215698
C 138.02198792 121.73386383 125.23180389
H 139.99502563 121.40760040 126.04219818
H 135.95933533 121.69557190 124.37075043
C 140.63023376 113.83776855 122.92935944
C 141.16015625 112.77054596 123.76165771
C 141.55282593 114.83405304 122.50156403
C 142.49421692 112.66949463 124.07473755
H 140.51347351 111.91863251 124.07573700
C 142.92475891 114.63483429 122.79782104
H 141.20639038 115.75626373 122.05996704
C 143.37669373 113.58304596 123.56038666
H 142.87911987 111.83104706 124.66737366
H 143.61155701 115.41092682 122.49571991
C 138.27815247 123.14440155 124.88484192
H 139.25358582 123.47497559 125.06713104
H 138.20034790 123.19287872 123.77656555
C 137.30635071 124.20996094 125.54885864
H 136.40904236 124.11569977 124.99921417
H 137.18457031 123.82286835 126.56906128
C 138.00080872 125.56354523 125.55973816
H 138.62019348 125.75775909 126.43225861
H 138.73934937 125.60736847 124.71999359
C 136.38508606 108.91561890 121.03447723
H 135.34175110 109.11862946 120.84333801
H 136.85850525 108.58538055 120.07907867
C 136.52421570 107.69931030 121.99556732
H 137.59503174 107.50366974 122.01886749
H 136.29641724 107.99909973 122.95536041
C 135.72219849 106.48851776 121.54030609
H 136.03425598 106.18470764 120.57591248
H 134.72605896 106.86049652 121.33106995
C 144.85379028 113.42924500 123.83441925
H 145.19497681 112.40998077 123.76731110
H 145.34748840 113.98458862 123.02925873
C 145.24484253 114.09007263 125.16286469
H 144.80073547 115.06949615 125.30796051
H 144.92599487 113.40103149 125.93651581
C 146.81245422 114.31800842 125.22149658
H 147.38272095 113.48923492 125.03670502
H 147.01712036 115.03470612 124.44779968
C 131.14955139 116.80375671 127.76398468
H 130.99455261 115.73702240 127.86845398
H 130.52825928 116.97605896 126.91835022
C 130.43650818 117.38034058 129.03390503
H 129.40435791 116.99835968 129.22520447
H 130.97863770 117.05950165 129.91273499
C 130.25288391 118.92815399 128.88227844
H 129.65325928 119.23058319 128.04368591
H 131.17597961 119.34408569 128.74888611
C 135.89472961 105.38906860 122.57684326
H 136.95265198 105.18734741 122.89134216
H 135.33877563 105.62958527 123.52166748
C 129.67462158 119.55400848 130.18255615
H 129.96655273 119.14764404 131.11897278
H 130.06321716 120.52839661 130.14379883
C 147.29809570 114.99311066 126.49852753
H 146.64758301 115.84794617 126.72637177
H 147.17015076 114.35249329 127.32324219
C 136.97914124 126.75793457 125.54515076
H 136.42059326 126.88662720 124.63597870
H 136.29023743 126.52810669 126.35224152
C 148.74328613 115.58486176 126.45053101
H 148.80525208 115.89341736 125.50872803
H 149.56222534 114.84906769 126.56031036
C 128.12110901 119.70217896 130.24191284
H 127.51824951 118.74096680 130.38427734
H 127.73262024 120.03683472 129.29640198
C 135.32911682 104.09983063 122.04433441
H 134.29469299 104.20896912 121.80528259
H 135.51112366 103.30394745 122.76798248
C 137.67123413 128.17149353 125.67876434
H 138.17070007 128.26774597 126.62990570
H 138.24559021 128.34477234 124.83704376
C 136.08415222 103.57502747 120.85964203
H 136.12319946 104.22119904 120.03340912
H 137.16741943 103.26689148 121.03453827
H 135.59864807 102.64078522 120.52767944
C 127.71665955 120.81676483 131.30546570
H 128.36215210 121.69731140 131.17228699
H 126.77389526 121.26962280 131.14854431
H 128.00122070 120.40821838 132.28247070
C 148.93594360 116.73434448 127.49063110
H 148.87574768 117.74909210 127.04330444
H 148.14015198 116.62718964 128.31143188
H 149.96588135 116.68933868 127.95539856
C 136.63041687 129.30349731 125.72628021
H 136.25837708 129.44113159 126.76141357
H 137.01986694 130.26109314 125.53129578
H 135.75378418 129.24887085 125.16426849
C 130.89483643 125.10743713 116.94657898
C 131.86662292 125.77758026 117.61817169
C 133.22586060 125.36911774 117.48107910
C 133.69265747 124.31885529 116.66914368
C 132.74694824 123.66889954 115.92182922
C 131.36006165 123.98525238 116.11698914
H 129.89260864 125.31128693 117.03667450
H 134.69540405 123.97003937 116.62834930
C 131.73660278 126.82992554 118.71341705
C 133.18220520 127.19710541 118.96600342
C 134.01879883 126.22805786 118.31277466
C 133.98281860 128.13018799 119.57860565
C 135.36224365 127.90377808 119.40820312
S 135.72787476 126.46588898 118.57622528
C 132.83251953 122.52662659 114.84606171
C 131.36140442 122.09759521 114.77023315
C 130.54087830 123.07292938 115.38434601
C 130.63584900 121.00586700 114.33435822
C 129.23101807 121.17307281 114.36232758
S 128.90093994 122.80310059 115.01396179
C 136.11322021 128.97117615 119.95223236
S 133.66795349 129.57421875 120.49232483
S 131.04571533 119.34358215 113.93471527
C 128.53372192 120.08353424 113.85957336
C 135.39712524 129.93226624 120.70106506
C 129.39576721 119.08242798 113.35247803
H 137.16078186 129.19551086 119.90584564
H 127.53435516 120.06571960 113.73470306
C 128.80397034 117.84558105 112.82579803
C 127.86689758 117.43535614 111.88443756
C 127.24090576 118.41724396 110.93625641
C 127.39197540 116.08300018 111.48300934
C 126.29981232 117.66278839 110.03008270
O 127.32777405 119.62733459 110.85296631
C 126.50131989 116.25238037 110.27159882
C 127.73509216 114.84375763 112.10726929
C 125.40296173 118.12192535 109.00737000
C 125.86452484 115.34740448 109.44264984
C 128.28417969 114.67945099 113.46544647
C 127.45541382 113.56264496 111.53823853
C 124.83442688 117.18361664 108.15193939
H 125.34239960 119.14461517 108.76455688
C 125.02096558 115.81375122 108.33708191
H 125.83831024 114.27586365 109.58846283
N 128.71087646 114.53750610 114.53486633
N 127.23274994 112.55498505 110.98362732
H 124.12452698 117.48394775 107.35783386
H 124.41027832 115.00565338 107.93207550
H 129.32270813 116.94603729 113.18830109
C 136.03991699 131.16561890 121.12209320
C 137.12385559 131.45005798 121.89784241
C 137.95442200 130.36380005 122.51529694
C 137.76304626 132.77478027 122.28839111
C 139.02532959 130.99028015 123.31756592
O 137.82176208 129.12403870 122.42513275
C 138.97119141 132.39332581 123.16069794
C 137.31657410 134.05484009 121.86553192
C 139.97566223 130.34753418 124.18325806
C 139.94180298 133.14457703 123.81147003
C 136.24156189 134.38485718 120.92850494
C 137.82348633 135.35031128 122.36011505
C 141.05770874 131.09989929 124.69557190
H 139.99096680 129.25717163 124.35012054
C 140.96080017 132.49971008 124.57722473
H 139.86656189 134.21949768 123.92864227
N 135.39671326 134.54521179 120.17598724
N 138.11590576 136.38964844 122.78961945
H 141.74142456 130.69837952 125.48046112
H 141.65382385 133.12724304 125.06194305
H 135.33792114 131.93357849 120.83493042
C 133.66246033 121.31029510 115.29114532
C 134.42085266 120.50837708 114.39907074
C 133.51437378 120.83228302 116.59315491
C 135.00634766 119.29745483 114.80152130
H 134.41334534 120.63555145 113.34323883
C 134.24003601 119.72164154 117.05104828
H 132.93664551 121.34337616 117.29371643
C 134.97994995 118.96199036 116.16392517
H 135.52421570 118.60016632 114.11552429
H 134.15357971 119.39196014 118.06662750
C 131.00753784 126.26352692 119.94642639
C 129.60850525 125.96977234 119.92436218
C 131.67922974 126.14196014 121.16676331
C 128.92298889 125.71387482 121.10797882
H 129.09069824 126.03288269 118.94206238
C 130.98181152 125.90589142 122.35778046
H 132.69653320 126.49436951 121.22383118
C 129.57502747 125.73646545 122.33322906
H 127.85678864 125.50643158 120.98625183
H 131.49597168 125.93106842 123.25256348
C 131.18899536 128.20330811 118.23041534
C 131.36483765 128.54489136 116.91522217
C 130.43841553 129.06581116 119.11447906
C 131.08110046 129.83532715 116.41023254
H 131.96466064 127.91456604 116.24499512
C 130.15856934 130.34283447 118.62065125
H 130.16236877 128.79339600 120.21015167
C 130.46852112 130.76023865 117.32189178
H 131.48402405 130.11660767 115.44488525
H 129.66314697 131.08331299 119.26369476
C 133.41836548 123.01988983 113.49328613
C 132.90910339 122.51397705 112.28227997
C 134.44786072 123.99108124 113.44353485
C 133.31137085 123.07935333 111.07673645
H 132.19619751 121.74343109 112.21744537
C 134.99044800 124.31492615 112.15766907
H 134.78491211 124.38558197 114.34834290
C 134.36749268 123.90930176 110.96981049
H 132.74542236 122.77391052 110.20860291
H 135.74452209 125.05200195 112.18428802
C 130.32473755 132.20207214 116.85059357
H 130.07498169 132.24880981 115.75246429
H 129.41819763 132.61384583 117.34325409
C 131.40788269 133.19892883 117.32408905
H 131.74807739 133.91931152 116.53547668
H 131.07051086 133.92259216 118.11642456
C 132.79989624 132.70935059 117.81414795
H 133.23431396 133.56510925 118.40499115
H 132.58757019 131.95953369 118.52993774
C 135.73709106 117.69431305 116.54805756
H 136.70277405 117.69546509 115.98796844
H 135.80015564 117.58718109 117.59032440
C 134.99325562 116.42291260 116.06684875
H 134.66816711 116.30740356 115.06165314
H 135.64280701 115.57428741 116.07930756
C 133.91235352 115.81568146 117.02041626
H 132.97351074 116.36476898 116.94975281
H 134.25724792 115.86605835 118.07406616
C 134.84129333 124.27595520 109.61242676
H 135.78025818 124.69321442 109.55279541
H 135.05033875 123.36804199 109.10449219
C 133.92376709 125.09330750 108.75509644
H 134.49969482 125.97953033 108.47802734
H 133.55506897 124.63268280 107.81055450
C 132.67579651 125.66117096 109.46341705
H 131.96278381 124.97596741 109.86037445
H 133.04002380 126.09086609 110.44734192
C 128.74467468 125.73777008 123.63920593
H 127.71871948 125.83693695 123.36248016
H 129.00320435 126.51539612 124.37093353
C 128.98043823 124.38453674 124.35043335
H 128.99157715 123.57413483 123.64456940
H 130.03137207 124.59455872 124.66081238
C 128.10049438 124.08964539 125.61521912
H 127.07023621 124.11432648 125.32461548
H 128.09959412 124.89210510 126.37347412
C 133.50785828 114.33698273 116.81582642
H 134.36175537 113.73894501 117.04108429
H 132.53581238 114.04125977 117.17034149
C 128.38580322 122.66062927 126.14245605
H 127.42903900 122.15740204 126.51109314
H 128.49571228 122.12215424 125.25685120
C 131.88690186 126.79407501 108.81243134
H 131.25439453 127.33942413 109.49575043
H 132.58395386 127.58438873 108.57971191
C 133.82188416 132.22248840 116.73616791
H 133.40083313 131.28784180 116.33992767
H 133.93566895 132.78990173 115.82276154
C 131.29220581 126.45765686 107.46103668
H 130.64192200 125.59099579 107.50143433
H 132.10192871 126.13085175 106.79759216
C 129.49783325 122.56271362 127.18511963
H 130.36711121 123.09696198 126.95636749
H 129.81719971 121.46257019 127.09442139
C 133.11300659 114.06784058 115.37451172
H 134.07676697 114.01227570 114.90460205
H 132.57688904 114.98847198 115.03408813
C 135.20881653 131.97093201 117.39737701
H 135.58947754 132.92462158 117.61431885
H 134.98912048 131.42549133 118.29196930
C 132.38063049 112.69873810 115.17130280
H 133.02857971 111.81832123 115.37940979
H 131.44331360 112.60971069 115.79155731
H 132.11763000 112.68921661 114.08316803
C 129.08810425 122.81356049 128.62884521
H 129.04957581 123.86263275 128.86329651
H 128.08474731 122.43679810 128.71018982
H 129.73628235 122.30028534 129.40417480
C 130.57478333 127.66538239 106.83436584
H 129.69638062 127.90109253 107.49106598
H 131.23577881 128.51878357 106.89009094
H 130.32000732 127.42222595 105.80503845
C 136.15238953 131.24349976 116.43327332
H 136.45938110 131.87951660 115.59007263
H 137.04406738 130.92527771 116.92135620
H 135.59309387 130.40280151 116.07770538
",0.000
7,"372

C 137.24227905 116.90655518 123.98375702
C 137.41308594 116.77835083 125.43899536
C 138.15280151 115.66708374 125.97748566
C 138.63723755 114.63990784 125.18182373
C 138.54954529 114.78198242 123.74463654
C 137.88270569 115.95403290 123.19610596
H 136.73081970 117.75893402 123.62035370
H 139.19438171 113.82285309 125.60606384
C 136.94735718 117.69447327 126.54312897
C 137.74658203 117.12245178 127.76959991
C 138.29486084 115.88304138 127.42067719
C 137.94618225 117.30106354 129.16625977
C 138.78796387 116.33902740 129.79608154
S 139.11999512 115.01127625 128.71032715
C 139.16047668 113.92465973 122.60337830
C 138.82550049 114.87647247 121.38684082
C 138.03590393 115.94898987 121.77255249
C 139.21423340 114.89960480 120.04018402
C 138.57670593 115.97583008 119.39718628
S 137.57519531 116.98503876 120.48019409
C 139.04927063 116.63012695 131.16517639
S 137.43305969 118.52027130 130.31599426
S 140.21113586 113.89142609 118.91724396
C 138.82704163 116.01303864 118.02692413
C 138.53768921 117.84327698 131.53958130
C 139.74827576 115.00112915 117.66919708
H 139.46769714 115.90503693 131.84454346
H 138.39033508 116.73856354 117.29096222
C 139.91665649 114.80801392 116.26962280
C 140.28659058 115.57926178 115.14836121
C 140.85411072 116.94730377 115.16699982
C 140.30010986 115.14704132 113.70845795
C 141.10722351 117.38685608 113.72988129
O 141.09260559 117.57102203 116.15765381
C 140.75173950 116.35517120 112.82840729
C 139.81575012 113.94498444 113.13913727
C 141.58233643 118.60513306 113.26530457
C 140.94483948 116.53430939 111.40635681
C 139.20156860 112.90368652 113.83145142
C 140.17782593 113.55416107 111.79088593
C 141.71952820 118.85325623 111.91175079
H 141.86567688 119.42899323 113.89245605
C 141.49955750 117.76568604 110.99234009
H 140.62950134 115.83446503 110.69339752
N 138.64520264 112.14423370 114.45723724
N 140.47912598 113.19641113 110.71457672
H 142.04754639 119.87668610 111.57656097
H 141.76295471 117.76216125 109.98892212
H 139.80708313 113.78253937 116.03611755
C 138.85760498 118.34281921 132.86703491
C 139.89727783 118.31902313 133.85539246
C 141.20919800 117.62142944 133.63438416
C 139.94569397 118.98749542 135.17492676
C 142.08407593 117.88564301 134.79536438
O 141.53971863 116.95722198 132.66410828
C 141.33468628 118.71271515 135.66366577
C 138.89915466 119.79201508 135.79837036
C 143.41418457 117.38542938 135.00158691
C 141.95857239 119.00096130 136.85472107
C 137.60784912 119.99935150 135.31356812
C 139.10417175 120.57856750 136.93995667
C 143.98387146 117.64525604 136.25721741
H 143.93898010 116.72165680 134.37823486
C 143.20401001 118.41049194 137.19908142
H 141.61799622 119.72025299 137.54454041
N 136.52990723 120.19179535 134.89669800
N 139.26170349 121.15071869 137.92532349
H 144.91950989 117.20617676 136.44952393
H 143.61526489 118.76786804 138.13925171
H 137.95643616 118.90938568 133.00244141
C 138.47386169 112.53958893 122.35352325
C 138.96029663 111.71201324 121.27033997
C 137.22694397 112.15153503 122.90612793
C 138.28059387 110.55552673 120.86376190
H 139.89292908 111.89943695 120.67549133
C 136.50218201 111.02496338 122.50979614
H 136.84420776 112.78477478 123.66396332
C 137.10275269 110.15087891 121.52929688
H 138.64730835 109.91284943 120.06586456
H 135.63761902 110.70382690 123.06002808
C 135.38000488 117.60547638 126.80490112
C 134.47724915 117.06914520 125.87509155
C 134.72518921 118.15119934 127.96265411
C 133.05046082 116.81947327 126.09790039
H 134.88023376 116.71488190 124.98151398
C 133.35197449 117.82255554 128.27352905
H 135.32392883 118.80198669 128.69773865
C 132.54550171 117.16679382 127.36379242
H 132.49964905 116.30875397 125.32038116
H 132.95002747 118.03129578 129.26644897
C 137.37771606 119.18934631 126.14209747
C 138.65867615 119.68963623 126.28351593
C 136.42391968 119.94552612 125.45326233
C 138.99490356 121.00206757 125.85841370
H 139.29859924 119.06925964 126.79927826
C 136.75999451 121.19354248 124.91947937
H 135.51148987 119.46297455 125.24215698
C 138.02198792 121.73386383 125.23180389
H 139.99502563 121.40760040 126.04219818
H 135.95933533 121.69557190 124.37075043
C 140.63023376 113.83776855 122.92935944
C 141.16015625 112.77054596 123.76165771
C 141.55282593 114.83405304 122.50156403
C 142.49421692 112.66949463 124.07473755
H 140.51347351 111.91863251 124.07573700
C 142.92475891 114.63483429 122.79782104
H 141.20639038 115.75626373 122.05996704
C 143.37669373 113.58304596 123.56038666
H 142.87911987 111.83104706 124.66737366
H 143.61155701 115.41092682 122.49571991
C 138.27815247 123.14440155 124.88484192
H 139.25358582 123.47497559 125.06713104
H 138.20034790 123.19287872 123.77656555
C 137.30635071 124.20996094 125.54885864
H 136.40904236 124.11569977 124.99921417
H 137.18457031 123.82286835 126.56906128
C 138.00080872 125.56354523 125.55973816
H 138.62019348 125.75775909 126.43225861
H 138.73934937 125.60736847 124.71999359
C 136.38508606 108.91561890 121.03447723
H 135.34175110 109.11862946 120.84333801
H 136.85850525 108.58538055 120.07907867
C 136.52421570 107.69931030 121.99556732
H 137.59503174 107.50366974 122.01886749
H 136.29641724 107.99909973 122.95536041
C 135.72219849 106.48851776 121.54030609
H 136.03425598 106.18470764 120.57591248
H 134.72605896 106.86049652 121.33106995
C 144.85379028 113.42924500 123.83441925
H 145.19497681 112.40998077 123.76731110
H 145.34748840 113.98458862 123.02925873
C 145.24484253 114.09007263 125.16286469
H 144.80073547 115.06949615 125.30796051
H 144.92599487 113.40103149 125.93651581
C 146.81245422 114.31800842 125.22149658
H 147.38272095 113.48923492 125.03670502
H 147.01712036 115.03470612 124.44779968
C 131.14955139 116.80375671 127.76398468
H 130.99455261 115.73702240 127.86845398
H 130.52825928 116.97605896 126.91835022
C 130.43650818 117.38034058 129.03390503
H 129.40435791 116.99835968 129.22520447
H 130.97863770 117.05950165 129.91273499
C 130.25288391 118.92815399 128.88227844
H 129.65325928 119.23058319 128.04368591
H 131.17597961 119.34408569 128.74888611
C 135.89472961 105.38906860 122.57684326
H 136.95265198 105.18734741 122.89134216
H 135.33877563 105.62958527 123.52166748
C 129.67462158 119.55400848 130.18255615
H 129.96655273 119.14764404 131.11897278
H 130.06321716 120.52839661 130.14379883
C 147.29809570 114.99311066 126.49852753
H 146.64758301 115.84794617 126.72637177
H 147.17015076 114.35249329 127.32324219
C 136.97914124 126.75793457 125.54515076
H 136.42059326 126.88662720 124.63597870
H 136.29023743 126.52810669 126.35224152
C 148.74328613 115.58486176 126.45053101
H 148.80525208 115.89341736 125.50872803
H 149.56222534 114.84906769 126.56031036
C 128.12110901 119.70217896 130.24191284
H 127.51824951 118.74096680 130.38427734
H 127.73262024 120.03683472 129.29640198
C 135.32911682 104.09983063 122.04433441
H 134.29469299 104.20896912 121.80528259
H 135.51112366 103.30394745 122.76798248
C 137.67123413 128.17149353 125.67876434
H 138.17070007 128.26774597 126.62990570
H 138.24559021 128.34477234 124.83704376
C 136.08415222 103.57502747 120.85964203
H 136.12319946 104.22119904 120.03340912
H 137.16741943 103.26689148 121.03453827
H 135.59864807 102.64078522 120.52767944
C 127.71665955 120.81676483 131.30546570
H 128.36215210 121.69731140 131.17228699
H 126.77389526 121.26962280 131.14854431
H 128.00122070 120.40821838 132.28247070
C 148.93594360 116.73434448 127.49063110
H 148.87574768 117.74909210 127.04330444
H 148.14015198 116.62718964 128.31143188
H 149.96588135 116.68933868 127.95539856
C 136.63041687 129.30349731 125.72628021
H 136.25837708 129.44113159 126.76141357
H 137.01986694 130.26109314 125.53129578
H 135.75378418 129.24887085 125.16426849
C 154.13348389 116.64433289 132.68057251
C 155.45899200 116.83755493 133.12817383
C 156.14298248 118.00239563 132.70588684
C 155.62832642 119.01184082 131.91096497
C 154.33962250 118.85916138 131.53881836
C 153.55961609 117.68290710 131.85401917
H 153.55498505 115.84221649 133.07890320
H 156.10355377 119.90492249 131.70722961
C 156.12132263 116.11767578 134.28601074
C 157.49076843 116.76842499 134.10249329
C 157.46805573 117.83564758 133.28512573
C 158.77719116 116.64216614 134.70002747
C 159.70790100 117.60510254 134.25303650
S 158.92258453 118.75289154 133.08851624
C 153.56642151 119.87828064 130.72383118
C 152.20443726 119.13150024 130.70445251
C 152.29613495 117.80876160 131.19808960
C 150.93783569 119.38722992 130.15527344
C 150.05519867 118.28899384 130.37518311
S 150.81858826 116.87189484 131.02197266
C 161.00525665 117.43424225 134.79782104
S 159.53030396 115.51078033 135.67245483
S 150.19020844 120.71340942 129.40165710
C 148.77408600 118.59332275 129.92904663
C 161.14078522 116.35676575 135.69522095
C 148.62449646 119.90375519 129.48252869
H 161.75700378 118.20056915 134.66899109
H 147.98228455 117.85770416 129.87951660
C 147.44702911 120.51575470 128.92828369
C 146.08673477 120.45435333 129.08764648
C 145.35772705 119.71693420 130.18438721
C 144.99940872 121.17691040 128.35873413
C 143.95812225 119.82035828 129.95001221
O 145.86434555 119.06518555 131.10462952
C 143.71514130 120.72653198 128.93934631
C 145.11679077 122.10654449 127.26329041
C 142.90158463 119.21025848 130.63899231
C 142.40327454 120.98270416 128.56066895
C 146.32016373 122.27689362 126.43202209
C 144.03137589 122.84140778 126.81108856
C 141.58789825 119.40702057 130.18032837
H 143.07205963 118.58734131 131.48234558
C 141.33066559 120.20018768 129.05137634
H 141.98217773 121.71115112 127.81914520
N 147.26610565 122.44921875 125.79508972
N 143.16277313 123.54079437 126.39199829
H 140.84471512 118.84277344 130.62745667
H 140.35271072 120.33528900 128.61949158
H 147.73336792 121.21669006 128.15917969
C 162.28017426 116.03765106 136.56164551
C 163.63476562 116.08805084 136.47981262
C 164.47538757 116.62288666 135.38481140
C 164.56058502 115.47994995 137.42974854
C 165.88101959 116.38852692 135.67977905
O 164.15629578 117.24633789 134.38375854
C 165.89145660 115.62404633 136.85415649
C 164.21400452 114.78148651 138.62243652
C 167.01869965 116.61711884 134.83422852
C 167.12314606 115.01612854 137.25277710
C 162.96860504 114.93872070 139.38354492
C 165.10838318 114.03786469 139.42231750
C 168.24463654 116.04933929 135.29815674
H 166.98933411 117.07205963 133.83370972
C 168.30528259 115.26464081 136.48500061
H 167.28646088 114.42041779 138.13594055
N 162.05649567 115.17506409 140.04461670
N 165.81504822 113.45702362 140.13252258
H 169.16304779 116.11147308 134.71221924
H 169.24195862 114.87909698 136.77851868
H 161.86151886 115.66907501 137.44546509
C 154.39639282 119.81010437 129.36367798
C 153.90997314 118.96744537 128.30360413
C 155.54917145 120.62737274 129.14515686
C 154.59191132 118.92770386 127.05085754
H 153.01507568 118.41622925 128.29794312
C 156.15414429 120.60586548 127.80610657
H 155.85097504 121.21794891 129.95956421
C 155.79839325 119.63210297 126.84890747
H 154.22039795 118.19525146 126.37077332
H 157.06517792 121.21212769 127.61650848
C 156.06620789 114.56572723 134.15487671
C 156.91017151 113.87016296 133.20874023
C 154.96633148 113.86005402 134.67019653
C 156.67480469 112.51145935 132.89712524
H 157.69754791 114.46575165 132.67341614
C 154.74156189 112.47295380 134.39299011
H 154.44584656 114.25222778 135.57470703
C 155.57302094 111.83604431 133.43045044
H 157.30896759 111.88710785 132.30725098
H 153.93207550 111.89260101 134.88026428
C 155.47240448 116.63790894 135.61360168
C 154.40993500 117.60298157 135.71481323
C 156.03736115 116.26242828 136.86373901
C 153.90046692 118.12448883 136.95353699
H 154.00598907 117.89242554 134.79948425
C 155.57793427 116.80948639 138.05944824
H 156.88171387 115.61861420 137.04447937
C 154.50608826 117.71434784 138.08348083
H 153.07344818 118.79227448 136.98413086
H 156.03915405 116.48052216 138.99726868
C 153.41035461 121.16197205 131.56509399
C 153.46741486 122.45709991 130.95611572
C 153.15283966 121.14895630 132.99670410
C 153.44869995 123.67219543 131.65713501
H 153.49108887 122.49950409 129.86196899
C 153.00175476 122.35754395 133.70671082
H 153.05746460 120.22039795 133.58195496
C 153.06504822 123.58069611 133.03877258
H 153.49036407 124.59775543 131.11186218
H 152.65833282 122.30064392 134.69740295
C 154.04216766 118.28995514 139.32768250
H 154.88601685 118.31324768 140.00686646
H 153.63777161 119.29787445 139.23190308
C 152.92678833 117.40981293 139.99725342
H 152.02651978 117.34566498 139.37585449
H 153.37976074 116.43926239 140.13642883
C 152.60383606 118.07780457 141.35935974
H 153.46901703 117.96330261 142.01356506
H 152.50771332 119.12643433 141.27911377
C 156.65377808 119.40651703 125.69320679
H 156.04293823 119.46345520 124.79032135
H 157.41082764 120.16159821 125.60399628
C 157.17726898 117.97695160 125.65830231
H 157.55892944 117.68745422 126.61832428
H 156.33641052 117.27016449 125.56983948
C 158.03830719 117.71189880 124.35594940
H 157.73131561 118.15668488 123.45488739
H 157.95920563 116.61957550 124.03259277
C 152.78111267 124.83898926 133.81999207
H 152.42720032 125.60877991 133.08699036
H 151.95713043 124.73120117 134.54296875
C 154.06694031 125.35649872 134.58952332
H 154.82985687 124.57163239 134.74008179
H 154.48568726 126.07892609 133.91183472
C 153.72438812 126.04976654 135.91966248
H 153.13539124 126.95783234 135.74365234
H 153.17486572 125.50806427 136.68269348
C 155.33693695 110.39197540 133.08761597
H 154.92063141 109.82215118 133.92045593
H 156.32402802 109.89497375 133.03308105
C 154.46590424 110.17218781 131.79724121
H 153.62162781 110.83287811 131.88232422
H 155.08213043 110.42573547 130.88252258
C 153.91864014 108.70032501 131.74652100
H 153.39460754 108.43657684 132.62944031
H 154.61470795 107.92276001 131.67150879
C 159.53330994 118.00650787 124.65705109
H 159.58847046 119.05049896 124.89625549
H 159.74631500 117.30774689 125.42635345
C 152.94451141 108.44603729 130.65390015
H 151.99217224 108.89037323 131.01831055
H 153.15526581 109.13816833 129.86158752
C 155.08515930 126.68469238 136.45477295
H 155.79418945 125.95929718 136.69219971
H 155.48063660 127.37693024 135.65127563
C 151.43817902 117.52550507 142.12831116
H 150.65040588 117.54137421 141.40177917
H 151.74634552 116.55723572 142.46420288
C 154.96623993 127.63462067 137.67176819
H 155.99575806 127.72495270 137.99822998
H 154.53574371 127.05884552 138.48831177
C 152.86173248 106.95141602 130.16993713
H 152.38757324 106.32907104 130.95443726
H 153.77141571 106.44369507 129.81645203
C 160.43521118 117.76337433 123.49127197
H 161.38658905 118.14342499 123.81990051
H 160.14869690 118.30622101 122.56950378
C 150.94788361 118.39687347 143.33471680
H 151.78527832 118.37181091 144.06318665
H 150.97621918 119.45215607 143.21899414
C 160.88984680 116.30062103 123.26288605
H 161.33568573 115.87230682 124.13952637
H 159.95823669 115.72183990 123.12552643
H 161.57855988 116.28072357 122.40063477
C 151.93148804 106.86911774 128.89834595
H 150.88803101 107.24623108 128.88662720
H 152.40549469 107.29656982 128.01953125
H 151.77834320 105.87693787 128.64927673
C 154.22766876 128.98857117 137.48657227
H 153.17386627 128.77284241 137.32214355
H 154.35648346 129.64051819 138.35214233
H 154.50823975 129.47497559 136.62615967
C 149.68852234 117.80902100 143.97821045
H 149.74698639 116.78637695 144.41770935
H 149.44432831 118.46875763 144.78611755
H 148.84458923 117.77320099 143.26992798
",0.001
8,"372

C 60.59214020 134.26837158 95.97430420
C 61.04180527 134.50312805 94.65037537
C 62.18797684 135.28356934 94.46622467
C 63.01560593 135.64807129 95.54804230
C 62.71598816 135.17626953 96.81578827
C 61.42073822 134.58346558 97.04521179
H 59.65191269 133.72370911 96.14156342
H 63.94316864 136.14816284 95.35728455
C 60.37313843 133.97027588 93.35108185
C 61.42106628 134.62304688 92.39834595
C 62.37240982 135.35928345 93.08273315
C 61.80611420 134.57174683 90.99856567
C 63.03911209 135.30436707 90.69577789
S 63.64399719 136.11132812 92.11087036
C 63.53630447 135.31784058 98.10623932
C 62.41132355 134.84053040 99.13240051
C 61.30206299 134.34170532 98.47364807
C 62.25871658 134.72174072 100.54154205
C 60.98596191 134.17878723 100.90654755
S 60.02041626 133.73031616 99.52310181
C 63.39064789 135.29057312 89.38266754
S 61.26543808 133.82328796 89.47280884
S 63.22833633 135.09216309 101.91098022
C 60.85430527 133.94981384 102.31053162
C 62.50440216 134.60833740 88.52630615
C 61.99001694 134.42150879 102.98803711
H 64.20562744 135.81649780 88.94477844
H 60.09745789 133.40225220 102.82371521
C 62.13607788 134.17741394 104.37004089
C 61.30824661 134.13064575 105.49668121
C 59.82283020 134.33924866 105.56747437
C 61.69970703 133.67045593 106.84416962
C 59.34411621 133.96545410 106.86430359
O 59.05983734 134.78312683 104.67945099
C 60.44295120 133.60012817 107.63714600
C 63.03501511 133.40824890 107.30148315
C 58.03972244 133.95979309 107.37312317
C 60.18619919 133.38882446 109.01754761
C 64.19527435 133.33001709 106.54290771
C 63.33877182 132.88900757 108.59484100
C 57.73822784 133.70579529 108.73020935
H 57.30977631 134.33801270 106.65356445
C 58.87135315 133.38864136 109.54184723
H 60.98749161 133.26751709 109.74272919
N 65.14015198 133.28143311 105.89926147
N 63.72768784 132.49133301 109.61411285
H 56.77331924 133.75648499 109.13920593
H 58.80536270 133.31472778 110.59141541
H 63.15674591 133.84959412 104.50198364
C 62.87172318 134.34008789 87.20021057
C 63.30778503 135.05187988 86.08110809
C 63.53757858 136.52033997 86.15605927
C 63.49747086 134.68666077 84.67163086
C 63.73472595 137.02607727 84.80430603
O 63.53641510 137.16259766 87.16557312
C 63.78271103 135.92549133 83.87310028
C 63.38331604 133.36764526 84.05710602
C 63.78601837 138.35877991 84.33351135
C 63.84943008 136.21701050 82.47286987
C 63.55221176 132.09053040 84.76692200
C 63.53622818 133.12579346 82.67817688
C 63.84397125 138.63764954 82.95739746
H 63.87747574 139.23634338 85.00934601
C 63.87407303 137.56726074 82.06478882
H 63.85396194 135.47587585 81.66433716
N 63.67361832 131.11633301 85.36248016
N 63.64549255 133.02235413 81.53373718
H 63.92142105 139.62120056 82.55809784
H 63.96578598 137.75077820 80.96428680
H 62.68432999 133.27000427 86.90131378
C 63.79891968 136.81706238 98.62733459
C 64.89994049 137.06655884 99.41472626
C 62.82298279 137.82655334 98.43672180
C 65.09208679 138.31629944 100.04228210
H 65.62414551 136.23851013 99.61599731
C 63.03683090 139.13955688 99.02630615
H 61.85199356 137.65200806 97.93876648
C 64.14214325 139.36195374 99.89964294
H 65.98769379 138.49530029 100.65820312
H 62.29368210 139.97164917 98.92022705
C 58.96182632 134.63397217 93.03675079
C 58.44385529 135.73588562 93.75860596
C 58.33855438 134.30645752 91.83971405
C 57.35957718 136.46313477 93.34945679
H 58.93022156 136.01521301 94.70316315
C 57.19194412 134.96162415 91.39138794
H 58.65262222 133.42103577 91.22930145
C 56.69362640 136.07943726 92.13163757
H 57.08510590 137.37451172 93.79043579
H 56.71509552 134.65942383 90.56784058
C 60.43989563 132.40968323 93.42260742
C 61.68505096 131.74603271 93.24464417
C 59.28698349 131.64636230 93.86084747
C 61.81765366 130.36651611 93.42313385
H 62.66482162 132.28108215 93.13924408
C 59.41424942 130.20083618 93.95884705
H 58.34555054 132.01502991 94.12957764
C 60.65065002 129.54829407 93.69423676
H 62.89790726 130.03057861 93.34098053
H 58.56211090 129.57223511 94.36984253
C 64.70137787 134.21963501 98.11511993
C 66.05243683 134.53939819 97.87355804
C 64.43817902 132.87022400 98.44217682
C 67.14315033 133.65057373 98.14004517
H 66.25488281 135.54594421 97.44175720
C 65.42285919 131.86798096 98.54371643
H 63.42725372 132.55015564 98.62747192
C 66.75847626 132.33132935 98.39169312
H 68.23092651 133.98736572 97.95426178
H 65.11544037 130.79185486 98.75057983
C 60.74600220 128.04216003 93.86169434
H 59.87232590 127.55671692 94.25234222
H 60.88831711 127.50658417 92.90858459
C 61.90589142 127.81253052 94.95629120
H 62.83218384 128.17655945 94.60469818
H 61.69717026 128.34756470 95.86071777
C 62.09761047 126.27349091 95.28263855
H 61.16216660 125.75908661 95.40633392
H 62.48155594 125.91426849 94.37200165
C 64.39094543 140.74087524 100.41015625
H 64.04457092 140.74751282 101.42790222
H 65.44399261 140.92285156 100.40649414
C 63.72503662 141.97724915 99.80687714
H 63.81366730 141.95927429 98.73647308
H 62.62347794 141.95579529 99.97278595
C 64.28347015 143.25291443 100.42480469
H 65.33638000 143.19903564 100.59288025
H 63.90901184 143.31704712 101.43967438
C 67.90020752 131.32208252 98.60292816
H 67.78528595 130.42004395 97.92286682
H 68.88375854 131.83840942 98.31961060
C 67.82191467 130.73277283 100.04682922
H 66.93421936 130.10614014 100.17686462
H 68.54136658 129.92596436 100.10234833
C 68.07406616 131.63244629 101.21466064
H 68.35312653 131.03924561 102.11974335
H 69.00896454 132.18891907 100.98033905
C 55.55672073 136.89752197 91.51713562
H 55.86998749 137.38891602 90.58449554
H 55.37334442 137.71168518 92.18520355
C 54.16338348 136.18087769 91.41611481
H 54.34125137 135.50184631 90.54962921
H 53.99937820 135.58300781 92.32946777
C 53.04283524 137.19395447 91.15245819
H 53.02671051 137.36250305 90.04871368
H 53.29145050 138.12341309 91.59413147
C 63.97362900 144.51417542 99.63128662
H 64.50668335 144.61296082 98.72547150
H 62.95232391 144.43023682 99.39685822
C 51.67119598 136.84025574 91.68586731
H 51.38458633 135.89527893 91.27412415
H 51.81625748 136.61875916 92.72648621
C 66.96357727 132.65261841 101.51503754
H 66.95476532 133.44067383 100.69000244
H 65.94854736 132.22538757 101.57859802
C 63.05188751 125.99701691 96.45042419
H 63.81917572 126.80398560 96.50582123
H 62.47520065 126.20732880 97.31583405
C 67.32932281 133.36740112 102.76406097
H 68.41265869 133.67842102 102.63395691
H 67.15867615 132.77595520 103.69643402
C 50.47499466 137.73468018 91.44657135
H 50.11438751 137.75186157 90.39873505
H 50.83930206 138.73190308 91.67203522
C 64.31712341 145.87205505 100.29373932
H 65.37271118 145.90228271 100.55638885
H 63.71953583 145.86378479 101.17440796
C 63.57939911 124.58157349 96.38938141
H 62.72789383 123.85372925 96.44360352
H 64.00753784 124.46805573 95.39366913
C 63.85626221 147.05496216 99.46102905
H 63.98052979 148.06385803 99.81586456
H 64.36161041 147.01200867 98.47370911
H 62.77577591 147.03761292 99.25459290
C 49.18303680 137.26013184 92.25051117
H 48.85655594 136.24136353 92.03612518
H 49.39964676 137.43183899 93.30051422
H 48.41394424 137.89884949 91.86254883
C 66.47718811 134.66685486 102.91798401
H 65.50155640 134.37741089 102.89743805
H 66.68968201 135.21678162 103.87746429
H 66.59575653 135.37652588 102.08880615
C 64.69125366 124.33277893 97.35887146
H 64.31253815 124.40834045 98.35442352
H 65.22731018 123.35437775 97.30099487
H 65.44993591 125.11003113 97.14385986
C 42.59857178 138.94288635 98.12779236
C 42.31983948 138.53096008 96.75452423
C 43.08068848 139.06387329 95.69755554
C 44.18392181 139.87187195 95.88634491
C 44.53743744 140.22991943 97.12253571
C 43.72815704 139.82249451 98.26371765
H 42.06608582 138.62776184 99.03570557
H 44.79300690 140.27230835 95.02857971
C 41.19733429 137.58709717 96.25330353
C 41.47602844 137.62968445 94.77280426
C 42.54365540 138.52684021 94.48636627
C 40.96062469 137.08447266 93.57229614
C 41.61194611 137.54437256 92.41571808
S 42.84310150 138.71133423 92.78328705
C 45.70468140 141.19752502 97.55505371
C 45.45045471 141.16580200 99.05745697
C 44.33551025 140.42164612 99.44895935
C 46.06936646 141.74293518 100.17934418
C 45.40097809 141.46633911 101.41506958
S 44.19101715 140.24212646 101.18444061
C 41.07003784 136.97938538 91.25738525
S 39.75624847 135.89782715 93.22204590
S 47.43676758 142.82220459 100.53038025
C 45.88635254 142.12207031 102.51881409
C 40.06570435 136.06321716 91.51941681
C 46.73768616 143.10272217 102.14862061
H 41.28385162 137.32006836 90.28026581
H 45.46684265 142.10873413 103.49181366
C 47.14849854 144.13185120 102.95559692
C 46.69511414 144.97595215 104.01148224
C 45.26088715 145.14671326 104.38694763
C 47.50329590 145.95535278 104.79731750
C 45.24085999 146.10749817 105.47827148
O 44.33081818 144.50393677 103.95912170
C 46.53050232 146.68525696 105.63924408
C 48.90144348 146.17077637 104.75801849
C 44.13430786 146.48318481 106.21666718
C 46.68234253 147.68574524 106.65873718
C 49.91632080 145.43504333 104.04418182
C 49.63723755 147.11503601 105.41822815
C 44.32254028 147.46685791 107.21796417
H 43.14974213 146.08261108 106.09226227
C 45.58162689 148.08616638 107.42146301
H 47.66946411 148.11155701 106.85704041
N 50.71102905 144.80966187 103.48249054
N 50.26191711 147.85859680 106.03856659
H 43.47493744 147.69047546 107.85424805
H 45.67802429 148.84951782 108.19522858
H 48.19668579 144.35438538 102.60411072
C 39.09728241 135.77848816 90.50410461
C 39.04673767 135.32705688 89.15640259
C 40.26767731 135.12640381 88.35718536
C 37.85838318 135.01124573 88.28743744
C 39.86391449 134.73925781 87.02339935
O 41.45190430 135.26007080 88.77158356
C 38.42256165 134.64772034 86.92219543
C 36.53155518 135.01210022 88.71836853
C 40.65419769 134.47297668 85.88316345
C 37.83665466 134.23982239 85.70287323
C 36.02534485 135.43214417 89.97525024
C 35.40900421 134.80049133 87.85119629
C 40.05158997 134.01028442 84.69831848
H 41.74826813 134.62191772 85.92828369
C 38.64015961 133.88000488 84.57128906
H 36.77852631 134.19735718 85.62414551
N 35.63321686 135.77322388 90.99415588
N 34.53355408 134.63516235 87.13003540
H 40.73055267 133.70500183 83.93302155
H 38.14600372 133.51838684 83.68086243
H 38.26926422 135.96740723 90.99742889
C 45.51815033 142.65702820 96.94887543
C 44.22419739 143.11347961 96.56138611
C 46.57389832 143.65396118 96.90390778
C 43.96246338 144.40544128 96.05429077
H 43.38481140 142.39352417 96.64986420
C 46.30351257 144.93168640 96.45773315
H 47.54605103 143.35859680 97.34257507
C 45.01702881 145.34217834 95.98067474
H 42.96541595 144.66036987 95.72205353
H 47.05833435 145.77825928 96.39060974
C 39.88625336 138.31251526 96.69808960
C 39.33774567 139.37805176 95.96247101
C 39.26992035 137.98710632 97.95726776
C 38.20436096 140.07514954 96.41038513
H 39.78565216 139.72012329 95.00355530
C 38.08681488 138.62364197 98.38649750
H 39.74706268 137.20451355 98.55371094
C 37.59042358 139.63850403 97.59233856
H 37.79655457 140.83836365 95.82442474
H 37.60837555 138.47354126 99.39079285
C 41.18101501 136.05870056 96.65364838
C 40.06779480 135.23811340 96.41848755
C 42.29280853 135.37634277 97.21311188
C 40.00286865 133.91406250 96.84878540
H 39.24140930 135.73445129 95.90899658
C 42.29053497 134.03564453 97.55963135
H 43.21171570 135.96905518 97.39687347
C 41.13867950 133.26327515 97.43141937
H 39.08716583 133.39042664 96.62561035
H 43.20434570 133.53251648 97.91740417
C 47.04223633 140.47976685 97.19493866
C 47.49989319 139.49362183 98.05682373
C 47.65872192 140.68809509 95.95604706
C 48.64752197 138.75675964 97.69826508
H 46.87998962 139.11094666 98.84381866
C 48.77104187 139.95820618 95.63211060
H 47.37652588 141.52061462 95.33656311
C 49.36779785 139.01011658 96.49703979
H 48.94833374 137.91009521 98.35323334
H 49.33700562 140.08247375 94.67676544
C 41.26487732 131.76245117 97.66875458
H 42.01442719 131.62792969 98.48217010
H 40.28752899 131.36854553 98.02350616
C 41.53614044 130.97938538 96.43483734
H 41.42569733 129.84486389 96.51562500
H 40.78283691 131.33140564 95.75746155
C 42.93177795 131.22621155 95.75138092
H 43.06826782 130.70939636 94.80211639
H 43.14737701 132.23632812 95.54760742
C 44.70720673 146.76637268 95.35783386
H 44.63587189 146.69520569 94.30172729
H 43.67583466 147.11553955 95.55359650
C 45.53221130 147.99169922 95.85857391
H 45.81057739 147.90078735 96.90330505
H 46.52388000 147.82687378 95.45313263
C 44.97796631 149.35229492 95.37313080
H 43.91174316 149.36946106 95.59388733
H 45.20263672 149.32504272 94.30540466
C 50.47245789 138.14486694 95.99204254
H 50.53498840 137.22470093 96.46910858
H 50.34353638 138.00141907 94.93265533
C 51.89312744 138.61087036 96.26389313
H 51.96701050 138.98623657 97.37196350
H 52.68721008 137.81309509 96.24830627
C 52.11668396 139.88179016 95.48004150
H 51.87435913 139.67501831 94.42342377
H 51.47309875 140.66133118 95.84593201
C 36.40760040 140.37385559 98.07712555
H 35.59486389 139.68490601 98.17530060
H 36.18034363 141.10641479 97.27597046
C 36.68820190 141.21223450 99.38328552
H 35.71560669 141.75003052 99.41791534
H 36.74479675 140.56097412 100.29947662
C 37.74623871 142.32670593 99.27677155
H 37.45503235 143.09359741 100.01699066
H 37.61502075 142.77191162 98.33906555
C 45.82382202 150.43663025 96.02256012
H 45.60176849 150.45297241 97.10514069
H 46.81677246 150.12818909 95.99198914
C 39.29454041 142.02786255 99.33255768
H 39.61268616 141.48925781 100.29869843
H 39.64453125 141.38070679 98.47909546
C 53.57220459 140.36363220 95.54380035
H 54.01124573 140.69102478 96.59597015
H 54.22537231 139.48703003 95.32109833
C 44.14659119 130.77210999 96.66457367
H 43.94898987 131.07447815 97.68896484
H 44.11672974 129.71749878 96.61906433
C 53.91679382 141.52917480 94.50871277
H 53.38940430 142.44018555 94.80853271
H 53.48260498 141.19113159 93.61161804
C 40.00329590 143.34700012 99.08850861
H 39.56968689 144.16099548 99.74827576
H 39.87414551 143.73486328 98.09534454
C 45.65290833 151.85536194 95.42504120
H 45.81224060 151.82876587 94.38279724
H 46.31146240 152.68038940 95.74472809
C 45.37534332 131.60220337 96.37386322
H 45.46702576 131.70956421 95.28119659
H 45.09513092 132.56770325 96.69537354
C 44.28435516 152.44387817 95.75460815
H 44.01537323 152.53474426 96.80599213
H 44.00338745 153.34718323 95.23233795
H 43.55883026 151.66149902 95.55017853
C 41.50129700 143.32350159 99.38493347
H 41.87255096 142.88150024 100.32320404
H 41.89849091 142.76994324 98.60310364
H 41.92839813 144.32756042 99.21034241
C 55.39776611 141.90197754 94.53811646
H 55.49247742 142.80680847 93.98287964
H 55.79388428 142.00463867 95.56745911
H 56.08784485 141.21148682 94.04161835
C 46.76300049 131.08641052 96.85083008
H 47.32467651 131.94323730 97.15451050
H 46.80953979 130.48452759 97.81631470
H 47.34336853 130.53855896 96.14974976
",0.000
9,"372

C 133.08326721 116.83280945 71.84124756
C 131.85006714 117.52476501 71.55870819
C 130.58593750 116.79460144 71.61384583
C 130.55084229 115.40396118 71.97051239
C 131.77218628 114.77896881 72.28536224
C 133.01803589 115.47344971 72.17535400
H 133.97999573 117.38246155 71.84844971
H 129.68563843 114.73935699 71.88493347
C 131.59834290 118.98384857 71.09999084
C 130.10061646 118.93483734 70.99031830
C 129.53994751 117.69306183 71.22977448
C 129.06182861 119.83133698 70.67624664
C 127.79154968 119.27461243 70.53777313
S 127.85542297 117.57794952 70.96011353
C 131.98783875 113.32247925 72.62891388
C 133.49957275 113.30484772 72.84696198
C 134.07261658 114.54548645 72.53120422
C 134.55554199 112.43952942 73.18807983
C 135.82699585 113.04787445 73.24153900
S 135.81098938 114.73654938 72.59406281
C 126.81028748 120.18762970 70.15397644
S 128.92976379 121.48317719 70.25947571
S 134.67053223 110.80333710 73.59929657
C 136.85937500 112.21419525 73.62623596
C 127.21160126 121.49532318 70.01162720
C 136.40528870 110.91334534 73.95917511
H 125.76175690 119.98178101 69.88587189
H 137.90937805 112.43912506 73.60023499
C 137.28176880 109.84127808 74.22186279
C 138.21197510 109.58628845 75.20401001
C 138.76451111 110.55554962 76.22874451
C 138.99694824 108.37001038 75.45075226
C 139.78506470 109.92822266 77.07651520
O 138.51400757 111.75410461 76.34633636
C 139.94317627 108.61923981 76.55771637
C 138.96617126 107.15001678 74.73001862
C 140.70864868 110.43421936 78.06356812
C 141.01107788 107.80498505 77.07365417
C 138.47827148 107.01461792 73.44274139
C 139.53724670 105.92173767 75.10939026
C 141.71275330 109.64921570 78.61647797
H 140.63018799 111.41769409 78.49249268
C 141.87649536 108.33603668 78.09662628
H 141.13900757 106.85887909 76.73817444
N 138.02470398 106.86962891 72.40488434
N 140.12072754 104.90226746 75.30258179
H 142.43338013 109.96341705 79.42124176
H 142.59150696 107.65536499 78.53739166
H 137.09484863 109.00161743 73.62750244
C 126.36157990 122.49277496 69.53234100
C 125.10398865 122.99360657 69.78623199
C 124.31464386 122.56121063 70.95306396
C 124.31781769 124.01988220 69.09651184
C 123.07978821 123.38882446 71.02016449
O 124.54360199 121.75100708 71.79650879
C 123.03105164 124.22084045 69.87240601
C 124.63935852 124.66578674 67.90888977
C 122.09955597 123.34786987 72.04037476
C 121.79002380 124.90907288 69.73880768
C 125.77528381 124.52213287 67.08251953
C 123.87298584 125.72846222 67.33692169
C 120.96376801 124.17629242 71.91638947
H 122.14416504 122.73180389 72.91174316
C 120.85035706 125.01275635 70.77436066
H 121.47953033 125.41829681 68.81703949
N 126.74358368 124.48145294 66.48289490
N 123.23661041 126.57076263 66.86499023
H 120.24054718 124.14234924 72.71880341
H 120.02597809 125.73883820 70.61602020
H 126.91553497 123.04821777 68.80973816
C 131.63885498 112.34436035 71.44406128
C 131.52090454 112.76123810 70.10657501
C 131.38987732 110.98542023 71.74842072
C 131.18487549 111.80246735 69.12966156
H 131.76026917 113.75832367 69.88339996
C 130.92376709 110.04961395 70.78797150
H 131.51638794 110.70790100 72.76901245
C 130.83798218 110.50268555 69.49497223
H 130.96652222 112.17179871 68.16813660
H 130.67546082 109.04283905 71.13217163
C 132.12553406 119.17423248 69.57411194
C 132.41113281 118.05722809 68.69088745
C 132.28507996 120.52123260 69.04581451
C 132.94053650 118.28053284 67.44177246
H 132.25848389 117.06890869 69.05823517
C 132.76528931 120.69476318 67.73088074
H 132.03697205 121.33619690 69.72467041
C 133.11572266 119.58724213 66.94653320
H 133.20324707 117.41611481 66.80003357
H 132.87167358 121.74501801 67.29605865
C 132.21124268 119.98466492 72.18313599
C 131.43740845 120.49789429 73.22217560
C 133.58541870 120.35365295 72.13835907
C 132.01774597 121.33245850 74.21260834
H 130.37402344 120.20600891 73.29196930
C 134.16703796 121.14431000 73.14290619
H 134.21519470 119.94200134 71.42250061
C 133.39306641 121.68930817 74.15164185
H 131.41493225 121.61410522 75.03417969
H 135.23323059 121.32840729 72.96157074
C 131.09771729 112.99128723 73.93771362
C 131.64459229 112.76029205 75.17720032
C 129.73779297 112.70349121 73.89329529
C 130.99331665 112.24924469 76.29888153
H 132.65599060 113.00476837 75.28361511
C 128.96699524 112.24291992 74.93008423
H 129.23509216 112.62806702 72.93112946
C 129.62785339 111.96639252 76.16082001
H 131.52555847 111.98664093 77.18637085
H 127.97424316 111.87295532 74.64102936
C 134.00827026 122.60885620 75.14646149
H 133.54190063 122.73944092 76.14398193
H 134.98864746 122.26902008 75.35183716
C 134.07937622 124.07131195 74.59280396
H 134.63153076 124.02194977 73.62625885
H 133.05006409 124.50984955 74.44528961
C 134.84577942 124.95867920 75.54011536
H 134.37901306 124.89239502 76.53919983
H 135.82051086 124.60034180 75.63037109
C 130.14881897 109.63990784 68.39279938
H 129.62271118 108.81820679 68.84880829
H 129.31326294 110.23609161 67.99438477
C 131.09025574 109.04897308 67.33702850
H 131.48269653 109.87421417 66.70319366
H 131.94500732 108.52524567 67.85348511
C 130.36523438 108.02105713 66.51088715
H 129.44497681 108.52888489 66.24102783
H 130.08837891 107.26373291 67.25124359
C 128.82150269 111.48596191 77.38546753
H 127.81470490 111.42867279 77.00757599
H 129.35977173 110.61356354 77.76849365
C 128.83325195 112.54924011 78.50964355
H 129.67742920 112.51198578 79.15403748
H 128.73921204 113.55513763 78.02013397
C 127.59972382 112.52845764 79.43589020
H 126.75206757 112.74871063 78.84983063
H 127.50991058 111.58725739 79.97017670
C 133.82789612 119.70126343 65.58460999
H 133.43170166 120.59281158 65.14989471
H 133.23538208 118.90406036 65.06004333
C 135.35598755 119.53724670 65.50695038
H 135.57969666 118.56875610 65.92449951
H 135.62547302 119.35420990 64.46874237
C 136.14016724 120.66069794 66.15115356
H 135.65644836 121.58227539 65.85499573
H 137.14051819 120.63976288 65.66483307
C 131.17959595 107.47866821 65.37131500
H 131.55102539 108.28931427 64.69702911
H 132.06974792 106.90898895 65.68641663
C 136.41775513 120.52646637 67.64709473
H 135.49226379 120.33249664 68.24015808
H 137.10276794 119.64062500 67.84152985
C 127.65043640 113.55238342 80.54620361
H 128.57243347 113.48624420 81.09660339
H 127.60707855 114.50748444 79.99966431
C 134.87304688 126.41537476 75.14316559
H 135.81680298 126.65167236 74.64235687
H 134.16986084 126.72355652 74.34912872
C 126.55611420 113.40855408 81.56048584
H 126.86184692 114.14694214 82.34814453
H 126.55102539 112.44963074 81.95567322
C 137.10877991 121.78476715 68.35607147
H 136.54591370 122.69942474 68.08474731
H 138.12181091 121.89003754 67.87351227
C 130.38183594 106.41886139 64.58238220
H 129.35319519 106.79370117 64.35821533
H 130.13809204 105.64902496 65.22264099
C 134.68724060 127.33261108 76.32595825
H 134.57493591 128.29367065 75.95674133
H 133.81202698 127.06910706 76.85747528
C 131.07510376 105.98470306 63.41465378
H 131.96456909 105.46121216 63.66457367
H 130.48873901 105.34477997 62.72997665
H 131.34115601 106.87892914 62.88242340
C 137.10844421 121.64871216 69.90527344
H 137.48103333 122.56433868 70.34048462
H 136.13513184 121.29518890 70.23202515
H 137.76402283 120.81175232 70.19564056
C 125.13375854 113.73413849 80.97998047
H 124.78490448 112.79890442 80.47187042
H 124.39575958 113.99113464 81.75972748
H 125.06743622 114.56763458 80.26603699
C 135.86547852 127.39292908 77.22598267
H 136.75888062 127.84075165 76.72227478
H 135.76426697 127.98680878 78.17077637
H 135.99781799 126.35026550 77.52710724
C 124.15274811 117.81449890 78.94570160
C 124.08035278 117.90773773 77.55177307
C 125.15398407 118.60031891 76.91230774
C 126.20463562 119.24769592 77.66009521
C 126.26272583 119.17456818 79.10823059
C 125.20594788 118.45545197 79.72830200
H 123.36528015 117.25346375 79.42477417
H 126.98408508 119.72910309 77.04475403
C 123.03156281 117.33336639 76.62017059
C 123.65118408 117.82910156 75.28994751
C 124.85962677 118.48324585 75.48097229
C 123.27210999 117.93896484 73.94783020
C 124.16527557 118.63052368 73.12050629
S 125.57450867 119.12839508 73.97215271
C 127.22940826 119.75691223 80.11965179
C 126.59764099 119.31054688 81.41947174
C 125.43620300 118.58986664 81.14521790
C 126.80158234 119.48666382 82.79781342
C 125.86540222 118.78193665 83.56689453
S 124.68376160 117.95745087 82.53904724
C 123.82897186 118.78263092 71.78702545
S 121.92990875 117.46760559 72.99002075
S 128.00001526 120.21343994 83.76190186
C 126.03641510 118.86379242 84.93773651
C 122.77366638 117.90042877 71.46350861
C 127.14504242 119.70757294 85.21220398
H 124.48583221 119.24721527 71.08252716
H 125.46567535 118.38384247 85.74953461
C 127.71227264 119.77782440 86.50675201
C 127.40963745 119.64343262 87.87414551
C 126.03734589 119.50644684 88.47026062
C 128.32604980 119.58827209 89.03961182
C 126.18920898 119.28942871 89.92417908
O 124.92248535 119.64918518 87.91943359
C 127.52694702 119.50061798 90.24788666
C 129.81021118 119.50121307 89.08133698
C 125.21360016 118.91765594 90.81402588
C 127.81861115 119.41495514 91.62937927
C 130.61468506 119.31983185 87.86399841
C 130.62258911 119.28057861 90.18464661
C 125.57245636 118.81105042 92.17277527
H 124.21485901 118.77921295 90.46274567
C 126.86580658 119.06528473 92.58924866
H 128.86453247 119.48297119 91.86389923
N 131.22479248 119.19364166 86.90793610
N 131.36479187 119.08209991 91.07336426
H 124.83399200 118.55377960 92.90843201
H 127.23757935 118.93872070 93.60718536
H 128.74330139 119.93831635 86.38647461
C 122.06850433 118.05305481 70.22027588
C 122.20989227 118.05534363 68.85365295
C 123.53924561 118.09954834 68.28942108
C 121.19838715 118.08493805 67.76818085
C 123.40267944 118.16831207 66.80334473
O 124.58867645 118.11563873 68.89807892
C 122.01258087 118.05461884 66.55493164
C 119.77330780 117.99862671 67.79702759
C 124.37598419 118.07964325 65.84373474
C 121.59777069 117.95227814 65.21316528
C 119.05056000 117.81900787 69.01908875
C 118.83848572 118.17993927 66.75040436
C 123.92613220 117.98923492 64.54312897
H 125.47254944 118.19084167 65.96002960
C 122.59447479 117.84246063 64.23251343
H 120.58885956 117.82914734 64.95368195
N 118.47977448 117.60671997 69.97058868
N 118.05087280 118.23575592 65.90966797
H 124.69870758 118.04082489 63.76749420
H 122.11543274 117.81285095 63.22390366
H 121.01325989 118.22207642 70.39231110
C 127.29005432 121.28523254 79.81879425
C 127.95780945 121.83389282 78.69809723
C 126.68115997 122.19536591 80.75740814
C 127.84446716 123.21112061 78.46929932
H 128.43728638 121.19726562 77.95087433
C 126.59775543 123.57742310 80.46925354
H 126.25869751 121.87424469 81.66088104
C 127.20448303 124.06017303 79.31805420
H 128.25515747 123.59451294 77.53089142
H 126.10519409 124.30074310 81.10501099
C 121.58023834 117.92782593 77.07201385
C 120.90846252 118.83021545 76.25100708
C 120.87955475 117.46236420 78.22363281
C 119.67124176 119.37385559 76.62302399
H 121.34239960 119.20000458 75.35201263
C 119.61571503 117.91378021 78.56052399
H 121.44606018 116.76572418 78.82332611
C 119.05251312 118.94090271 77.78612518
H 119.20914459 120.05953217 75.94058990
H 119.13527679 117.44356537 79.48891449
C 122.97240448 115.73944855 76.62142181
C 121.99599457 114.97183990 75.95730591
C 124.10252380 115.03057861 77.18223572
C 122.05416107 113.57913208 76.04096985
H 121.14878082 115.42102051 75.43650818
C 124.11502838 113.60457611 77.31650543
H 124.93589783 115.54891968 77.66778564
C 123.00965118 112.88322449 76.85416412
H 121.23439789 113.02443695 75.55380249
H 124.96138763 113.05815125 77.81323242
C 128.65144348 118.96776581 80.16934967
C 128.78848267 117.62787628 79.71050262
C 129.78012085 119.57955170 80.73879242
C 130.00593567 116.89651489 79.84110260
H 127.94791412 117.02043152 79.43361664
C 130.98365784 118.86981964 80.85760498
H 129.82206726 120.54881287 81.25986481
C 131.13186646 117.52214050 80.38977051
H 130.06883240 115.89485931 79.48061371
H 131.81480408 119.38624573 81.25238800
C 122.93736267 111.40435028 77.11952972
H 122.45676422 111.24872589 78.10176086
H 122.14147949 110.98921204 76.52938843
C 124.18752289 110.49971771 76.62841797
H 124.54375458 110.79355621 75.63813782
H 124.94593811 110.67569733 77.32846069
C 123.86918640 109.02498627 76.55070496
H 123.50572205 108.64933777 77.47126770
H 123.07614899 108.93531036 75.79826355
C 127.11601257 125.48016357 79.00431824
H 127.33216095 126.01844025 79.93975067
H 127.84597015 125.54634094 78.23501587
C 125.74475861 125.81999207 78.34864807
H 125.54362488 125.25020599 77.43864441
H 124.95444489 125.39105225 79.00579834
C 125.61067963 127.38638306 78.26013947
H 126.43924713 127.61466217 77.58953094
H 125.92037201 127.93701172 79.22518158
C 132.41287231 116.69747925 80.60213470
H 132.32630920 115.93756104 79.80353546
H 133.31455994 117.30216217 80.44136810
C 132.53215027 116.02135468 81.99508667
H 133.62893677 115.69723511 82.13757324
H 132.44090271 116.82495117 82.76390839
C 131.56013489 114.89030457 82.21491241
H 130.60168457 115.26418304 82.21212006
H 131.60847473 114.14925385 81.42012787
C 117.76023102 119.55397034 78.13798523
H 117.83843994 120.63613892 78.11599731
H 117.61673737 119.46180725 79.29639435
C 116.50624847 119.04865265 77.35389709
H 115.69190216 119.71365356 77.61376190
H 116.69813538 119.07469177 76.34962463
C 116.20006561 117.52244568 77.61059570
H 117.02617645 117.06124115 77.21565247
H 115.39839935 117.21144104 77.01155853
C 124.28043365 127.83750916 77.72733307
H 124.21378326 127.36813354 76.81457520
H 123.60901642 127.36712646 78.45118713
C 115.97065735 117.05053711 79.03568268
H 116.96697235 117.15835571 79.40126038
H 115.29645538 117.67338562 79.67112732
C 131.68177795 114.19783020 83.54440308
H 132.72555542 113.79381561 83.55230713
H 131.74687195 114.95361328 84.33822632
C 125.04289246 108.11864471 76.16365051
H 125.88171387 108.06208801 76.81279755
H 124.63568878 107.10388947 76.25032043
C 130.74583435 113.02926636 83.85130310
H 131.09515381 112.16138458 83.35055542
H 129.74084473 113.36393738 83.48932648
C 115.56631470 115.56876373 79.07698822
H 114.56873322 115.54377747 78.66040039
H 115.52991486 115.35626221 80.12652588
C 124.23846436 129.44705200 77.63192749
H 123.20349884 129.77024841 77.37551117
H 124.92726135 129.82847595 76.88029480
C 125.54977417 108.16272736 74.67189026
H 125.98100281 109.10649872 74.54317474
H 126.41456604 107.52263641 74.71526337
C 124.29111481 130.20138550 78.98543549
H 123.41678619 129.98089600 79.57717133
H 125.18569183 129.95239258 79.56269073
H 124.42111969 131.30274963 78.75763702
C 116.47169495 114.61195374 78.29014587
H 116.30263519 114.75200653 77.26190948
H 117.56565094 114.78054810 78.46834564
H 116.22064972 113.55120850 78.39347076
C 130.49214172 112.73915863 85.39887238
H 130.14675903 113.59425354 85.87361908
H 129.75840759 111.97319031 85.47264099
H 131.27310181 112.38385010 86.03311157
C 124.55149841 107.76033020 73.57855988
H 125.09911346 107.76132965 72.68233490
H 124.25563049 106.75185394 73.55498505
H 123.71685791 108.43716431 73.54141998
",0.000
10,"372

C 133.08326721 116.83280945 71.84124756
C 131.85006714 117.52476501 71.55870819
C 130.58593750 116.79460144 71.61384583
C 130.55084229 115.40396118 71.97051239
C 131.77218628 114.77896881 72.28536224
C 133.01803589 115.47344971 72.17535400
H 133.97999573 117.38246155 71.84844971
H 129.68563843 114.73935699 71.88493347
C 131.59834290 118.98384857 71.09999084
C 130.10061646 118.93483734 70.99031830
C 129.53994751 117.69306183 71.22977448
C 129.06182861 119.83133698 70.67624664
C 127.79154968 119.27461243 70.53777313
S 127.85542297 117.57794952 70.96011353
C 131.98783875 113.32247925 72.62891388
C 133.49957275 113.30484772 72.84696198
C 134.07261658 114.54548645 72.53120422
C 134.55554199 112.43952942 73.18807983
C 135.82699585 113.04787445 73.24153900
S 135.81098938 114.73654938 72.59406281
C 126.81028748 120.18762970 70.15397644
S 128.92976379 121.48317719 70.25947571
S 134.67053223 110.80333710 73.59929657
C 136.85937500 112.21419525 73.62623596
C 127.21160126 121.49532318 70.01162720
C 136.40528870 110.91334534 73.95917511
H 125.76175690 119.98178101 69.88587189
H 137.90937805 112.43912506 73.60023499
C 137.28176880 109.84127808 74.22186279
C 138.21197510 109.58628845 75.20401001
C 138.76451111 110.55554962 76.22874451
C 138.99694824 108.37001038 75.45075226
C 139.78506470 109.92822266 77.07651520
O 138.51400757 111.75410461 76.34633636
C 139.94317627 108.61923981 76.55771637
C 138.96617126 107.15001678 74.73001862
C 140.70864868 110.43421936 78.06356812
C 141.01107788 107.80498505 77.07365417
C 138.47827148 107.01461792 73.44274139
C 139.53724670 105.92173767 75.10939026
C 141.71275330 109.64921570 78.61647797
H 140.63018799 111.41769409 78.49249268
C 141.87649536 108.33603668 78.09662628
H 141.13900757 106.85887909 76.73817444
N 138.02470398 106.86962891 72.40488434
N 140.12072754 104.90226746 75.30258179
H 142.43338013 109.96341705 79.42124176
H 142.59150696 107.65536499 78.53739166
H 137.09484863 109.00161743 73.62750244
C 126.36157990 122.49277496 69.53234100
C 125.10398865 122.99360657 69.78623199
C 124.31464386 122.56121063 70.95306396
C 124.31781769 124.01988220 69.09651184
C 123.07978821 123.38882446 71.02016449
O 124.54360199 121.75100708 71.79650879
C 123.03105164 124.22084045 69.87240601
C 124.63935852 124.66578674 67.90888977
C 122.09955597 123.34786987 72.04037476
C 121.79002380 124.90907288 69.73880768
C 125.77528381 124.52213287 67.08251953
C 123.87298584 125.72846222 67.33692169
C 120.96376801 124.17629242 71.91638947
H 122.14416504 122.73180389 72.91174316
C 120.85035706 125.01275635 70.77436066
H 121.47953033 125.41829681 68.81703949
N 126.74358368 124.48145294 66.48289490
N 123.23661041 126.57076263 66.86499023
H 120.24054718 124.14234924 72.71880341
H 120.02597809 125.73883820 70.61602020
H 126.91553497 123.04821777 68.80973816
C 131.63885498 112.34436035 71.44406128
C 131.52090454 112.76123810 70.10657501
C 131.38987732 110.98542023 71.74842072
C 131.18487549 111.80246735 69.12966156
H 131.76026917 113.75832367 69.88339996
C 130.92376709 110.04961395 70.78797150
H 131.51638794 110.70790100 72.76901245
C 130.83798218 110.50268555 69.49497223
H 130.96652222 112.17179871 68.16813660
H 130.67546082 109.04283905 71.13217163
C 132.12553406 119.17423248 69.57411194
C 132.41113281 118.05722809 68.69088745
C 132.28507996 120.52123260 69.04581451
C 132.94053650 118.28053284 67.44177246
H 132.25848389 117.06890869 69.05823517
C 132.76528931 120.69476318 67.73088074
H 132.03697205 121.33619690 69.72467041
C 133.11572266 119.58724213 66.94653320
H 133.20324707 117.41611481 66.80003357
H 132.87167358 121.74501801 67.29605865
C 132.21124268 119.98466492 72.18313599
C 131.43740845 120.49789429 73.22217560
C 133.58541870 120.35365295 72.13835907
C 132.01774597 121.33245850 74.21260834
H 130.37402344 120.20600891 73.29196930
C 134.16703796 121.14431000 73.14290619
H 134.21519470 119.94200134 71.42250061
C 133.39306641 121.68930817 74.15164185
H 131.41493225 121.61410522 75.03417969
H 135.23323059 121.32840729 72.96157074
C 131.09771729 112.99128723 73.93771362
C 131.64459229 112.76029205 75.17720032
C 129.73779297 112.70349121 73.89329529
C 130.99331665 112.24924469 76.29888153
H 132.65599060 113.00476837 75.28361511
C 128.96699524 112.24291992 74.93008423
H 129.23509216 112.62806702 72.93112946
C 129.62785339 111.96639252 76.16082001
H 131.52555847 111.98664093 77.18637085
H 127.97424316 111.87295532 74.64102936
C 134.00827026 122.60885620 75.14646149
H 133.54190063 122.73944092 76.14398193
H 134.98864746 122.26902008 75.35183716
C 134.07937622 124.07131195 74.59280396
H 134.63153076 124.02194977 73.62625885
H 133.05006409 124.50984955 74.44528961
C 134.84577942 124.95867920 75.54011536
H 134.37901306 124.89239502 76.53919983
H 135.82051086 124.60034180 75.63037109
C 130.14881897 109.63990784 68.39279938
H 129.62271118 108.81820679 68.84880829
H 129.31326294 110.23609161 67.99438477
C 131.09025574 109.04897308 67.33702850
H 131.48269653 109.87421417 66.70319366
H 131.94500732 108.52524567 67.85348511
C 130.36523438 108.02105713 66.51088715
H 129.44497681 108.52888489 66.24102783
H 130.08837891 107.26373291 67.25124359
C 128.82150269 111.48596191 77.38546753
H 127.81470490 111.42867279 77.00757599
H 129.35977173 110.61356354 77.76849365
C 128.83325195 112.54924011 78.50964355
H 129.67742920 112.51198578 79.15403748
H 128.73921204 113.55513763 78.02013397
C 127.59972382 112.52845764 79.43589020
H 126.75206757 112.74871063 78.84983063
H 127.50991058 111.58725739 79.97017670
C 133.82789612 119.70126343 65.58460999
H 133.43170166 120.59281158 65.14989471
H 133.23538208 118.90406036 65.06004333
C 135.35598755 119.53724670 65.50695038
H 135.57969666 118.56875610 65.92449951
H 135.62547302 119.35420990 64.46874237
C 136.14016724 120.66069794 66.15115356
H 135.65644836 121.58227539 65.85499573
H 137.14051819 120.63976288 65.66483307
C 131.17959595 107.47866821 65.37131500
H 131.55102539 108.28931427 64.69702911
H 132.06974792 106.90898895 65.68641663
C 136.41775513 120.52646637 67.64709473
H 135.49226379 120.33249664 68.24015808
H 137.10276794 119.64062500 67.84152985
C 127.65043640 113.55238342 80.54620361
H 128.57243347 113.48624420 81.09660339
H 127.60707855 114.50748444 79.99966431
C 134.87304688 126.41537476 75.14316559
H 135.81680298 126.65167236 74.64235687
H 134.16986084 126.72355652 74.34912872
C 126.55611420 113.40855408 81.56048584
H 126.86184692 114.14694214 82.34814453
H 126.55102539 112.44963074 81.95567322
C 137.10877991 121.78476715 68.35607147
H 136.54591370 122.69942474 68.08474731
H 138.12181091 121.89003754 67.87351227
C 130.38183594 106.41886139 64.58238220
H 129.35319519 106.79370117 64.35821533
H 130.13809204 105.64902496 65.22264099
C 134.68724060 127.33261108 76.32595825
H 134.57493591 128.29367065 75.95674133
H 133.81202698 127.06910706 76.85747528
C 131.07510376 105.98470306 63.41465378
H 131.96456909 105.46121216 63.66457367
H 130.48873901 105.34477997 62.72997665
H 131.34115601 106.87892914 62.88242340
C 137.10844421 121.64871216 69.90527344
H 137.48103333 122.56433868 70.34048462
H 136.13513184 121.29518890 70.23202515
H 137.76402283 120.81175232 70.19564056
C 125.13375854 113.73413849 80.97998047
H 124.78490448 112.79890442 80.47187042
H 124.39575958 113.99113464 81.75972748
H 125.06743622 114.56763458 80.26603699
C 135.86547852 127.39292908 77.22598267
H 136.75888062 127.84075165 76.72227478
H 135.76426697 127.98680878 78.17077637
H 135.99781799 126.35026550 77.52710724
C 131.81860352 107.48387909 77.57174683
C 130.83477783 107.85280609 78.49974060
C 129.46662903 107.78864288 78.04344940
C 129.08921814 107.24703217 76.74712372
C 130.15261841 106.96784210 75.86379242
C 131.53330994 107.07387543 76.22965240
H 132.85546875 107.42192078 77.78244781
H 128.04400635 107.20053864 76.47132111
C 130.93225098 108.26361847 79.99126434
C 129.44108582 108.53608704 80.28693390
C 128.63279724 108.26042175 79.16034698
C 128.68740845 108.97355652 81.37492371
C 127.36841583 109.06779480 81.11999512
S 126.98885345 108.57717133 79.50279236
C 130.02526855 106.40598297 74.44630432
C 131.44938660 106.58394623 73.93409729
C 132.35169983 106.82113647 75.06196594
C 132.22384644 106.46523285 72.77156830
C 133.58399963 106.57826996 73.00035095
S 134.02113342 106.73975372 74.68233490
C 126.64685059 109.64469910 82.15201569
S 129.09490967 109.47815704 83.05159760
S 131.92193604 106.10026550 71.13290405
C 134.40847778 106.30710602 71.90766907
C 127.41450500 109.82382965 83.35156250
C 133.63241577 106.41464996 70.74686432
H 125.58791351 109.80651093 82.17325592
H 135.48921204 106.29777527 72.05676270
C 134.21281433 106.70229340 69.49700165
C 135.25782776 107.37574005 68.88716125
C 136.09149170 108.40716553 69.59043884
C 135.64053345 107.37756348 67.48498535
C 137.06190491 108.87049103 68.60883331
O 135.98767090 108.73469543 70.80302429
C 136.78204346 108.26609802 67.37386322
C 135.20431519 106.51115417 66.47028351
C 138.05908203 109.78391266 68.81466675
C 137.66360474 108.59118652 66.27161407
C 134.42590332 105.35942841 66.63059235
C 135.43588257 106.67691040 65.05538177
C 138.80776978 110.13630676 67.72733307
H 138.31234741 110.14157104 69.79949188
C 138.66433716 109.60700226 66.47417450
H 137.73509216 108.04602814 65.31636047
N 133.82435608 104.36981964 66.76382446
N 135.66668701 106.85781097 63.91065216
H 139.67216492 110.69445038 67.97977448
H 139.33340454 109.90822601 65.63713837
H 133.52787781 106.17818451 68.87782288
C 126.86077881 110.55323029 84.42633820
C 125.70624542 110.42748260 85.22640991
C 124.91984558 109.11692047 85.34804535
C 125.18508911 111.38171387 86.20481110
C 123.92743683 109.35987091 86.44617462
O 124.96567535 108.15729523 84.67085266
C 124.03870392 110.65726471 86.87296295
C 125.50857544 112.74578094 86.36477661
C 123.10094452 108.42668152 87.00668335
C 123.19720459 111.04347229 88.00623322
C 126.43720245 113.42833710 85.56365204
C 124.73802948 113.61428833 87.27720642
C 122.32229614 108.78294373 88.16032410
H 123.12216949 107.35258484 86.65442657
C 122.23926544 110.15546417 88.48467255
H 123.07659912 112.02259064 88.38402557
N 127.20117188 113.98796844 84.87345123
N 124.07173157 114.28926086 87.94801331
H 121.67887878 108.06391907 88.53939819
H 121.51627350 110.42420197 89.16975403
H 127.51598358 111.39916992 84.63113403
C 129.11885071 107.23981476 73.52563477
C 128.47569275 106.73497009 72.37471771
C 128.99903870 108.63541412 73.77315521
C 127.72859955 107.56895447 71.54114532
H 128.56150818 105.64321136 72.20058441
C 128.17655945 109.46874237 72.95941925
H 129.52954102 109.07072449 74.62735748
C 127.60034943 108.97041321 71.77710724
H 127.14424896 107.03404236 70.74993896
H 127.94542694 110.46759796 73.33026123
C 131.85923767 109.57983398 80.14601135
C 132.40008545 110.24678802 78.97630310
C 132.19842529 110.12482452 81.44545746
C 133.26811218 111.32109833 79.19569397
H 132.00819397 109.93971252 77.99015045
C 133.05223083 111.23205566 81.62590027
H 131.85028076 109.68711090 82.35767365
C 133.53224182 111.80375671 80.47943878
H 133.61145020 111.90271759 78.41063690
H 133.24475098 111.59095001 82.63148499
C 131.53515625 107.07157135 80.79203796
C 132.91517639 106.68216705 80.63507080
C 130.80021667 106.32337952 81.72216797
C 133.47236633 105.58624268 81.29486084
H 133.48852539 107.31571960 79.96984100
C 131.40844727 105.22332764 82.45069885
H 129.81716919 106.63684845 81.98751068
C 132.73808289 104.83236694 82.27040863
H 134.51695251 105.36183167 81.14759827
H 130.76177979 104.71487427 83.12243652
C 129.63175964 104.91454315 74.58853912
C 128.24139404 104.51064301 74.54627991
C 130.60848999 103.93571472 74.86389923
C 127.90037537 103.15997314 74.73869324
H 127.37911987 105.24155426 74.42427826
C 130.17575073 102.61050415 75.09125519
H 131.66162109 104.18981171 74.91636658
C 128.83015442 102.20474243 74.97198486
H 126.84632874 102.95540619 74.82086182
H 130.93737793 101.79988098 75.30474091
C 133.30187988 103.61882782 83.00664520
H 134.26455688 103.89652252 83.33503723
H 132.70808411 103.46017456 83.93777466
C 133.46258545 102.40842438 82.12253571
H 133.91142273 102.78092194 81.18560791
H 134.07351685 101.68959045 82.67250824
C 132.13281250 101.61515045 81.81653595
H 131.86796570 100.94878387 82.66555023
H 131.24122620 102.29879761 81.71894836
C 126.75291443 109.79379272 70.84978485
H 127.44686890 110.39808655 70.37049866
H 126.36402893 109.17474365 70.07270050
C 125.54000092 110.63413239 71.28821564
H 125.10268402 111.02390289 70.33660126
H 124.76557159 110.01589203 71.77773285
C 125.85393524 111.80134583 72.23365021
H 126.70433807 112.48761749 71.95343781
H 126.19400787 111.35791016 73.18036652
C 128.35684204 100.67972565 74.98992157
H 127.65810394 100.58810425 74.14153290
H 129.14691162 100.03958130 74.62853241
C 127.70875549 100.20719147 76.26000214
H 127.78405762 99.12133026 76.23452759
H 128.17840576 100.52048492 77.08899689
C 126.21649170 100.48149109 76.40952301
H 126.20290375 101.55074310 76.45251465
H 125.68733978 100.29868317 75.46250153
C 134.54522705 112.96012115 80.60977936
H 134.42803955 113.41022491 81.64027405
H 134.29193115 113.72926331 79.83275604
C 135.94877625 112.42408752 80.38582611
H 136.04704285 111.59322357 81.13670349
H 136.02719116 111.88980103 79.40448761
C 137.07528687 113.44776917 80.40801239
H 136.95317078 114.28208923 81.14279175
H 136.87950134 114.14238739 79.52172852
C 124.57562256 112.53775787 72.72902679
H 124.06620789 112.93154907 71.88389587
H 123.87802124 111.75828552 73.10921478
C 138.51417542 112.79845428 80.37650299
H 138.75930786 112.23976898 81.28758240
H 138.69970703 112.12736511 79.52738190
C 125.40061188 99.95410156 77.67945862
H 125.94026947 100.22318268 78.60762787
H 124.42124176 100.46131897 77.75067902
C 132.14569092 100.62753296 80.60000610
H 132.29942322 101.06916809 79.63687897
H 133.07633972 100.07784271 80.69432068
C 125.08709717 98.42774963 77.72958374
H 124.32579041 98.30435181 78.49507904
H 125.84059906 97.76425171 78.15720367
C 139.61169434 113.88964844 80.37562561
H 140.49580383 113.29324341 80.52289581
H 139.52850342 114.52927399 81.24117279
C 124.79840851 113.57718658 73.79952240
H 125.07185364 113.04186249 74.70299530
H 123.82989502 113.87986755 74.16822815
C 130.97872925 99.63420868 80.42697906
H 131.30253601 98.88587189 79.76538086
H 130.81459045 99.07093811 81.30496216
C 125.65106964 114.70308685 73.35182190
H 126.66853333 114.35524750 73.16800690
H 125.32642365 115.12696075 72.42716980
H 125.58230591 115.58941650 74.05143738
C 139.65095520 114.76316071 79.08845520
H 139.45840454 114.14266968 78.18653107
H 138.91229248 115.60447693 79.13417816
H 140.53662109 115.29668427 79.12567902
C 124.56960297 97.87940979 76.37680817
H 125.42665863 98.07105255 75.76831055
H 124.25714111 96.85990143 76.50517273
H 123.72108459 98.54223633 76.04100800
C 129.68203735 100.32678986 79.94399261
H 128.98355103 99.49073029 79.89225006
H 129.23796082 100.90915680 80.71669769
H 129.77494812 100.88562012 78.96605682
",0.001
11,"372

C 95.26513672 129.13438416 124.66275024
C 94.41357422 128.64859009 125.65727997
C 94.79102325 127.57925415 126.49160004
C 96.12158966 126.98830414 126.35560608
C 96.97484589 127.51641083 125.42427063
C 96.60515594 128.57919312 124.57149506
H 94.92289734 129.82920837 123.92470551
H 96.49024200 126.21507263 127.01816559
C 93.10421753 129.23547363 126.02180481
C 92.79673004 128.40618896 127.29436493
C 93.77130127 127.40617371 127.52978516
C 91.82195282 128.36053467 128.32131958
C 92.06507111 127.34503174 129.22941589
S 93.48839569 126.38382721 128.91998291
C 98.43159485 127.06486511 125.17307281
C 98.72441864 128.04100037 124.02870941
C 97.66763306 128.84375000 123.65781403
C 99.81204224 128.40625000 123.21170044
C 99.48787689 129.40653992 122.22904968
S 97.78961945 129.96003723 122.37700653
C 91.06827545 127.31986237 130.21215820
S 90.47893524 129.41377258 128.77978516
S 101.45728302 127.91363525 122.94795990
C 100.48473358 129.69334412 121.31655884
C 90.18814087 128.42800903 130.23712158
C 101.63117981 128.95724487 121.52072906
H 91.07099915 126.66178894 130.98300171
H 100.37873077 130.33099365 120.47437286
C 102.81835938 129.21246338 120.80676270
C 103.15911102 129.23049927 119.46516418
C 102.19171143 129.02035522 118.29295349
C 104.49170685 129.44825745 118.85062408
C 102.90977478 129.31921387 117.04453278
O 101.05983734 128.61734009 118.37222290
C 104.25061035 129.66374207 117.39691925
C 105.81644440 129.46153259 119.43119812
C 102.43534088 129.22984314 115.76387024
C 105.12093353 130.02998352 116.33820343
C 106.21414948 129.03764343 120.72657013
C 106.99474335 129.93176270 118.76648712
C 103.33009338 129.59844971 114.72983551
H 101.48289490 128.89572144 115.52322388
C 104.66681671 130.03601074 115.01299286
H 106.11468506 130.38432312 116.47671509
N 106.56150818 128.72030640 121.80734253
N 107.95241547 130.38868713 118.29560089
H 103.19264984 129.43083191 113.68885803
H 105.18853760 130.21786499 114.05824280
H 103.69945526 129.35624695 121.40113831
C 89.59876251 128.81333923 131.50643921
C 88.89350128 128.11436462 132.48715210
C 88.53250885 126.66870117 132.49511719
C 88.31581116 128.66320801 133.78511047
C 87.84856415 126.31116486 133.70115662
O 88.79202271 125.85092926 131.63145447
C 87.59330750 127.48908997 134.47541809
C 88.39366913 129.93702698 134.41290283
C 87.29945374 125.04600525 134.06599426
C 86.95721436 127.33390045 135.72517395
C 88.85094452 131.12638855 133.77081299
C 87.68994141 130.41218567 135.55390930
C 86.56852722 124.96970367 135.27682495
H 87.46824646 124.12261963 133.57371521
C 86.41569519 126.09475708 136.08396912
H 86.90859222 128.13728333 136.51606750
N 89.22294617 132.14729309 133.32102966
N 87.14933777 130.84902954 136.53221130
H 86.12813568 124.00955963 135.74256897
H 85.90312958 125.96734619 137.03306580
H 89.73710632 129.87039185 131.73324585
C 98.70264435 125.57505798 124.59004974
C 97.55715179 124.78096771 124.29329681
C 99.99457550 125.07529449 124.25159454
C 97.72679901 123.48493958 123.76309204
H 96.53245544 125.15647888 124.38230896
C 100.13322449 123.70176697 123.81587219
H 100.86336517 125.74502563 124.53442383
C 98.99533844 122.87609863 123.55030823
H 96.83110809 122.85593414 123.57854462
H 101.06893921 123.22604370 123.74668121
C 92.01097107 129.06295776 125.01416779
C 90.78727722 129.74310303 125.19051361
C 92.07085419 128.08189392 124.00017548
C 89.70892334 129.69682312 124.27027893
H 90.66103363 130.38694763 126.10963440
C 90.99118805 128.01560974 123.07183075
H 92.96398163 127.37441254 123.87072754
C 89.84912109 128.73541260 123.25205994
H 88.84582520 130.35723877 124.39843750
H 91.03370667 127.30602264 122.20877838
C 93.36454773 130.76577759 126.29547882
C 93.82334900 131.25401306 127.57492828
C 93.28272247 131.69227600 125.15821075
C 94.22922516 132.62031555 127.67398834
H 93.85034180 130.56977844 128.35145569
C 93.64788818 133.02748108 125.34445953
H 92.83229065 131.32286072 124.27031708
C 94.19029999 133.51826477 126.57122803
H 94.43920135 133.13452148 128.58714294
H 93.71202850 133.60261536 124.39487457
C 99.22276306 127.34614563 126.41461945
C 99.20947266 126.51556396 127.49564362
C 99.87156677 128.58161926 126.60318756
C 99.79283905 126.78416443 128.75025940
H 98.75676727 125.56545258 127.47172546
C 100.52240753 128.90977478 127.78543091
H 100.06203461 129.31782532 125.84367371
C 100.49431610 128.02172852 128.89849854
H 99.77894592 126.04317474 129.55146790
H 101.11340332 129.84169006 127.77920532
C 94.82117462 134.86187744 126.53975677
H 94.38586426 135.40763855 125.67968750
H 94.49351501 135.48869324 127.38660431
C 96.37059021 134.71612549 126.49843597
H 96.82852173 135.67880249 126.33197021
H 96.78338623 134.29501343 127.46168518
C 96.93290710 133.73445129 125.36643982
H 96.50173187 132.73027039 125.49602509
H 96.74291992 134.14288330 124.42035675
C 99.15744019 121.48706055 123.01459503
H 99.72708130 120.84094238 123.65602112
H 98.11662292 121.08909607 122.86296844
C 99.78885651 121.44723511 121.67769623
H 99.15958405 121.92246246 120.94748688
H 100.67569733 121.97576141 121.52800751
C 100.02986908 119.98630524 121.24755859
H 99.13869476 119.69366455 120.58841705
H 100.07833862 119.41988373 122.16179657
C 101.26472473 128.24160767 130.16793823
H 101.28673553 129.27793884 130.36599731
H 100.63925171 127.80135345 130.99676514
C 102.70061493 127.66587067 129.94645691
H 103.16238403 128.17506409 129.15156555
H 103.37301636 127.96387482 130.76112366
C 102.86609650 126.14034271 129.60887146
H 102.51507568 125.47782898 130.39103699
H 102.27493286 125.91387177 128.68403625
C 88.71317291 128.66523743 122.19284058
H 89.08090210 128.42883301 121.23893738
H 88.44440460 129.69117737 122.06655121
C 87.59059906 127.74123383 122.54774475
H 86.90683746 127.63436890 121.70617676
H 87.98163605 126.72170258 122.76187897
C 86.89546967 128.15357971 123.84234619
H 86.44307709 129.13092041 123.79795837
H 87.70606232 128.19281006 124.52153015
C 101.31804657 119.83409882 120.49596405
H 101.31381989 120.45728302 119.63588715
H 102.11854553 120.27864075 121.06032562
C 85.84866333 127.20077515 124.23548889
H 85.11140442 127.27451324 123.48112488
H 86.27040863 126.22813416 124.21636200
C 104.29011536 125.71408081 129.40229797
H 104.83869171 126.27226257 128.68397522
H 104.83340454 126.00578308 130.34158325
C 98.48163605 133.56436157 125.44647217
H 99.04814911 134.42811584 125.15701294
H 98.67168427 133.42533875 126.49406433
C 104.44889832 124.24844360 129.16761780
H 103.62101746 123.87477875 128.51477051
H 104.27175903 123.67514038 130.11099243
C 85.25276184 127.54466248 125.62152863
H 84.67790985 128.48684692 125.57974243
H 86.01020050 127.73551178 126.41955566
C 101.57721710 118.36437225 120.21074677
H 100.72271729 118.08959961 119.65939331
H 101.52710724 117.78276062 121.11628723
C 99.06703949 132.35227966 124.63798523
H 98.47434998 131.45344543 124.79036713
H 99.09117889 132.47875977 123.58609009
C 102.94568634 118.10183716 119.46040344
H 102.87713623 118.49496460 118.41972351
H 103.77638245 118.74290466 119.97033691
H 103.21922302 117.03898621 119.48967743
C 84.16468048 126.43585968 126.02283478
H 84.73484802 125.51763153 126.02411652
H 83.80075073 126.70162964 127.02551270
H 83.31613922 126.46633911 125.26248169
C 105.77520752 123.90029907 128.59150696
H 105.87693024 122.80533600 128.33706665
H 105.95121002 124.35861206 127.65605927
H 106.56805420 124.06937408 129.20532227
C 100.50247192 132.20491028 125.08319092
H 100.45625305 132.28022766 126.19524384
H 100.89992523 131.19525146 124.93708038
H 101.15428925 132.93142700 124.60608673
C 91.39970398 134.60552979 123.05768585
C 90.10112762 134.26196289 123.27406311
C 89.55045319 133.24264526 122.45148468
C 90.29755402 132.60479736 121.37514496
C 91.56642151 132.96640015 121.21196747
C 92.15909576 133.96850586 122.03366852
H 91.87773132 135.35520935 123.71718597
H 89.83023071 131.88038635 120.65736389
C 88.98932648 134.78230286 124.29610443
C 87.86428833 133.86091614 123.91556549
C 88.24118042 132.99302673 122.88085938
C 86.52136230 133.58123779 124.34176636
C 85.88598633 132.60014343 123.55378723
S 86.93288422 132.02487183 122.27895355
C 92.46255493 132.59124756 120.03743744
C 93.71884918 133.34141541 120.48140717
C 93.47818756 134.16299438 121.61608887
C 95.09267426 133.48849487 120.06986237
C 95.83415985 134.37881470 120.82069397
S 94.88409424 135.05686951 122.15433502
C 84.55529022 132.30363464 123.91931915
S 85.50717926 133.93641663 125.69936371
S 96.02221680 132.90998840 118.70849609
C 97.15641785 134.50120544 120.35453796
C 84.10260773 133.13235474 124.97525024
C 97.48751068 133.60816956 119.26619720
H 83.85442352 131.65290833 123.45858002
H 97.91693115 135.03765869 120.81642914
C 98.76459503 133.62780762 118.65504456
C 100.07480621 133.52798462 119.04690552
C 100.57104492 133.37640381 120.47495270
C 101.21366882 133.49696350 118.15801239
C 102.03969574 133.22575378 120.35935974
O 99.85869598 133.26150513 121.51595306
C 102.44589996 133.32469177 118.99820709
C 101.31383514 133.62512207 116.71435547
C 102.87613678 132.92132568 121.44902039
C 103.81999207 132.94692993 118.76352692
C 100.29714966 134.06106567 115.76527405
C 102.58180237 133.60040283 116.01268768
C 104.25115204 132.72770691 121.20219421
H 102.46514893 132.85588074 122.42185211
C 104.69077301 132.74523926 119.84891510
H 104.28611755 132.93359375 117.78754425
N 99.44298553 134.38111877 115.04944611
N 103.55796814 133.57505798 115.37872314
H 104.87238312 132.42584229 122.04785156
H 105.73318481 132.59150696 119.72104645
H 98.57087708 133.69081116 117.59090424
C 82.73114014 132.99163818 125.48811340
C 81.40831757 132.86059570 125.03062439
C 80.90609741 132.71351624 123.67477417
C 80.23135376 132.85488892 125.97340393
C 79.41441345 132.64570618 123.76373291
O 81.56021118 132.63771057 122.62502289
C 78.97937775 132.64050293 125.10948181
C 80.17964935 132.85957336 127.41743469
C 78.56692505 132.56674194 122.67765808
C 77.60185242 132.39907837 125.32271576
C 81.29857635 133.07324219 128.35667419
C 78.90144348 132.92709351 128.14013672
C 77.17746735 132.44132996 122.91088104
H 78.96952057 132.71165466 121.71586609
C 76.72057343 132.23193359 124.25354004
H 77.16833496 132.31320190 126.23799896
N 82.18064117 133.20588684 129.10404968
N 77.86772919 133.02297974 128.67535400
H 76.50376129 132.34414673 122.10661316
H 75.67506409 132.03713989 124.26346588
H 82.82304382 133.03016663 126.58673859
C 91.85863495 133.17227173 118.72730255
C 90.76188660 134.11509705 118.75142670
C 92.26115417 132.73435974 117.43905640
C 90.10910034 134.53684998 117.60002136
H 90.36111450 134.41209412 119.72671509
C 91.67288208 133.09660339 116.26275635
H 93.10856628 132.12532043 117.47512054
C 90.60809326 134.00172424 116.38154602
H 89.20156097 135.06674194 117.50531006
H 91.91413879 132.72219849 115.30741119
C 88.62615204 136.35525513 124.06301117
C 89.02272034 137.13980103 122.96346283
C 87.72075653 136.92628479 125.00704956
C 88.49910736 138.42163086 122.79388428
H 89.73550415 136.62251282 122.26136780
C 87.08524323 138.16760254 124.71188354
H 87.37474060 136.29391479 125.83249664
C 87.48535156 138.97912598 123.60970306
H 88.91938019 138.94123840 121.93595123
H 86.31133270 138.60620117 125.34320068
C 89.59677887 134.60298157 125.73971558
C 90.38119507 135.67216492 126.29293060
C 89.53202057 133.36979675 126.41133118
C 90.91400146 135.47634888 127.60082245
H 90.54148102 136.59814453 125.75506592
C 89.97056580 133.24127197 127.73931885
H 89.05070496 132.57881165 125.85880280
C 90.73069000 134.27456665 128.32203674
H 91.46925354 136.22431946 128.08053589
H 89.83058167 132.30442810 128.37593079
C 92.65399170 131.05017090 120.06320190
C 93.65202332 130.46263123 120.91156006
C 91.88519287 130.11628723 119.35562134
C 93.86336517 129.08329773 120.99869537
H 94.30648804 131.17169189 121.47738647
C 92.12591553 128.68150330 119.37094116
H 91.20192719 130.38345337 118.59314728
C 93.08077240 128.15759277 120.22084045
H 94.61428070 128.62194824 121.59741211
H 91.67510986 128.04623413 118.70407104
C 91.31137848 134.06315613 129.74404907
H 92.08611298 134.76499939 130.00041199
H 90.60466766 134.51499939 130.43536377
C 91.60791779 132.62872314 130.36776733
H 90.63841248 132.19265747 130.48426819
H 92.23462677 132.07875061 129.64408875
C 92.36592865 132.70683289 131.68231201
H 93.35326385 133.07540894 131.64273071
H 91.86377716 133.40649414 132.25628662
C 89.81210327 134.44131470 115.08670807
H 88.82850647 134.20880127 115.27198029
H 89.94285583 135.54737854 115.21793365
C 90.39447021 134.13327026 113.72669983
H 90.67044830 133.03172302 113.68978119
H 89.66941071 134.36439514 112.92522430
C 91.61373901 135.02859497 113.50508118
H 92.43750000 134.79756165 114.25395966
H 91.29610443 136.04745483 113.55001068
C 93.35058594 126.61297607 120.27441406
H 93.39362335 126.30757904 121.33544922
H 92.57355499 126.02233124 119.82895660
C 94.65134430 126.15976715 119.54201508
H 94.67582703 125.01587677 119.47155762
H 94.79837036 126.59268188 118.54958344
C 95.86334991 126.58309174 120.35549927
H 95.99302673 127.66945648 120.33050537
H 95.64033508 126.49811554 121.39678192
C 87.00848389 140.43246460 123.43323517
H 86.07112885 140.50387573 122.82805634
H 87.76295471 140.97848511 122.93502808
C 86.72031403 141.22680664 124.62931824
H 86.36763000 140.69511414 125.40664673
H 87.68899536 141.47860718 125.00696564
C 86.08435822 142.55056763 124.38276672
H 85.11028290 142.35202026 124.01910400
H 86.71772003 143.05845642 123.63729095
C 92.03023529 134.74354553 112.07301331
H 92.39250183 133.76399231 112.21190643
H 91.26623535 134.69818115 111.36210632
C 86.00583649 143.25146484 125.78836060
H 85.70428467 142.48194885 126.50485229
H 86.99930573 143.55964661 126.06614685
C 97.22508240 125.87042999 119.99594116
H 97.04483032 124.91400909 120.51384735
H 97.26489258 125.88997650 118.92233276
C 92.23390198 131.37197876 132.54023743
H 92.37694550 131.76663208 133.59457397
H 91.23358154 130.96269226 132.37394714
C 98.43424988 126.50767517 120.60408783
H 98.28591156 126.96961975 121.61657715
H 98.72196198 127.27833557 119.88494873
C 84.94460297 144.34928894 125.76354218
H 84.02661896 143.80642700 125.53382874
H 85.20456696 145.04821777 124.94152832
C 93.19045258 135.59301758 111.53676605
H 93.08341217 136.67356873 111.48173523
H 93.27854156 135.41546631 110.39863586
C 93.34001923 130.39326477 132.26812744
H 93.23376465 130.15417480 131.18070984
H 94.35850525 130.83827209 132.47868347
C 94.46574402 135.18377686 112.29072571
H 94.46868134 135.37196350 113.33412170
H 94.69430542 134.15310669 112.17620850
H 95.23493195 135.77986145 111.82305145
C 84.92203522 144.96208191 127.24903870
H 84.25405121 145.81185913 127.21772766
H 84.58506012 144.19927979 127.90836334
H 85.92313385 145.30546570 127.53447723
C 99.53846741 125.39131927 120.82001495
H 99.93568420 125.09878540 119.80591583
H 100.41770935 125.72296906 121.42758179
H 99.09876251 124.43404388 121.24841309
C 93.08676910 129.07537842 133.06027222
H 92.11127472 128.58758545 133.06393433
H 93.74778748 128.25546265 132.65476990
H 93.51247406 129.22599792 134.08958435
",0.009
12,"372

C 97.00628662 100.85384369 107.79846191
C 96.70217896 100.14531708 106.58050537
C 95.50084686 99.32341766 106.47592163
C 94.56369019 99.36146545 107.51696777
C 94.79173279 100.19184875 108.66658020
C 96.01651764 100.86576843 108.81324005
H 97.91541290 101.40343475 107.89612579
H 93.68402100 98.82221985 107.32487488
C 97.56591797 99.91178894 105.36003113
C 96.68320465 98.91896057 104.55821228
C 95.46888733 98.68463898 105.17297363
C 96.69704437 98.21977997 103.33518982
C 95.47796631 97.56351471 103.00070190
S 94.35338593 97.62821960 104.28350830
C 93.88421631 100.38438416 109.96691132
C 94.74338531 101.35947418 110.73625946
C 95.91469574 101.59234619 110.07079315
C 94.65612793 102.07032013 112.01306915
C 95.80319977 102.81488037 112.26274872
S 96.93075562 102.61631775 110.87874603
C 95.47715759 96.92572021 101.77274323
S 97.84563446 98.01679993 102.04521179
S 93.58360291 102.22502136 113.32617950
C 95.87657166 103.42869568 113.53329468
C 96.57305908 97.31241608 100.96369171
C 94.58156586 103.48120880 114.14398956
H 94.74205780 96.28953552 101.41762543
H 96.75017548 103.96071625 113.91396332
C 94.49012756 103.92916107 115.47309875
C 94.78960419 105.10715485 116.12252045
C 95.37823486 106.28285217 115.45012665
C 94.62770081 105.42971039 117.60185242
C 95.47097015 107.36982727 116.43140411
O 95.76344299 106.42902374 114.31369781
C 95.13564301 106.90909576 117.77160645
C 94.06381989 104.68231964 118.61949921
C 95.90283203 108.71629333 116.17625427
C 95.34654236 107.77120209 118.79346466
C 93.34548950 103.43949127 118.47920990
C 93.97760010 105.16172028 119.95407104
C 96.02223969 109.57589722 117.30650330
H 96.30464172 109.19320679 115.25969696
C 95.81026459 109.07762146 118.57158661
H 95.09966278 107.39656067 119.82593536
N 92.73251343 102.46695709 118.24443817
N 93.92503357 105.63157654 120.96742249
H 96.24791718 110.68541718 117.22564697
H 96.08468628 109.68066406 119.50521851
H 94.10320282 103.11167145 116.12544250
C 96.66727448 96.99024963 99.56855774
C 95.84413147 97.02790070 98.45012665
C 94.54927826 97.70381927 98.34644318
C 96.24230957 96.56713104 97.09485626
C 94.11327362 97.72904968 96.93965912
O 93.92670441 98.19763947 99.26102448
C 95.05801392 97.02571869 96.14649200
C 97.41515350 95.85916901 96.57763672
C 93.02342987 98.44998932 96.39940643
C 94.80727386 96.88103485 94.75912476
C 98.41767883 95.51675415 97.48334503
C 97.49462891 95.26171875 95.31596375
C 92.80702209 98.35686493 94.99298859
H 92.38617706 99.00230408 97.04240417
C 93.73278809 97.58934021 94.18892670
H 95.45223236 96.38391113 94.04768372
N 99.23767090 95.22724915 98.29413605
N 97.51136780 94.79419708 94.27257538
H 92.01715851 98.88823700 94.52610779
H 93.63362885 97.47471619 93.06137085
H 97.70156097 96.73439789 99.43357086
C 93.71993256 99.01564789 110.69535065
C 92.85839844 98.00952148 110.26660156
C 94.55621338 98.72290802 111.77854156
C 92.85476685 96.70870972 110.89197540
H 92.28257751 98.29418945 109.36985016
C 94.42570496 97.54205322 112.53472137
H 95.29190063 99.42805481 112.16220856
C 93.60270691 96.51326752 112.08389282
H 92.23346710 95.90512848 110.56346130
H 94.90203857 97.46490479 113.48849487
C 98.95471954 99.37702179 105.81421661
C 99.06006622 98.00697327 106.16516876
C 100.08946228 100.18811035 105.95704651
C 100.28442383 97.48462677 106.64899445
H 98.21331024 97.40251923 106.02106476
C 101.37155151 99.64600372 106.32334137
H 100.16513824 101.20974731 105.72814178
C 101.43441772 98.30426025 106.68700409
H 100.43010712 96.40953827 106.86194611
H 102.23583984 100.23553467 106.50637817
C 97.59776306 101.21989441 104.48865509
C 96.76369476 102.36786652 104.78774261
C 98.31686401 101.19638824 103.26355743
C 96.84126282 103.50912476 103.97117615
H 96.21872711 102.43385315 105.72654724
C 98.35524750 102.34008026 102.44186401
H 98.85354614 100.27212524 103.06607056
C 97.65211487 103.47714996 102.78934479
H 96.24279785 104.27338409 104.29843140
H 98.98907471 102.23958588 101.57075500
C 92.58032990 101.14436340 109.70529175
C 91.44709778 101.05174255 110.54798126
C 92.48117828 102.11984253 108.66771698
C 90.26816559 101.79494476 110.33737946
H 91.39248657 100.25008392 111.25233459
C 91.32145691 102.95326996 108.51708984
H 93.26898193 102.28701782 107.92590332
C 90.23070526 102.79236603 109.31660461
H 89.34986115 101.49685669 110.80290985
H 91.41899872 103.66085815 107.67307281
C 97.75234222 104.76090240 101.98852539
H 97.20087433 105.56394196 102.46745300
H 98.73823547 105.01939392 102.01155090
C 97.07123566 104.55924225 100.57679749
H 97.66323853 103.81258392 100.10420990
H 96.09062195 104.03952789 100.74384308
C 97.04740143 105.73027802 99.69725800
H 98.01688385 106.06120300 99.37284088
H 96.51651764 105.34886169 98.76219177
C 93.52940369 95.24452972 112.94676208
H 93.26336670 95.49924469 113.95671844
H 92.61530304 94.68013763 112.65373993
C 94.70777893 94.29225922 112.96451569
H 94.35512543 93.39418793 113.46003723
H 95.05435181 94.15810394 111.93070221
C 95.95678711 94.86128235 113.74164581
H 95.62208557 95.25376892 114.69575500
H 96.50764465 95.68850708 113.27979279
C 88.96278381 103.62882996 109.00407410
H 88.56038666 104.06431580 109.98941803
H 89.21945953 104.49768829 108.47429657
C 87.84914398 102.74517822 108.30256653
H 88.32865906 102.28873444 107.44387054
H 87.57715607 101.99565125 109.02581787
C 86.56321716 103.48676300 107.80091858
H 86.02578735 103.68083954 108.71481323
H 86.83283234 104.46968079 107.34855652
C 102.73371124 97.70657349 107.09415436
H 103.07431030 98.08499908 108.04550171
H 103.50537109 98.15000153 106.43315887
C 102.95834351 96.17002106 107.11588287
H 103.85981750 95.98772430 107.74191284
H 102.17651367 95.64357758 107.69425201
C 102.97854614 95.40365601 105.79788971
H 103.54998016 95.90509033 105.01755524
H 101.94111633 95.34334564 105.33898926
C 96.95929718 93.74773407 114.02665710
H 97.19226074 93.21844482 113.04336548
H 97.95783997 94.16108704 114.30886841
C 103.62542725 93.99575806 106.01641846
H 104.63533783 94.31478119 106.34665680
H 103.13773346 93.45927429 106.85630035
C 85.69976807 102.62827301 106.93840790
H 86.22080231 102.51007080 105.94372559
H 85.75186920 101.67122650 107.41738129
C 96.16634369 106.87435913 100.07395935
H 95.16546631 106.52873993 100.18099213
H 96.32142639 107.23768616 101.09250641
C 84.30780792 103.19609833 106.56153870
H 84.49326324 104.21236420 106.26911163
H 83.63277435 103.25139618 107.41069031
C 103.63271332 93.15633392 104.71687317
H 104.22566986 93.73976898 104.01911163
H 102.65587616 92.93118286 104.28462982
C 96.55857086 92.75541687 115.06011200
H 97.27194214 91.83489990 114.97574615
H 95.60449982 92.31510925 114.88361359
C 96.18651581 108.03550720 99.08789062
H 97.21104431 108.39395142 99.04467010
H 96.00218201 107.69642639 98.10202789
C 96.63297272 93.13540649 116.51741791
H 96.06032562 92.47052765 117.13791656
H 97.69240570 93.05829620 116.88785553
H 96.12831879 94.08160400 116.69890594
C 104.31735229 91.76616669 104.90765381
H 105.26742554 91.84545898 105.47961426
H 103.75452423 91.10996246 105.50334930
H 104.69451904 91.23680878 103.97071075
C 83.59838867 102.28805542 105.49428558
H 84.25239563 102.16271973 104.58956909
H 83.53178406 101.27233124 105.91613770
H 82.64549255 102.73152924 105.24332428
C 95.21264648 109.13617706 99.44876099
H 95.45513916 109.50491333 100.46887207
H 95.18145752 109.94152069 98.69619751
H 94.22674561 108.69822693 99.46616364
C 86.93772888 93.14774323 105.82441711
C 86.63444519 93.29454803 107.13938141
C 87.59439087 93.92839813 108.02218628
C 88.71266174 94.55490875 107.50118256
C 89.10164642 94.37950134 106.18367004
C 88.22722626 93.69052887 105.29460144
H 86.30323792 92.59909821 105.08999634
H 89.28716278 95.18876648 108.16145325
C 85.33824158 92.78176880 107.87163544
C 85.68336487 93.39566040 109.20972443
C 86.96617126 93.98278809 109.28240967
C 84.99403381 93.63393402 110.41717529
C 85.78582764 94.26397705 111.40277100
S 87.44213104 94.46021271 110.85617065
C 90.37041473 94.86608124 105.36250305
C 90.04643250 94.35050201 104.01788330
C 88.82517242 93.65200806 104.00457001
C 90.70068359 94.31407928 102.73805237
C 89.87686157 93.70920563 101.75534821
S 88.36374664 93.10314941 102.35847473
C 85.10114288 94.61424255 112.60339355
S 83.42657471 93.30594635 111.01053619
S 92.07366943 95.00835419 102.02496338
C 90.36414337 93.76625061 100.47182465
C 83.77143097 94.24806213 112.43350983
C 91.64427948 94.34941864 100.44301605
H 85.47790527 95.13170624 113.36476135
H 89.90408325 93.38904572 99.60029602
C 92.38829041 94.04685211 99.28795624
C 93.63375854 93.50331116 98.97434998
C 94.68951416 93.18273926 100.02791595
C 94.19220734 93.14605713 97.63345337
C 95.86598206 92.62635040 99.32601166
O 94.57900238 93.22761536 101.22273254
C 95.59734344 92.55466461 97.91349792
C 93.61106110 93.15998077 96.36807251
C 97.07164001 92.15285492 99.87677765
C 96.65262604 92.15818787 97.08640289
C 92.70900726 94.20392609 96.03815460
C 94.11017609 92.55770874 95.15628815
C 98.05166626 91.81433868 98.98371887
H 97.34530640 92.32554626 100.88481903
C 97.89519501 91.78623962 97.58140564
H 96.56266785 92.18547058 95.99935913
N 91.96545410 95.05893707 95.80892181
N 94.50631714 92.03771973 94.15547180
H 99.03456879 91.62428284 99.40174103
H 98.65193939 91.57481384 96.90679932
H 91.75242615 94.25239563 98.49781799
C 82.91059113 94.50602722 113.52444458
C 82.65687561 95.66474915 114.31979370
C 83.06702423 97.01260376 113.96742249
C 81.82913971 95.73482513 115.52482605
C 82.50528717 97.88394165 114.97773743
O 83.76069641 97.38436127 112.97857666
C 81.79348755 97.15267944 115.98450470
C 81.18006897 94.76451874 116.30311584
C 82.68640900 99.24653625 115.09020996
C 81.19553375 97.85925293 117.06411743
C 81.29283905 93.40868378 116.01781464
C 80.39765930 94.93994141 117.50214386
C 82.12080383 99.98947906 116.12355804
H 83.32673645 99.70874786 114.36271667
C 81.41066742 99.29691315 117.12463379
H 80.56005096 97.42968750 117.81886292
N 81.43888855 92.29329681 115.79924774
N 79.77040100 95.07278442 118.45173645
H 82.03251648 101.03424072 116.32836151
H 80.99012756 99.81104279 117.94408417
H 82.22128296 93.67522430 113.71095276
C 91.65999603 94.14504242 105.89211273
C 92.93669128 94.77018738 105.97188568
C 91.61296082 92.77839661 106.20634460
C 94.03541565 94.04020691 106.38829041
H 93.05792999 95.84689331 105.69535065
C 92.74176788 92.06916046 106.61498260
H 90.69429016 92.26764679 106.01472473
C 94.02134705 92.68571472 106.72393799
H 94.93982697 94.64146423 106.39795685
H 92.71025848 90.98735046 106.88045502
C 85.26851654 91.18179321 107.95710754
C 86.14746094 90.36768341 107.22666168
C 84.30464172 90.52210236 108.77706909
C 86.05500031 88.96605682 107.24983978
H 86.94165039 90.73299408 106.59729004
C 84.28884125 89.08355713 108.88118744
H 83.56175232 91.14882660 109.23425293
C 85.18759155 88.30014801 108.15924835
H 86.69155121 88.39228058 106.57111359
H 83.66085052 88.52649689 109.54347992
C 84.16716766 93.45906067 107.08181763
C 84.04609680 94.87954712 107.10283661
C 83.34694672 92.78475189 106.24155426
C 83.23542023 95.54338074 106.20310211
H 84.62626648 95.54730988 107.72145844
C 82.38641357 93.39286804 105.46398163
H 83.48233032 91.72695160 106.12190247
C 82.28922272 94.78468323 105.44597626
H 83.13721466 96.61125946 106.21314240
H 81.67684174 92.78707123 104.87785339
C 90.43325043 96.44604492 105.36511230
C 90.63243866 97.17726898 106.58599091
C 90.25500488 97.22571564 104.18203735
C 90.71105194 98.56866455 106.67186737
H 90.78485870 96.69240570 107.51142120
C 90.36048889 98.62152100 104.29973602
H 89.86122131 96.78516388 103.29846954
C 90.56024170 99.30197906 105.48838806
H 90.82136536 98.90967560 107.72835541
H 90.13772583 99.19849396 103.43983459
C 81.18614197 95.38516998 104.65742493
H 80.18980408 95.10440063 104.98183441
H 81.27613831 96.44071198 104.82666016
C 81.38905334 95.26074982 103.12684631
H 80.93627167 95.99057007 102.52533722
H 82.46875000 95.36258698 102.97731018
C 81.02433777 93.90737152 102.55818176
H 81.70944977 93.16353607 103.00301361
H 79.99150848 93.62360382 102.92196655
C 95.31662750 91.98596954 107.11531067
H 95.32924652 90.99959564 106.73158264
H 96.16131592 92.50682068 106.58196259
C 95.61538696 91.99186707 108.63327789
H 96.54251862 91.47113800 108.72539520
H 95.94828796 92.99653625 108.93589783
C 94.48504639 91.48068237 109.57659149
H 93.94976044 90.69081116 109.04677582
H 93.71146393 92.18398285 109.66950989
C 90.38091278 100.85166168 105.61544800
H 89.36721802 101.01882172 105.47423553
H 90.53461456 101.11388397 106.64125824
C 91.28340149 101.66626740 104.64071655
H 90.94490814 101.46749115 103.64688110
H 91.30923462 102.78037262 104.74630737
C 92.76558685 101.31853485 104.72133636
H 93.10105133 101.83532715 105.65852356
H 92.87655640 100.25733185 104.94697571
C 85.21630096 86.80737305 108.33851624
H 85.21623993 86.55966187 109.39046478
H 86.17572021 86.52025604 108.03179169
C 84.11505890 86.10270691 107.62227631
H 84.26808929 85.05722809 107.77523804
H 83.13706970 86.23285675 108.11734009
C 84.07809448 86.44788361 106.12214661
H 85.09610748 86.39160919 105.79249573
H 83.71143341 87.43648529 105.91344452
C 95.02419281 91.03376770 110.99208832
H 95.84935760 90.28495789 110.94907379
H 95.52500916 91.90850067 111.49747467
C 83.17383575 85.42028046 105.42778015
H 83.53556061 84.39949036 105.53914642
H 82.13033295 85.55306244 105.81096649
C 93.58207703 101.83715820 103.59261322
H 93.70206451 102.88664246 103.60765076
H 94.52957153 101.39744568 103.56063843
C 81.09823608 93.97381592 101.03086090
H 80.28458405 94.71282959 100.80809784
H 82.04806519 94.36917877 100.69233704
C 93.13052368 101.48335266 102.17465973
H 92.25564575 102.13593292 101.89910126
H 92.77733612 100.43759155 102.09324646
C 83.06948090 85.73606873 103.91528320
H 84.00270081 85.71601868 103.36476898
H 82.74755096 86.74555206 103.78004456
C 93.92250061 90.39093018 111.93769836
H 93.45586395 89.54500580 111.40901947
H 93.04998779 91.02026367 112.09650421
C 80.68466187 92.67711639 100.26940155
H 81.21885681 91.79686737 100.72878265
H 79.65106201 92.52682495 100.47899628
C 94.57881165 89.92280579 113.25560760
H 95.43896484 90.47325134 113.63388062
H 94.01771545 89.85228729 114.16727448
H 94.98897552 88.93389130 113.17064667
C 82.07875061 84.76750946 103.23441315
H 81.12266541 84.85270691 103.69223785
H 81.91692352 85.06072998 102.15686035
H 82.24785614 83.67649841 103.22087860
C 94.28348541 101.75584412 101.16701508
H 95.06176758 101.11246490 101.46707153
H 93.99995422 101.42695618 100.15639496
H 94.65292358 102.78257751 101.12976837
C 80.79993439 92.78141785 98.75057220
H 80.33416748 91.78609467 98.43793488
H 80.27854919 93.66025543 98.28739929
H 81.72730255 92.75420380 98.36401367
",0.006
13,"372

C 65.30023193 132.26167297 71.94423676
C 66.52635956 132.35539246 72.61123657
C 67.35753632 133.57261658 72.48738861
C 66.95058441 134.73905945 71.77767181
C 65.71944427 134.58674622 71.12091827
C 64.91887665 133.37794495 71.18138123
H 64.64417267 131.50537109 72.11934662
H 67.57563782 135.59045410 71.77097321
C 67.25652313 131.36585999 73.52828217
C 68.55963135 132.11061096 73.83116913
C 68.63343811 133.33293152 73.19580841
C 69.77719116 131.75411987 74.40757751
C 70.70944214 132.81640625 74.42418671
S 70.15589905 134.20289612 73.48126984
C 64.88922882 135.64356995 70.31524658
C 63.72319794 134.79890442 69.76510620
C 63.72701263 133.53919983 70.38510895
C 62.69520569 134.97543335 68.78231049
C 61.92887878 133.80065918 68.59789276
S 62.35975647 132.56739807 69.81713104
C 71.87640381 132.47538757 75.01544189
S 70.42063904 130.41314697 75.24572754
S 62.33375931 136.22528076 67.64526367
C 61.09508514 133.88388062 67.54676819
C 71.91809845 131.18789673 75.60396576
C 61.01490402 135.18740845 66.90012360
H 72.75656891 133.06375122 75.02542877
H 60.44101334 133.13023376 67.14454651
C 60.37086105 135.42460632 65.66889191
C 59.11504745 135.12757874 65.09729004
C 58.03244019 134.58111572 65.85067749
C 58.65055847 135.35398865 63.74007034
C 56.90555191 134.36114502 64.92913818
O 58.00993729 134.31346130 67.04147339
C 57.29127884 134.79379272 63.63264084
C 59.34273911 135.85021973 62.62887192
C 55.64589691 133.85343933 65.23387909
C 56.32878876 134.61663818 62.60469818
C 60.78014374 136.09184265 62.47806549
C 58.73513794 136.10160828 61.38199615
C 54.74010086 133.79396057 64.18875885
H 55.27980423 133.70207214 66.23641205
C 55.07667923 134.12913513 62.90539551
H 56.53062820 134.85629272 61.58578491
N 61.89522934 136.30261230 62.45214081
N 58.25633621 136.25140381 60.34986496
H 53.79647064 133.37889099 64.36074066
H 54.45491791 133.97546387 62.08428574
H 61.09219742 136.05140686 65.16119385
C 73.09410858 130.65769958 76.27639771
C 73.45469666 129.87385559 77.39976501
C 72.55110168 128.99032593 78.08358765
C 74.82101440 129.71728516 77.88319397
C 73.39027405 128.30392456 79.07070160
O 71.37990570 128.75021362 77.92860413
C 74.74365234 128.71031189 78.98694611
C 76.05554199 130.36889648 77.47871399
C 72.99512482 127.40823364 80.07728577
C 75.74308777 128.17100525 79.82291412
C 76.27614594 131.22355652 76.32817841
C 77.25148773 130.36271667 78.19377899
C 73.90679932 126.88004303 80.97344971
H 71.99786377 127.04319000 80.11769867
C 75.27678680 127.26131439 80.79679108
H 76.75375366 128.43157959 79.88667297
N 76.50420380 131.84616089 75.38355255
N 78.24456024 130.36976624 78.78926086
H 73.59850311 126.21441650 81.78599548
H 75.99080658 126.88506317 81.49237823
H 73.89781189 131.00691223 75.67993164
C 65.69221497 136.19519043 69.10856628
C 65.51201630 137.50941467 68.59676361
C 66.61605072 135.40760803 68.49539185
C 66.19698334 137.90879822 67.52129364
H 64.87120056 138.14044189 69.08398438
C 67.39130402 135.83512878 67.39656830
H 66.65151978 134.29742432 68.77773285
C 67.10494995 137.13374329 66.85858917
H 66.06960297 138.93072510 67.26471710
H 68.16305542 135.27290344 66.97551727
C 67.34386444 130.03160095 72.78861237
C 68.34436035 129.77844238 71.82051086
C 66.40634918 128.99928284 72.93585205
C 68.39466095 128.63751221 71.00832367
H 69.01632690 130.56741333 71.52972412
C 66.43692780 127.75991821 72.21471405
H 65.75083160 129.08209229 73.75163269
C 67.45748138 127.64066315 71.22934723
H 69.13423920 128.51779175 70.31390381
H 65.77066040 126.89904785 72.37746429
C 66.50511932 131.33139038 74.93660736
C 65.74961853 132.49147034 75.35879517
C 66.42671204 130.19419861 75.79855347
C 65.04628754 132.47959900 76.55735016
H 65.74632263 133.32908630 74.69527435
C 65.58958435 130.14384460 76.90532684
H 67.07475281 129.29850769 75.58345795
C 64.87177277 131.33549500 77.32002258
H 64.51969910 133.36381531 76.78378296
H 65.49387360 129.18167114 77.44772339
C 64.33860779 136.66346741 71.42182159
C 62.98645020 136.65779114 71.94281769
C 65.26206207 137.53604126 72.02595520
C 62.58223724 137.46771240 73.03583527
H 62.21442032 135.90744019 71.64652252
C 64.86848450 138.28279114 73.11268616
H 66.32950592 137.54316711 71.67887115
C 63.58964920 138.28312683 73.61468506
H 61.54204178 137.43698120 73.54537201
H 65.52155304 139.01690674 73.41864777
C 63.98386002 131.37020874 78.53331757
H 63.88831329 130.32563782 78.94435120
H 64.44035339 131.99949646 79.28578186
C 62.55118942 131.92164612 78.40811157
H 62.11662292 131.97058105 79.41824341
H 62.38467026 132.93984985 78.05862427
C 61.65474701 130.97947693 77.56626129
H 61.94005966 129.95793152 77.67942047
H 60.65245438 131.12660217 78.03517151
C 67.90928650 137.68675232 65.65909576
H 68.16697693 136.81193542 64.97367859
H 67.17329407 138.22572327 65.05869293
C 69.13021851 138.55352783 65.94025421
H 69.63606262 138.94136047 65.06188202
H 68.76051331 139.43336487 66.42705536
C 70.29132843 137.93690491 66.80432129
H 69.90776825 137.61799622 67.79132843
H 71.08603668 138.71667480 67.09146118
C 63.27521896 139.12127686 74.85384369
H 64.21501923 139.69569397 74.95855713
H 62.38946152 139.68664551 74.56510925
C 63.28811646 138.32830811 76.16368103
H 64.07823944 137.53025818 76.35946655
H 63.46681213 139.05737305 76.86615753
C 61.94436264 137.64509583 76.44335175
H 61.19227219 138.23750305 76.08437347
H 61.95804596 136.73605347 75.81790924
C 67.64699554 126.36705017 70.48856354
H 68.62968445 126.39933014 69.96360779
H 66.79738617 126.43051910 69.83821869
C 67.45166779 124.99585724 71.22936249
H 68.10742950 124.99791718 72.08979034
H 66.44958496 124.91989136 71.54241180
C 67.96418762 123.87356567 70.39136505
H 68.98390961 124.06476593 70.06995392
H 67.36910248 123.81201172 69.46169281
C 70.95194244 136.71366882 66.12953949
H 70.06153107 136.06542969 66.05010223
H 71.31680298 136.90660095 65.15020752
C 67.76702881 122.49861145 70.96672058
H 68.41752625 121.79567719 70.42102051
H 68.19370270 122.50279999 71.91674042
C 61.65486145 137.28610229 77.88002014
H 62.60238647 137.19731140 78.44986725
H 61.17687607 138.26945496 78.29180145
C 61.48133469 131.22257996 76.09590149
H 61.07905197 132.34631348 75.96721649
H 62.43201447 131.36730957 75.65289307
C 60.56438065 136.20606995 78.23325348
H 60.99612045 135.22122192 78.16688538
H 59.79780197 136.17195129 77.46562195
C 66.38014221 121.95468903 71.01859283
H 66.17583466 121.89405060 69.94836426
H 65.70848083 122.70793152 71.38620758
C 71.93309021 136.15097046 67.10758972
H 71.64167786 136.06211853 68.12255096
H 72.74513245 136.73271179 67.28878784
C 60.56377411 130.22827148 75.37234497
H 60.69409561 129.15225220 75.65021515
H 59.62306976 130.55175781 75.62446594
C 72.38633728 134.76136780 66.72690582
H 73.06342316 134.75389099 65.93664551
H 72.90432739 134.09626770 67.47277069
H 71.52679443 134.20507812 66.46475220
C 66.26789856 120.57797241 71.69914246
H 65.24461365 120.19525909 71.74874115
H 66.84482574 119.86608124 71.15575409
H 66.52037048 120.63004303 72.73738098
C 60.05849838 136.48239136 79.63283539
H 59.91066360 135.52539062 80.10738373
H 60.77509308 136.94149780 80.28289032
H 59.08057404 136.94024658 79.53840637
C 60.74926376 130.31303406 73.85793304
H 61.73793411 130.08290100 73.53612518
H 59.97727585 129.81651306 73.28292084
H 60.73082352 131.35034180 73.58834076
C 67.91177368 125.61610413 82.15516663
C 68.58419800 126.74343109 81.64060974
C 69.71947479 127.33643341 82.22624969
C 70.34563446 126.65493011 83.29535675
C 69.74711609 125.44792175 83.81276703
C 68.56759644 124.94547272 83.16413116
H 66.97803497 125.33879852 81.68565369
H 71.22271729 126.87654114 83.86204529
C 68.07516479 127.64040375 80.37187195
C 69.00741577 128.87503052 80.64057922
C 69.95993805 128.61190796 81.64043427
C 69.28623962 130.07357788 79.98332214
C 70.33293152 130.80027771 80.61540222
S 71.13673401 129.90907288 81.92572021
C 70.27758789 124.55583954 84.97489929
C 69.16423798 123.52642822 84.89618683
C 68.19504547 123.78226471 83.86082458
C 68.89286041 122.30400085 85.53669739
C 67.73317719 121.70106506 85.00962067
S 66.98918152 122.58515930 83.72901917
C 70.50157928 132.07937622 80.11917114
S 68.59020233 130.90782166 78.65862274
S 69.58566284 121.35251617 86.80274963
C 67.45534515 120.45601654 85.64279938
C 69.64691162 132.28465271 78.97963715
C 68.43508911 120.03249359 86.53948212
H 71.16060638 132.82499695 80.54624939
H 66.71044922 119.73996735 85.34661102
C 68.28382111 118.86785889 87.38300323
C 68.20603943 117.46991730 87.24259949
C 68.20315552 116.76048279 85.93431091
C 68.21219635 116.42854309 88.30458069
C 68.33634949 115.28421021 86.18101501
O 68.22954559 117.22929382 84.79898071
C 68.33193207 115.05872345 87.59860229
C 68.27880859 116.54624939 89.69513702
C 68.54382324 114.25977325 85.23835754
C 68.29145813 113.71974182 88.02011871
C 67.85153961 117.74448395 90.40950775
C 68.42284393 115.47222137 90.62036133
C 68.64674377 112.93642426 85.74985504
H 68.76039886 114.58142853 84.18079376
C 68.53413391 112.68122101 87.08342743
H 67.96182251 113.31816864 89.02915192
N 67.43021393 118.67503357 90.97223663
N 68.53490448 114.57588959 91.37016296
H 68.84859467 112.09197235 85.09086609
H 68.62442780 111.59121704 87.37782288
H 68.37506866 119.17072296 88.38278961
C 69.68988800 133.49948120 78.20808411
C 70.71262360 134.32293701 77.74546051
C 72.20087433 134.09941101 77.91225433
C 70.52444458 135.55419922 76.92137146
C 72.89817047 135.23277283 77.33155060
O 72.73089600 133.10946655 78.41661835
C 71.92404938 136.07337952 76.67498779
C 69.32819366 136.03375244 76.35213470
C 74.31567383 135.51733398 77.22434998
C 72.47287750 137.10385132 75.90561676
C 68.04611969 135.52616882 76.56912994
C 69.28087616 137.12492371 75.41567230
C 74.78036499 136.57723999 76.47474670
H 75.04865265 134.86744690 77.81127167
C 73.85839081 137.35722351 75.83068848
H 71.87001801 137.72517395 75.33490753
N 67.00265503 135.10116577 76.74194336
N 69.22142029 137.97027588 74.63526917
H 75.82138062 136.64393616 76.51147461
H 74.17369080 138.14866638 75.27589417
H 68.65229034 133.80007935 78.00353241
C 70.29981232 125.25823212 86.36284637
C 69.56453705 126.48638153 86.61255646
C 70.80048370 124.58234406 87.50539398
C 69.63343048 127.13575745 87.84650421
H 69.02919769 126.98036194 85.79103088
C 70.82643890 125.21844482 88.76204681
H 71.24040222 123.63221741 87.37895203
C 70.25633240 126.48842621 88.94053650
H 69.30142212 128.10893250 88.13061523
H 71.33489990 124.72482300 89.60791779
C 66.58444214 127.93598938 80.62833405
C 66.18214417 129.09051514 81.32697296
C 65.63722229 126.99139404 80.19779205
C 64.83299255 129.29362488 81.53571320
H 66.97868347 129.77615356 81.62329865
C 64.25032043 127.17755127 80.44878387
H 65.97002411 126.11518860 79.72186279
C 63.86782455 128.32702637 81.17313385
H 64.53246307 130.18997192 81.99546051
H 63.50859833 126.41571045 80.07897186
C 68.48518372 126.97410583 79.05708313
C 69.46498871 125.92937469 78.88403320
C 67.85987854 127.42057037 77.86669159
C 69.84149170 125.36131287 77.62046814
H 70.02371979 125.37664795 79.63240814
C 68.23767090 126.92240906 76.59322357
H 67.16242981 128.21154785 77.85306549
C 69.26920319 126.04284668 76.45697784
H 70.69580078 124.65065765 77.45559692
H 67.89547729 127.32514954 75.65660858
C 71.68241882 124.08808136 84.53289032
C 72.83717346 124.80738068 84.83110809
C 71.85591125 122.97128296 83.64906311
C 74.14189911 124.33973694 84.46463776
H 72.82678986 125.65451050 85.50188446
C 73.13322449 122.64124298 83.10210419
H 71.02706909 122.33291626 83.40193176
C 74.28385925 123.28350067 83.57472992
H 75.00714111 124.78163147 84.83753967
H 73.28587341 121.81592560 82.38973236
C 69.66635132 125.65445709 75.07591248
H 70.16426849 124.72582245 75.08039093
H 68.71102905 125.49323273 74.54500580
C 70.52136993 126.79508972 74.47630310
H 70.49287415 126.80023956 73.37676239
H 70.18098450 127.75023651 74.70877838
C 71.92592621 126.60223389 74.87462616
H 72.05335236 126.87889862 75.90670776
H 72.10809326 125.52733612 74.76574707
C 70.17513275 127.10789490 90.34166718
H 70.93953705 126.67829895 90.95336151
H 70.35408783 128.22590637 90.32790375
C 68.74352264 127.09304810 90.94136047
H 68.11009216 127.67887115 90.24379730
H 68.30218506 126.11624908 90.94056702
C 68.82173157 127.51212311 92.41487885
H 69.12089539 128.54586792 92.48358917
H 69.58560944 127.04061890 93.04768372
C 75.62447357 122.85691071 83.07358551
H 76.45396423 123.08471680 83.77192688
H 75.66549683 121.75499725 83.02864838
C 76.07705688 123.44789886 81.67812347
H 76.19202423 124.49104309 81.87989044
H 77.10134888 123.17066193 81.59394836
C 75.19967651 123.15233612 80.48769379
H 75.16117096 122.12348175 80.32209778
H 74.13349915 123.34870148 80.62239075
C 62.40945435 128.58895874 81.59027100
H 61.65330505 127.97833252 80.99478149
H 62.25896835 129.57356262 81.17838287
C 62.19986343 128.29208374 83.04413605
H 62.37802887 127.21467590 83.20098114
H 62.83287430 128.85371399 83.68311310
C 60.77040482 128.46090698 83.54818726
H 60.07257462 128.34518433 82.70232391
H 60.73122787 129.53814697 83.92307281
C 67.43857574 127.34432220 93.16726685
H 67.06027222 126.38898468 92.86174011
H 67.43159485 127.41651154 94.24774170
C 60.39541245 127.53511047 84.70158386
H 60.10279083 126.56366730 84.37073517
H 61.24029160 127.33657074 85.39093018
C 75.61026764 123.98500061 79.24718475
H 76.00844574 124.94463348 79.52014160
H 76.46292877 123.48014069 78.74182129
C 72.90290070 127.44188690 74.04061890
H 73.10515594 126.90881348 73.10828400
H 72.46334076 128.32102966 73.74691010
C 74.38998413 124.16988373 78.36110687
H 73.59056854 124.72189331 78.96534729
H 73.97664642 123.20285797 78.13362122
C 59.25754547 128.21255493 85.45277405
H 58.41217422 128.42411804 84.77869415
H 59.49207306 129.19894409 85.83283234
C 66.44826508 128.28044128 92.60179138
H 66.51786804 128.30804443 91.48626709
H 66.64687347 129.32389832 92.80712891
C 74.34951019 127.51603699 74.66850281
H 74.26773071 127.73539734 75.69802094
H 74.80384827 126.51066589 74.55564880
C 65.01533508 127.86891174 92.86940765
H 64.39707184 128.62162781 92.40793610
H 64.76763916 126.86996460 92.54727173
H 64.85327148 127.97977448 93.92565918
C 58.80337906 127.34976196 86.59395599
H 58.11470795 126.54337311 86.30355835
H 59.61938477 126.98951721 87.27288055
H 58.15903473 128.08386230 87.15670013
C 74.62703705 125.05173492 77.14630890
H 73.65881348 125.32135773 76.68115997
H 75.05473328 126.03974915 77.33470154
H 75.25185394 124.49913788 76.44988251
C 75.19300842 128.58282471 74.06082916
H 75.76105499 128.32540894 73.12788391
H 74.64775848 129.51956177 73.85945129
H 75.96037292 128.65774536 74.77524567
",0.011
14,"372

C 64.92173004 80.32414246 94.55380249
C 64.98583984 81.72972870 94.36077881
C 63.80271149 82.50767517 94.51894379
C 62.48467255 81.97569275 94.69624329
C 62.35051346 80.58598328 94.73451233
C 63.56316757 79.76722717 94.71109009
H 65.79272461 79.68509674 94.53167725
H 61.66754913 82.69536591 94.68460083
C 66.26867676 82.53675842 94.19594574
C 65.63076782 83.96369934 94.31584167
C 64.25478363 83.89160919 94.46480560
C 66.08228302 85.30065155 94.10169220
C 65.03752136 86.21620178 94.17276001
S 63.46514893 85.45034790 94.39482880
C 61.12470627 79.74942780 94.70716095
C 61.72819519 78.30898285 94.74787140
C 63.15237045 78.37987518 94.81576538
C 61.35176849 77.00573730 94.93083191
C 62.41637802 76.13633728 95.13096619
S 63.96159744 76.92731476 95.02838898
C 65.43034363 87.60185242 94.19160461
S 67.57935333 86.19114685 93.74000549
S 59.83974838 76.13722229 95.23040009
C 62.07622147 74.83355713 95.47933960
C 66.82933807 87.75837708 94.09478760
C 60.70508575 74.60483551 95.47624207
H 64.66233826 88.40869904 94.33779907
H 62.75370407 74.07415771 95.68109894
C 60.15737534 73.27832031 95.46556854
C 60.44672394 72.03985596 95.97730255
C 61.50911331 71.78582001 96.96678162
C 59.71268082 70.74628448 95.74801636
C 61.45159912 70.34468079 97.26694489
O 62.40414047 72.56063843 97.47622681
C 60.46994781 69.67060089 96.58229828
C 58.63829803 70.46765900 94.91001892
C 62.28276443 69.67943573 98.15625763
C 60.34346771 68.24733734 96.70018768
C 57.90330887 71.32415771 94.09502411
C 58.15817642 69.16126251 94.62226105
C 62.23915100 68.31821442 98.27690125
H 63.12928772 70.20005035 98.66878510
C 61.26137161 67.57026672 97.53747559
H 59.70441437 67.61460876 96.12287140
N 57.26857758 72.07866669 93.45915985
N 57.77973175 68.07013702 94.35099030
H 62.91601562 67.86475372 98.99361420
H 61.23387527 66.48533630 97.70649719
H 59.31466675 73.32161713 94.87026978
C 67.57759094 89.03748322 94.16835785
C 67.28705597 90.33107758 94.67217255
C 66.22229767 90.58839417 95.67034912
C 68.02787018 91.58788300 94.41595459
C 66.28383636 92.00344849 96.00166321
O 65.49152374 89.79840088 96.20201111
C 67.38330078 92.60827637 95.31218719
C 69.26321411 91.78794098 93.69888306
C 65.38516998 92.68081665 96.84042358
C 67.63473511 94.00232697 95.54217529
C 69.98573303 90.86950684 92.84102631
C 69.98126984 92.97139740 93.83802795
C 65.57962799 94.02899933 96.92775726
H 64.57652283 92.23217773 97.34445953
C 66.67026520 94.69991302 96.29090118
H 68.45876312 94.60224915 95.07365417
N 70.50595856 90.11843109 92.12686157
N 70.58648682 93.93421173 93.86311340
H 64.91615295 94.67488861 97.47505951
H 66.81756592 95.80915070 96.53716278
H 68.47023010 88.99584961 93.56979370
C 60.34838486 79.77716827 93.36002350
C 59.07120895 79.16001892 93.21313477
C 61.06021500 80.06200409 92.12683868
C 58.48136902 78.92136383 91.95276642
H 58.54747009 78.90793610 94.09786224
C 60.49208069 79.85357666 90.87333679
H 62.07084274 80.37841797 92.16110992
C 59.23065186 79.23118591 90.77591705
H 57.44208145 78.59286499 91.94124603
H 61.01193237 80.17534637 90.02198029
C 66.65747070 82.31785583 92.74721527
C 65.94866943 82.82843018 91.59835052
C 67.65682983 81.43376160 92.39432526
C 66.17893219 82.51413727 90.23163605
H 65.11179352 83.45705414 91.73964691
C 67.99066925 81.10848236 91.01929474
H 68.15941620 80.91815948 93.21363831
C 67.25708771 81.66124725 89.95413971
H 65.42269135 82.97531128 89.54763794
H 68.80474854 80.40692139 90.78954315
C 67.43019867 82.45281219 95.20570374
C 68.64896393 83.21521759 94.95817566
C 67.39751434 81.64252472 96.35929108
C 69.73306274 83.15946198 95.87734222
H 68.85573578 83.95978546 94.15764618
C 68.52837372 81.50739288 97.15901184
H 66.47589111 81.12607574 96.53345490
C 69.73384857 82.23536682 96.88607025
H 70.56163025 83.82384491 95.72388458
H 68.39436340 80.72016144 97.94966888
C 60.28847504 80.05937958 95.96883392
C 59.35340118 81.10432434 95.90962982
C 60.55422974 79.42938995 97.18940735
C 58.68510818 81.51934052 97.06649780
H 59.02707672 81.60155487 95.04568481
C 59.83430862 79.85153961 98.36385345
H 61.22447586 78.56932831 97.23400879
C 58.99049759 80.96372223 98.33727264
H 57.93044281 82.32092285 97.09226990
H 60.02453232 79.39257812 99.35712433
C 70.89894867 82.06243134 97.79954529
H 70.61339569 81.32448578 98.51197052
H 71.80235291 81.72650146 97.22945404
C 71.21971130 83.48475647 98.53365326
H 71.57416534 84.20025635 97.85024261
H 70.25493622 83.89595795 98.92047882
C 72.07275391 83.16821289 99.70831299
H 71.59700775 82.49388123 100.41745758
H 72.92852020 82.59491730 99.39840698
C 58.58534622 78.91809845 89.38397217
H 59.12957001 78.15225983 88.82384491
H 57.63257599 78.41358948 89.50257874
C 58.50095367 80.15129852 88.52094269
H 57.93114090 80.94194794 89.09515381
H 59.44643784 80.60900879 88.50085449
C 57.80682755 80.07061768 87.15785217
H 56.67409515 79.78913879 87.27655792
H 58.34621429 79.27070618 86.58118439
C 58.37847137 81.57188416 99.60153961
H 59.17565155 81.65169525 100.29043579
H 57.89021683 82.52494812 99.40357971
C 57.27507401 80.70864105 100.27420044
H 56.63622284 80.34542847 99.47782135
H 57.74268341 79.84146881 100.74904633
C 56.51258087 81.42374420 101.39732361
H 56.21930313 82.35318756 100.86899567
H 55.55926895 80.83853912 101.62693787
C 67.59427643 81.25586700 88.59190369
H 68.55089569 81.66628265 88.38182068
H 66.96892548 81.66902161 87.90610504
C 67.68192291 79.81908417 88.29271698
H 68.05001831 79.70101929 87.36510468
H 68.38603973 79.29987335 88.89015961
C 66.41111755 78.91010284 88.40507507
H 66.71433258 77.95012665 87.91985321
H 65.60508728 79.44223022 87.82451630
C 57.92681122 81.30835724 86.26308441
H 57.47865677 82.10910034 86.87080383
H 58.91160202 81.58772278 85.97248840
C 65.89990234 78.71508789 89.81934357
H 66.67089081 78.48588562 90.50930786
H 65.70130920 79.64897919 90.21725464
C 57.28577042 81.79320526 102.66579437
H 57.35828400 80.94613647 103.33014679
H 58.24903107 82.32370758 102.48870850
C 72.47480011 84.40970612 100.48438263
H 73.31808472 84.87685394 99.94159698
H 71.62870026 85.12837219 100.44992828
C 56.42182159 82.88663483 103.35932922
H 55.32007217 82.62863159 103.40567780
H 56.40227127 83.84633636 102.78388977
C 64.73015594 77.74910736 90.00069427
H 64.93711853 76.81489563 89.54100800
H 63.87689972 78.04823303 89.37931824
C 56.99394608 81.17144775 85.06690216
H 56.03495026 80.94891357 85.51252747
H 57.17676544 80.29026794 84.41227722
C 72.90482330 84.10766602 101.92890930
H 72.09184265 83.89824677 102.56047821
H 73.49296570 83.16448975 101.87126923
C 57.04938507 82.52919006 84.20163727
H 56.89868546 83.48216248 84.75634766
H 58.03233719 82.65818787 83.79734039
H 56.39633560 82.42694855 83.33593750
C 64.33034515 77.76261139 91.49252319
H 63.43003082 77.23951721 91.76769257
H 65.04278564 77.17647552 92.08265686
H 64.31091309 78.77397156 91.91453552
C 56.91867447 83.15768433 104.75100708
H 57.04477692 82.15213013 105.23059845
H 57.88480377 83.59444427 104.82326508
H 56.29405975 83.84813690 105.30876923
C 73.63260651 85.22476196 102.55772400
H 73.58309174 85.10446930 103.61636353
H 74.74521637 85.25338745 102.30663300
H 73.29353333 86.16610718 102.21667480
C 52.11334229 89.71231842 90.68119049
C 51.09939575 88.82012939 90.88114166
C 50.21261597 88.38795471 89.75182343
C 50.28688049 88.99316406 88.53871918
C 51.33161926 89.83560944 88.30180359
C 52.23077393 90.20346832 89.34043121
H 52.70050049 89.97456360 91.49471283
H 49.66172791 88.89237976 87.66281128
C 50.74403381 88.09906006 92.17140198
C 49.61492920 87.22053528 91.63693237
C 49.31916809 87.44998169 90.31704712
C 48.79852295 86.19041443 92.18463898
C 47.84080505 85.69960022 91.26229095
S 48.03955078 86.48806000 89.66180420
C 51.59756470 90.62442780 87.04985046
C 52.88908386 91.38565826 87.42907715
C 53.25950623 91.03421783 88.71047974
C 53.87095642 92.24335480 86.85409546
C 54.96337891 92.51709747 87.68727112
S 54.75259399 91.72497559 89.24150848
C 47.01103210 84.71353912 91.84803772
S 48.77113342 85.30160522 93.72029114
S 54.02305603 92.99709320 85.27637482
C 55.95741272 93.19100952 87.03134918
C 47.42172241 84.27840424 93.13109589
C 55.72642517 93.59278107 85.68308258
H 46.22947693 84.18481445 91.35997772
H 56.87200928 93.48368073 87.52909851
C 56.79537964 94.19563293 84.91877747
C 58.15429688 94.09155273 84.76402283
C 59.02717590 93.21981812 85.62809753
C 59.03944397 94.81327057 83.83003235
C 60.43125916 93.54914856 85.31944275
O 58.79931641 92.31707764 86.47186279
C 60.46257019 94.57685852 84.33752441
C 58.64724731 95.67369080 82.77960968
C 61.56727600 93.09780884 85.94651794
C 61.70845032 95.07491302 83.98182678
C 57.38490295 95.75509644 82.11769867
C 59.44160461 96.78689575 82.36929321
C 62.81777954 93.63756561 85.56375885
H 61.40469360 92.28038025 86.66755676
C 62.87442017 94.76187134 84.68234253
H 61.86164856 95.88180542 83.24060059
N 56.38746643 95.82990265 81.57579041
N 60.07827759 97.72682190 82.10382843
H 63.64732361 93.23710632 86.03035736
H 63.76960754 95.23070526 84.40879059
H 56.34120178 94.92235565 84.21699524
C 46.80740356 83.24715424 93.80368805
C 46.15951538 82.04212189 93.51318359
C 46.28903198 81.51048279 92.13533783
C 45.48647308 81.11515808 94.38382721
C 45.52283478 80.15727997 92.17804718
O 46.86029053 81.90689850 91.09984589
C 44.99457550 80.05687714 93.48513794
C 45.12101746 81.21755219 95.75695038
C 45.30480957 79.15254211 91.18614197
C 44.17961121 78.90815735 93.74776459
C 45.26088715 82.46733093 96.47412109
C 44.46501923 80.19011688 96.54946136
C 44.57707214 77.98056030 91.52187347
H 45.64216614 79.21408844 90.15772247
C 44.01199341 77.88493347 92.75057983
H 43.65547943 78.78086090 94.64756775
N 45.35794830 83.45282745 97.04681396
N 43.91890717 79.38468170 97.08473206
H 44.43655396 77.24793243 90.75133514
H 43.43698883 77.10456085 93.04200745
H 46.90095520 83.45186615 94.81345367
C 50.45890808 91.69082642 86.86011505
C 49.61291504 92.08774567 87.93911743
C 50.17710876 92.31829071 85.60514069
C 48.48014832 92.88907623 87.75030518
H 49.88636780 91.80104065 88.93630981
C 49.09550476 93.23859406 85.50607300
H 50.82385254 92.02727509 84.75046539
C 48.21769714 93.49217987 86.55867004
H 47.76747131 93.08927155 88.59635162
H 48.95881653 93.71362305 84.58451080
C 50.27757263 89.25982666 93.16579437
C 48.88726807 89.55099487 93.40505981
C 51.19749451 90.03958130 93.87299347
C 48.50183105 90.56702423 94.27949524
H 48.08869934 88.95899200 93.03130341
C 50.82762146 91.04163361 94.73379517
H 52.21286011 89.94853973 93.63447571
C 49.48289490 91.28710175 95.00380707
H 47.49055481 90.73704529 94.40521240
H 51.53237915 91.61599731 95.31978607
C 51.86241150 87.13033295 92.74117279
C 51.89382935 86.66481781 94.10836792
C 52.84751892 86.58222198 91.89541626
C 52.81512451 85.64746857 94.55857849
H 51.19737244 87.11902618 94.79981995
C 53.71293640 85.64073181 92.37535095
H 52.90435791 86.78271484 90.87956238
C 53.73297119 85.12953186 93.69837189
H 52.64979553 85.43110657 95.63909912
H 54.43730164 85.14605713 91.67597198
C 51.68415833 89.62323761 85.85494995
C 52.92387390 89.04133606 85.55444336
C 50.59690857 89.29744720 84.97196198
C 53.11384583 88.13598633 84.52358246
H 53.71061707 89.28172302 86.24442291
C 50.80986023 88.45346069 83.82202148
H 49.64990234 89.79367065 85.10825348
C 52.08766174 87.86601257 83.63507843
H 54.06640625 87.71658325 84.33756256
H 49.95526123 88.18648529 83.28150177
C 54.80964661 84.10089874 93.96890259
H 55.28103638 83.72446442 93.09347534
H 55.57749939 84.60380554 94.61486816
C 54.34632874 82.86595917 94.67666626
H 53.98939514 83.16953278 95.59544373
H 53.41905212 82.44552612 94.32807159
C 55.35441589 81.78421783 94.92173004
H 55.94721985 81.43525696 94.07603455
H 56.11389160 82.23486328 95.54249573
C 47.01374817 94.50876617 86.41390991
H 46.80662537 94.97210693 87.38412476
H 47.33253479 95.25767517 85.68711090
C 45.69581604 93.90579224 85.93879700
H 45.62086487 93.03247833 86.57350159
H 44.95405579 94.64115143 86.25566101
C 45.55360413 93.61820221 84.44698334
H 44.90259552 92.79132843 84.34886169
H 46.56120300 93.26989746 84.15572357
C 52.26322937 86.86317444 82.48993683
H 51.22431946 86.55039978 82.09634399
H 52.83953857 87.40538788 81.68952179
C 53.24192810 85.78357697 82.79451752
H 54.15519714 86.20797729 83.05481720
H 52.89720154 85.24831390 83.70917511
C 53.62036133 84.82899475 81.61988068
H 52.70252991 84.33898926 81.40828705
H 53.81875610 85.40298462 80.74046326
C 49.15939331 92.22617340 96.13175201
H 49.81312561 92.06402588 96.93988037
H 48.21214294 91.94000244 96.55928802
C 49.06289673 93.72320557 95.70591736
H 48.64520264 93.76708221 94.74134827
H 48.32356262 94.14345551 96.33128357
C 50.42805481 94.51203156 95.62352753
H 51.13008118 93.86054993 95.05210114
H 50.91362000 94.54108429 96.56594849
C 45.04217529 94.86797333 83.68713379
H 44.08963776 95.21428680 84.16272736
H 45.80368042 95.65204620 83.57553101
C 50.23873901 96.00098419 95.16909027
H 51.11831665 96.38285065 94.69557953
H 49.38667297 96.03204346 94.47966766
C 54.72940063 83.83605194 81.99952698
H 55.64801025 84.24654388 82.32246399
H 54.37380981 83.30628204 82.85884857
C 54.68109131 80.49800873 95.47803497
H 53.64524841 80.77564240 95.89624786
H 54.51016235 79.97384644 94.57003021
C 55.19894409 82.87447357 80.89195251
H 55.99673462 82.32937622 81.39125824
H 55.66073608 83.40962219 80.05792999
C 50.04158020 96.92788696 96.37005615
H 50.58731079 97.88469696 96.22837830
H 50.36718750 96.42150879 97.26753235
C 44.76467133 94.49459076 82.22887421
H 45.46157837 93.80240631 81.98091888
H 44.97306061 95.33213043 81.64537811
C 55.51565552 79.63880157 96.39070129
H 56.50529480 79.60437775 95.95238495
H 55.75704956 80.07892609 97.39810944
C 43.35579681 93.89893341 81.93647003
H 43.12864685 93.67571259 80.83956909
H 43.23167419 92.97955322 82.45568848
H 42.66336823 94.60977173 82.16047668
C 48.58070374 97.15864563 96.66838837
H 48.33122253 97.98803711 97.39952087
H 48.07749939 97.52517700 95.74030304
H 48.24328613 96.22769928 97.04570770
C 54.14874268 81.83974457 80.35378265
H 53.60034180 81.23845673 81.11199188
H 53.52291870 82.31105042 79.70789337
H 54.71463013 81.15203857 79.78560638
C 54.98666382 78.25489807 96.65191650
H 54.05441284 78.22250366 97.31253815
H 54.82893372 77.77721405 95.69998932
H 55.73294067 77.58422852 97.18017578
",0.000
15,"372

C 93.19168854 66.37001038 109.63014221
C 93.34439087 67.65151978 108.96765900
C 92.33894348 68.61044312 109.03633881
C 91.11891174 68.36873627 109.70999908
C 90.89369202 67.13180542 110.27327728
C 91.94303894 66.11316681 110.27086639
H 94.06468964 65.66174316 109.74654388
H 90.38954163 69.19985962 109.82680511
C 94.51538849 68.11191559 108.08935547
C 94.04611206 69.57380676 107.74856567
C 92.83102417 69.78238678 108.39659882
C 94.38632965 70.68006897 106.99275970
C 93.52346039 71.76700592 107.11174774
S 92.14525604 71.41291046 108.18477631
C 89.62788391 66.68743134 110.96499634
C 90.10414886 65.26327515 111.34749603
C 91.38265228 64.95149231 110.93321228
C 89.46099091 64.15695190 111.96653748
C 90.30117035 63.01459503 112.04111481
S 91.87703705 63.34291458 111.42938232
C 93.84003448 72.82335663 106.24742126
S 95.62532806 70.96382141 105.89723206
S 87.89927673 63.84596634 112.64234924
C 89.70080566 61.90618134 112.73484802
C 95.12193298 72.66802216 105.63848114
C 88.32102966 62.16442490 113.09163666
H 93.24241638 73.80459595 106.12014008
H 90.23975372 60.98033905 112.83185577
C 87.50701141 61.14760208 113.80250549
C 87.40821838 59.76845169 113.90782928
C 88.17259979 58.86476517 112.97660828
C 86.70700073 58.88309860 114.80249023
C 88.07894897 57.45069122 113.50037384
O 88.81227112 59.14377213 111.97315216
C 87.23531342 57.45881653 114.61105347
C 85.70741272 59.20092773 115.84619904
C 88.67543793 56.34367752 112.98419952
C 86.93196869 56.21521378 115.19376373
C 85.07432556 60.48558044 115.91831970
C 85.13282013 58.26695633 116.74652100
C 88.31082916 55.05825043 113.48036194
H 89.39741516 56.34604645 112.14965820
C 87.40492249 55.01798248 114.53418732
H 86.29629517 56.15723419 116.12359619
N 84.57975006 61.50412750 116.00493622
N 84.63053131 57.51367950 117.51404572
H 88.56388855 54.11119461 113.08119202
H 87.28400421 54.01167679 114.98506927
H 86.83010864 61.70061111 114.44714355
C 95.76155090 73.61825562 104.75863647
C 95.93585968 74.98586273 104.60260010
C 95.53533936 76.00644684 105.65615845
C 96.57618713 75.84258270 103.55227661
C 96.00450897 77.35175323 105.26927185
O 94.88793182 75.75887299 106.65149689
C 96.65290833 77.24230194 104.05624390
C 97.17507172 75.44121552 102.32281494
C 95.86119843 78.49294281 105.98918915
C 97.24820709 78.45950317 103.58535004
C 96.96212006 74.24090576 101.66725922
C 98.11105347 76.19544220 101.65221405
C 96.59520721 79.63919067 105.64469147
H 95.41849518 78.54300690 106.96383667
C 97.31171417 79.60756683 104.42887878
H 97.79515839 78.65529633 102.68907166
N 96.77886200 73.23004150 101.12092590
N 98.86398315 76.83997345 101.01996613
H 96.60107422 80.55126953 106.24269104
H 97.97011566 80.43956757 104.08580017
H 96.18305206 72.95818329 104.03462982
C 88.42469788 66.49498749 109.95874786
C 88.56150055 66.58082581 108.56242371
C 87.16833496 66.27640533 110.52379608
C 87.43883514 66.38307953 107.77098846
H 89.47809601 66.80644989 108.09073639
C 86.06239319 66.16442108 109.73761749
H 86.92774200 66.35197449 111.57225037
C 86.17915344 66.18889618 108.31040192
H 87.56330872 66.30044556 106.68415070
H 85.05433655 66.09286499 110.15167236
C 94.47247314 67.30976105 106.80947113
C 95.24047852 66.13730621 106.68006134
C 93.51796722 67.52445984 105.72581482
C 95.19266510 65.24706268 105.51940155
H 95.92253876 65.98299408 107.53366852
C 93.47022247 66.74589539 104.56065369
H 92.84383392 68.32530975 105.80097961
C 94.29055023 65.58193970 104.46845245
H 95.89735413 64.49465942 105.46475983
H 92.70880890 67.06115723 103.83235931
C 95.89681244 68.19365692 108.81126404
C 97.02053070 68.50756836 108.09262848
C 95.93830109 68.00172424 110.21039581
C 98.27559662 68.57269287 108.75896454
H 97.07989502 68.74314117 107.04088593
C 97.17845917 68.12749481 110.87803650
H 95.06954956 67.76683044 110.80124664
C 98.36818695 68.41875458 110.19597626
H 99.16897583 68.83457184 108.22707367
H 97.28915405 68.10951233 111.95478058
C 89.44729614 67.72209930 112.08764648
C 88.64140320 68.93486023 111.98463440
C 89.91975403 67.36038971 113.37534332
C 88.32471466 69.65760803 113.13851929
H 88.24255371 69.27085114 111.04563904
C 89.58174133 68.17780304 114.46576691
H 90.52660370 66.50723267 113.48334503
C 88.86785126 69.34066010 114.38574219
H 87.79638672 70.60497284 113.11921692
H 89.90067291 67.76239777 115.38376617
C 99.68608856 68.48784637 110.83329010
H 99.91899109 67.48826599 111.22251129
H 100.46266937 68.69390869 110.11621094
C 99.73915100 69.57330322 111.90049744
H 99.01743317 70.37377167 111.65863800
H 99.30648041 68.99255371 112.76866150
C 101.10307312 69.97701263 112.36524200
H 101.35074615 69.20103455 113.07299042
H 101.81129456 69.94319916 111.55908203
C 84.99529266 66.07486725 107.42688751
H 85.22120667 65.48506165 106.53007507
H 84.18701172 65.44103241 107.74381256
C 84.66399384 67.55073547 107.08538818
H 84.70869446 68.17520142 107.95108032
H 85.26749420 67.96677399 106.34815216
C 83.28880310 67.58893585 106.54871368
H 82.67790985 67.18151093 107.34103394
H 83.12223053 66.97193909 105.68929291
C 88.75442505 70.17907715 115.63029480
H 89.33839417 69.75140381 116.44298553
H 89.32315063 71.11529541 115.39276886
C 87.30336761 70.35852051 116.11569977
H 86.84070587 71.12926483 115.52633667
H 86.76836395 69.39232635 116.04393005
C 87.08213806 70.82339478 117.55091095
H 86.08631897 70.51716614 117.83648682
H 87.69416046 70.33435822 118.31897736
C 94.16207886 64.77050018 103.19969177
H 93.09335327 64.81340790 102.94044495
H 94.39303589 63.75499344 103.51886749
C 95.06524658 65.38311768 102.07661438
H 94.78235626 66.43386841 101.94127655
H 96.15099335 65.47649384 102.30760193
C 94.98220825 64.56239319 100.81224823
H 94.00718689 64.35878754 100.53450012
H 95.12527466 63.50363922 101.07305145
C 82.99834442 68.99917603 106.29569244
H 83.23973846 69.55261230 107.19881439
H 83.57773590 69.48389435 105.49465179
C 95.75096893 65.15520477 99.57386017
H 95.46799469 66.21430969 99.29395294
H 96.79696655 65.25703430 99.84706879
C 87.16498566 72.40866089 117.82616425
H 88.21287537 72.66508484 117.65215302
H 86.68744659 72.95945740 117.07013702
C 100.98026276 71.34267426 113.08802032
H 100.64985657 72.06335449 112.33036041
H 100.40939331 71.30944824 113.98881531
C 86.80156708 72.81748199 119.22592926
H 87.46781921 72.20111847 119.86250305
H 85.71864319 72.64068604 119.48981476
C 95.84147644 64.26316071 98.29934692
H 94.83638000 63.93746948 98.03274536
H 96.25917053 63.29227829 98.59840393
C 81.52369690 69.23099518 105.87346649
H 80.96419525 68.77268219 106.63441467
H 81.50206757 68.71874237 104.85945129
C 102.42530060 71.88526154 113.42745972
H 103.05236053 71.10681915 114.06026459
H 102.99411011 71.76922607 112.50953674
C 81.04035950 70.67805481 105.71071625
H 81.74989319 71.35735321 105.27903748
H 80.15170288 70.68330383 105.06072235
H 80.82743835 71.13420105 106.66525269
C 96.54463196 65.04508972 97.26033020
H 96.77152252 64.42735291 96.40856171
H 95.95744324 65.85414886 96.95789337
H 97.52191162 65.40059662 97.66592407
C 87.16679382 74.20587921 119.57780457
H 86.81890869 74.49600220 120.58530426
H 88.22743988 74.34160614 119.40104675
H 86.68601990 74.87158203 118.90975952
C 102.48530579 73.31078339 113.99420929
H 103.42613983 73.57667542 114.25536346
H 101.94557190 74.00677490 113.31578827
H 101.87017059 73.26308441 114.92620087
C 89.60652161 71.65644073 122.00175476
C 89.51357269 71.81228638 123.40789795
C 90.57888794 72.43045807 124.10745239
C 91.80763245 72.72093201 123.48161316
C 91.99811554 72.37873840 122.17099762
C 90.90884399 71.86798859 121.42908478
H 88.86830139 71.19183350 121.47409821
H 92.64437866 73.10797882 124.01406860
C 88.26956177 71.44231415 124.32090759
C 88.84577179 71.95815277 125.63899994
C 90.13156891 72.51863861 125.49051666
C 88.42384338 71.88264465 126.97396851
C 89.40583038 72.31504059 127.90499115
S 90.80196381 72.97113800 127.00585938
C 93.25762177 72.51087952 121.34401703
C 92.65766907 72.08534241 119.98170471
C 91.32489777 71.64209747 120.06378174
C 93.07341003 71.91550446 118.63637543
C 92.03939056 71.47438049 117.75782776
S 90.54232025 71.12480927 118.61775970
C 88.99955750 72.36482239 129.26193237
S 87.14241028 71.12751007 127.86260223
S 94.46746826 72.25067139 117.73690033
C 92.36940002 71.45645905 116.37857056
C 87.76311493 71.74042511 129.40029907
C 93.58376312 72.03987885 116.19840240
H 89.57435608 72.76239777 130.11671448
H 91.65758514 71.23348999 115.59381104
C 94.10362244 72.22459412 114.93798065
C 93.74378967 72.88810730 113.73358154
C 92.51889038 73.70236969 113.67053986
C 94.39502716 72.88846588 112.40888977
C 92.47113037 74.33528137 112.33558655
O 91.66625977 73.94633484 114.49950409
C 93.53520966 73.86631012 111.57917023
C 95.50219727 72.15425873 111.96575928
C 91.48526001 75.13974762 111.86058807
C 93.56339264 74.25413513 110.22325897
C 96.19616699 71.16510010 112.73636627
C 96.11537170 72.25538635 110.67868805
C 91.52928162 75.54141998 110.51926422
H 90.63776398 75.49187469 112.53681946
C 92.56113434 75.09727478 109.69302368
H 94.40880585 73.92742920 109.57264709
N 96.69549561 70.39669037 113.45757294
N 96.57607269 72.32489777 109.62650299
H 90.71971893 76.07533264 109.96684265
H 92.58944702 75.39809418 108.65071106
H 95.03379822 71.76632690 114.96085358
C 87.20497894 71.37419128 130.64030457
C 87.13600159 71.82141113 131.98411560
C 87.80181885 72.96150970 132.62301636
C 86.27606964 71.22183228 133.06893921
C 87.55890656 72.95656586 134.05657959
O 88.54331207 73.82362366 132.18252563
C 86.62765503 71.94031525 134.34547424
C 85.36537170 70.15685272 133.04069519
C 88.17813110 73.72368622 135.04089355
C 86.18795013 71.82812500 135.70678711
C 84.79875946 69.61060333 131.81987000
C 84.62223053 69.59297943 134.12324524
C 87.67805481 73.64826965 136.37223816
H 88.97345734 74.41440582 134.77290344
C 86.62939453 72.75312042 136.65153503
H 85.48345184 71.07383728 136.00781250
N 84.33562469 69.22888947 130.82286072
N 83.97756958 69.20803833 134.97149658
H 88.13897705 74.16844940 137.20785522
H 86.38345337 72.67589569 137.66575623
H 86.66138458 70.49062347 130.36219788
C 94.30290222 71.53359222 121.84442902
C 94.90306091 70.55023956 121.02507782
C 94.81098175 71.62700653 123.20664215
C 96.00062561 69.75899506 121.45520782
H 94.67471313 70.39675903 119.93333435
C 95.87923431 70.80229187 123.61553955
H 94.58119965 72.39354706 123.82326508
C 96.46688843 69.86879730 122.75130463
H 96.36959076 69.01747131 120.77076721
H 96.16249084 70.89326477 124.66925812
C 88.00391388 69.91246033 124.44287109
C 89.03593445 68.98690033 124.94483185
C 86.67203522 69.38336182 124.27285767
C 88.74257660 67.67327881 125.14191437
H 90.00586700 69.35217285 125.26815796
C 86.47039032 67.96706390 124.42927551
H 85.83543396 70.07701874 123.96940613
C 87.52745056 67.14347839 124.82398224
H 89.50894165 67.02043152 125.61013031
H 85.57691956 67.45069122 124.16983795
C 86.97946167 72.28623962 123.95397949
C 86.41494751 72.01677704 122.67966461
C 86.35287476 73.21720886 124.84718323
C 85.32775879 72.74763489 122.25853729
H 86.84995270 71.20113373 122.06486511
C 85.21618652 73.96503448 124.38000488
H 86.77548981 73.37125397 125.83882904
C 84.69049835 73.66738892 123.08055878
H 84.90068817 72.50968170 121.27728271
H 84.90684509 74.75009155 125.00533295
C 93.73444366 73.98993683 121.20825195
C 92.76531219 75.05257416 121.09829712
C 95.16044617 74.26873016 121.21069336
C 93.27416229 76.35949707 120.79107666
H 91.76675415 74.77192688 121.02373505
C 95.58086395 75.52120209 120.70404816
H 95.95787048 73.55082703 121.29518127
C 94.66812897 76.56865692 120.62815857
H 92.57709503 77.20527649 120.63673401
H 96.62846375 75.79208374 120.55325317
C 83.47743988 74.47580719 122.65027618
H 82.70413971 73.75453949 122.44541168
H 83.10270691 74.99477386 123.53177643
C 83.66777802 75.29710388 121.36505127
H 84.40587616 76.02960968 121.66107178
H 84.00276947 74.61742401 120.61303711
C 82.47326660 76.12590027 120.91215515
H 81.83324432 75.44641876 120.55427551
H 82.20154572 76.59935760 121.81546021
C 97.52162170 68.88848877 123.35691833
H 98.19039917 68.47489166 122.56536102
H 98.31835175 69.37577057 123.98492432
C 96.81861115 67.81855011 124.19963837
H 96.12677765 68.30278778 124.90998840
H 96.16897583 67.20568848 123.58271027
C 97.80281067 66.87440491 124.92034149
H 98.47559357 67.46567535 125.60719299
H 98.48129272 66.37666321 124.25279999
C 95.15051270 77.99733734 120.32487488
H 94.54763031 78.75524902 120.84415436
H 96.22693634 78.06047821 120.68173981
C 95.06437683 78.43179321 118.85916138
H 94.10200500 78.67878723 118.64683533
H 95.45473480 79.40396118 118.71537781
C 95.47960663 77.37332153 117.80040741
H 96.50424194 77.07906342 118.01112366
H 94.71826172 76.59171295 118.02180481
C 87.17306519 65.70999146 125.06269073
H 86.18403625 65.66685486 125.52648163
H 87.69779968 65.22528839 125.81653595
C 87.11674500 64.83773804 123.80906677
H 86.53853607 63.92869568 124.00915527
H 86.38478851 65.13829041 123.07732391
C 88.51834106 64.56713867 123.18402100
H 89.19891357 64.29880524 124.01683044
H 88.82560730 65.47496033 122.70912170
C 97.01439667 65.87371826 125.69212341
H 96.13362122 66.27621460 126.26519775
H 96.58093262 65.27415466 124.88946533
C 88.44966888 63.56339645 122.03816223
H 88.34159088 62.59597015 122.51549530
H 87.49495697 63.57444763 121.53512573
C 95.27204895 77.82404327 116.39782715
H 94.20529175 78.16593170 116.33644867
H 95.76101685 78.75216675 116.28331757
C 82.75456238 77.23521423 119.90250397
H 83.36257172 77.86734009 120.48651123
H 83.38169098 76.89502716 119.06390381
C 95.66716766 76.86517334 115.29201508
H 96.75572968 76.69729614 115.47250366
H 95.48329926 77.40670776 114.36621857
C 89.60926819 63.70657730 120.99770355
H 89.79811859 64.73934937 120.79525757
H 89.25110626 63.31867599 120.01419067
C 97.92600250 65.06539154 126.68549347
H 98.90594482 65.32593536 126.33424377
H 97.83074188 64.02890015 126.58460999
C 81.52410126 78.05162048 119.43536377
H 81.89250183 78.93313599 118.98410034
H 80.90078735 77.49111176 118.73556519
C 97.79145050 65.38822937 128.13433838
H 98.17818451 66.41526794 128.25028992
H 96.73419189 65.27957153 128.50917053
H 98.36678314 64.63002014 128.60943604
C 90.84168243 63.08258820 121.56275177
H 90.75580597 62.04192734 121.82419586
H 91.65802002 63.11731720 120.81559753
H 91.24697876 63.66791916 122.42308044
C 94.93687439 75.56211853 115.22943878
H 95.20812988 74.96650696 116.07714844
H 93.85639191 75.68904877 115.30032349
H 95.25452423 74.97869110 114.33917236
C 80.66497040 78.51237488 120.67200470
H 80.19116974 77.65546417 121.12783813
H 81.36549377 78.98744965 121.36830902
H 79.84896088 79.16111755 120.44327545
",0.000
16,"372

C 64.01904297 103.19728088 85.84412384
C 63.08823395 102.85945129 84.93625641
C 63.43354034 103.05970764 83.57010651
C 64.62174988 103.59759521 83.01425934
C 65.58723450 103.95008850 84.02640533
C 65.26072693 103.72246552 85.40238190
H 63.91247177 103.05008698 86.87451935
H 64.65744019 103.83630371 81.95129395
C 61.68448257 102.25988770 85.17097473
C 61.23806000 102.07738495 83.68108368
C 62.23422241 102.65408325 82.82621002
C 60.13836288 101.66188049 82.94632721
C 60.22944641 101.96909332 81.60870361
S 61.71747971 102.70684814 81.15226746
C 67.06020355 104.38172913 83.79203033
C 67.41294098 104.54117584 85.30021667
C 66.42922974 104.14215088 86.16242981
C 68.49590302 105.06223297 86.01267242
C 68.32601929 104.87201691 87.40637970
S 66.78028870 104.28452301 87.79971313
C 59.16922760 101.56752014 80.85562897
S 58.66151428 100.83782196 83.36194611
S 70.06948853 105.72302246 85.62781525
C 69.33394623 105.52761078 88.15199280
C 58.23515701 100.75687408 81.60444641
C 70.42198944 105.94931793 87.35765076
H 59.10408020 101.53430176 79.79381561
H 69.14279175 105.66474915 89.18014526
C 71.36958313 106.84979248 88.02972412
C 72.00105286 106.85823059 89.26343536
C 71.91628265 105.77159882 90.31761932
C 72.94672394 107.86211395 89.75530243
C 72.61258698 106.27555847 91.51927948
O 71.30997467 104.73976135 90.21176910
C 73.27474976 107.45799255 91.19625854
C 73.37472534 109.01759338 89.17713165
C 72.64832306 105.70886230 92.76655579
C 74.07995605 108.06813812 92.24703217
C 72.98574829 109.42568970 87.84572601
C 74.20571899 110.10995483 89.72564697
C 73.36788177 106.26669312 93.85497284
H 72.17862701 104.78295898 92.87622833
C 74.20859528 107.41888428 93.54708099
H 74.70311737 108.97224426 92.14402771
N 72.65248108 109.80076599 86.81732941
N 74.92397308 110.98274994 90.17037964
H 73.36558533 105.71817017 94.80131531
H 74.96821594 107.76119995 94.26522064
H 71.57273102 107.67251587 87.39101410
C 57.14015961 100.07197571 80.95413208
C 56.98044205 99.34587860 79.79649353
C 58.00647736 99.04662323 78.83176422
C 55.75356293 98.64630127 79.34672546
C 57.33987808 98.36756134 77.66495514
O 59.16746140 99.39265442 78.96113586
C 56.01620865 98.07743073 77.96442413
C 54.43385696 98.71232605 79.93996429
C 57.92240143 97.81863403 76.50988007
C 55.19844818 97.39586639 77.04456329
C 54.05953217 99.46186829 81.09972382
C 53.28035736 98.18695068 79.33307648
C 57.15344620 97.05805969 75.62768555
H 58.89201355 98.01863098 76.19161224
C 55.80672073 96.85906219 75.87779236
H 54.19374466 97.11133575 77.22344971
N 53.77400589 100.08751678 82.03591156
N 52.33844376 97.72248840 78.83381653
H 57.65349579 96.67149353 74.74085999
H 55.17830658 96.32836151 75.21201324
H 56.37262344 100.21240997 81.68739319
C 67.22810364 105.77905273 83.19211578
C 66.25995636 106.72220612 83.64040375
C 68.32647705 106.25763702 82.39628601
C 66.34789276 108.06652832 83.26246643
H 65.49738312 106.39783478 84.26671600
C 68.27993011 107.58903503 81.88473511
H 69.24284363 105.65840149 82.15332031
C 67.30534363 108.50421143 82.34060669
H 65.66034698 108.73812103 83.66876984
H 68.97270966 108.03656769 81.23975372
C 60.82929611 103.31946564 85.87230682
C 61.12889099 104.69056702 85.96434784
C 59.60474777 102.87828064 86.46878052
C 60.29110718 105.52266693 86.68737793
H 61.97769547 105.09158325 85.41781616
C 58.76823425 103.73665619 87.18006134
H 59.17810440 101.91464996 86.42290497
C 59.08819199 105.14839935 87.30841064
H 60.70912552 106.51327515 86.79232025
H 57.83778763 103.37490082 87.63153076
C 61.78748322 101.05540466 86.03768921
C 61.85318375 101.20889282 87.43456268
C 61.96076965 99.77736664 85.44343567
C 62.10779190 100.08908844 88.26901245
H 61.85073090 102.14813232 87.98593140
C 62.07678986 98.65077972 86.26648712
H 62.00709534 99.64683533 84.35205078
C 62.26886749 98.79492950 87.65972900
H 62.10459900 100.21404266 89.34066010
H 62.21728134 97.73831940 85.77666473
C 67.89377594 103.26685333 83.00531769
C 68.60183716 102.21977997 83.72618866
C 67.87609863 103.17501068 81.60314178
C 69.31875610 101.27501678 83.08705902
H 68.62143707 102.24999237 84.78464508
C 68.52684021 102.11801910 80.97609711
H 67.31002808 103.94213867 81.03279114
C 69.33071136 101.20438385 81.67781067
H 69.80968475 100.53386688 83.70668793
H 68.45930481 101.94964600 79.90227509
C 62.59800720 97.54780579 88.49115753
H 63.27326202 96.85796356 87.88101196
H 63.05109024 98.07139587 89.36509705
C 61.31112671 96.66587830 88.80361176
H 60.80012131 97.11673737 89.61772919
H 60.64110565 96.61221313 87.92336273
C 61.82739639 95.16719818 89.00603485
H 62.28845596 94.86643982 88.08481598
H 62.58374405 95.16929626 89.83374023
C 67.32958984 109.90310669 81.91207886
H 66.92227936 110.36911011 82.80883026
H 68.40853119 110.17790222 81.94408417
C 66.56098938 110.23993683 80.60042572
H 66.98355865 109.53015137 79.90666962
H 65.46212006 110.07405090 80.53571320
C 66.75173950 111.70432281 80.01853180
H 67.77950287 111.95378113 79.94692993
H 66.39055634 112.37713623 80.77472687
C 69.88428497 100.06836700 80.86049652
H 70.41406250 99.35485840 81.52449036
H 69.08007050 99.47481537 80.47174072
C 70.97590637 100.53899384 79.82935333
H 70.70156097 101.48091888 79.38144684
H 72.00125122 100.72755432 80.22164154
C 71.15021515 99.41355896 78.86136627
H 71.34400940 98.52720642 79.45499420
H 70.21736908 99.23654175 78.25643921
C 58.24340820 106.14450836 88.02527618
H 57.28079605 106.14724731 87.50550079
H 58.70338821 107.07329559 87.74330902
C 58.18852615 106.11725616 89.54221344
H 59.02657318 105.55608368 90.06430054
H 58.32855988 107.14118958 89.86751556
C 56.96250153 105.56153870 90.25569153
H 57.02148819 104.48197937 90.17434692
H 56.02917862 106.00712585 89.86709595
C 65.92723083 111.98477936 78.73484802
H 66.25003052 111.15927124 78.03412628
H 64.83861542 112.09894562 78.97338104
C 56.97499466 105.83294678 91.79438019
H 57.90540314 105.48461914 92.16088104
H 56.77628326 106.89245605 91.93949127
C 72.36176300 99.62931824 77.95018768
H 72.42452240 99.00684357 77.07680511
H 72.39760590 100.59547424 77.58509064
C 60.80064774 94.13419342 89.38104248
H 60.18779755 94.38970947 90.28540802
H 60.11561203 94.16742706 88.50516510
C 73.65469360 99.43904114 78.65496063
H 73.56587219 98.89437103 79.59186554
H 74.07370758 100.35025787 79.01405334
C 55.92424774 105.14421844 92.59311676
H 55.95807266 104.01694489 92.50720215
H 55.03021622 105.39033508 92.05451965
C 66.49301147 113.24085999 78.00038910
H 67.47869110 113.00656891 77.66608429
H 66.57971191 114.05603027 78.67021179
C 61.53431702 92.77970886 89.68820953
H 62.35625839 92.56324768 88.93998718
H 62.03878021 92.81140137 90.67180634
C 65.67405701 113.51240540 76.79984283
H 65.45286560 112.60977173 76.22034454
H 64.72561646 114.01947021 77.04689789
H 66.17903900 114.24143982 76.19940186
C 55.91038895 105.58409882 94.03379059
H 56.82621002 105.48166656 94.58548737
H 55.60961151 106.65983582 94.12059021
H 55.09256744 105.01012421 94.49856567
C 74.71037292 98.96336365 77.73498535
H 74.60678101 99.63890839 76.86199951
H 75.74879456 99.10988617 78.08216858
H 74.55121613 97.91318512 77.54091644
C 60.57461929 91.66248322 89.70810699
H 60.00648117 91.49769592 88.81694031
H 61.10326385 90.76143646 90.05347443
H 59.73920059 91.81793976 90.42744446
C 69.01988983 102.19100189 90.29718781
C 69.78807068 100.93508148 90.24032593
C 69.85927582 100.08630371 91.41060638
C 69.18173218 100.36342621 92.58532715
C 68.34012604 101.46343231 92.58139801
C 68.23704529 102.38191986 91.44973755
H 68.95183563 102.87584686 89.40245056
H 69.17421722 99.66762543 93.36855316
C 70.46575165 100.25593567 89.04895020
C 71.05966949 99.05005646 89.69475555
C 70.59068298 98.90503693 91.01163483
C 71.93104553 97.99778748 89.32209778
C 72.08708191 97.02876282 90.32555389
S 71.11157227 97.37465668 91.78756714
C 67.37516022 101.84690094 93.77217865
C 66.81449890 103.09549713 93.15313721
C 67.30407715 103.34363556 91.85565948
C 65.90946198 104.05735779 93.51910400
C 65.80420685 105.06011200 92.55165863
S 66.71759033 104.81053162 91.12626648
C 72.85770416 95.97307587 89.85169983
S 72.87493134 97.65522766 87.92558289
S 64.83856201 104.41270447 94.82756042
C 64.90560913 106.05856323 92.90852356
C 73.52422333 96.17192078 88.64112854
C 64.61004639 106.06375122 94.32120514
H 73.03957367 95.10195923 90.43255615
H 64.69229126 106.93379974 92.27715302
C 63.97876740 107.12913513 94.95391083
C 64.09609985 108.54386902 94.98673248
C 65.08054352 109.29302979 94.09182739
C 63.29692078 109.51613617 95.79945374
C 64.81375885 110.71170044 94.35638428
O 65.93354797 108.85690308 93.33283997
C 63.85503387 110.87614441 95.37627411
C 62.39463806 109.24111176 96.83865356
C 65.59876251 111.74914551 93.83181763
C 63.61480331 112.19255066 95.89079285
C 61.92025375 110.18099213 97.77050018
C 61.72765732 108.01863098 97.06025696
C 65.31337738 113.01855469 94.35230255
H 66.36947632 111.46498871 93.08853912
C 64.30426788 113.28724670 95.31008148
H 62.95205688 112.31047821 96.74832153
N 61.49460602 110.93085480 98.52868652
N 61.17498016 107.01744843 97.25608826
H 65.88346100 113.88018036 94.02789307
H 64.13288116 114.35214996 95.46141815
H 63.15212631 106.76219177 95.59194183
C 74.38804626 95.21337891 88.07428741
C 75.37823486 94.31978607 88.48288727
C 75.84776306 94.20544434 89.89649963
C 76.17896271 93.36080933 87.70549774
C 76.66575623 92.99428558 89.98501587
O 75.55132294 94.86543274 90.84662628
C 76.86224365 92.47143555 88.72351074
C 76.20269775 93.23513031 86.32885742
C 77.07674408 92.40660095 91.22404480
C 77.51279449 91.21865082 88.63643646
C 75.51784515 94.01499176 85.30944824
C 76.98271942 92.26627350 85.68553162
C 77.70007324 91.12998962 91.07096863
H 76.80036163 92.74643707 92.22405243
C 77.94570923 90.60051727 89.81526947
H 77.83635712 90.76034546 87.69751740
N 74.96331024 94.63014984 84.45326233
N 77.64651489 91.47166443 85.21135712
H 78.04264069 90.51473999 91.93534851
H 78.38046265 89.63355255 89.65075684
H 74.12008667 95.17633820 86.97959900
C 68.22340393 102.02441406 95.04390717
C 69.64862061 102.07929230 94.98485565
C 67.70461273 102.36644745 96.33927917
C 70.52092743 102.28498840 96.06331635
H 70.14201355 102.06829834 94.01200104
C 68.61753845 102.62673187 97.42945862
H 66.65158081 102.44160461 96.56067657
C 70.01087189 102.51232910 97.34844208
H 71.60005951 102.25651550 95.87695312
H 68.24107361 102.90547180 98.40871429
C 71.59263611 101.23352814 88.51467896
C 72.94388580 101.04507446 88.85786438
C 71.27117920 102.30895996 87.66543579
C 73.91165161 101.89075470 88.33559418
H 73.23296356 100.29653931 89.55175781
C 72.26594543 103.15333557 87.19565582
H 70.26367950 102.53792572 87.26888275
C 73.63327026 102.99435425 87.55929565
H 74.91862488 101.62155914 88.64591980
H 71.91302490 103.91905212 86.51687622
C 69.46423340 99.68733978 87.99973297
C 68.27310944 99.18724060 88.51327515
C 69.66997528 99.57930756 86.59197235
C 67.34410095 98.67704010 87.54679871
H 67.98969269 99.28393555 89.56620789
C 68.76060486 99.12581635 85.64388275
H 70.62567139 100.08985901 86.32753754
C 67.56900787 98.69712067 86.14994049
H 66.37059021 98.28687286 87.91036987
H 68.87399292 99.05806732 84.58480835
C 66.30612946 100.65304565 93.73149872
C 66.59954071 99.52440643 94.53079987
C 65.29085541 100.48171997 92.76386261
C 66.00906372 98.27481842 94.25148010
H 67.37250519 99.61315155 95.18620300
C 64.57796478 99.29278564 92.60550690
H 65.09711456 101.28339386 92.08778381
C 64.95370483 98.20149994 93.33197784
H 66.38488770 97.37004852 94.69495392
H 63.79740906 99.14314270 91.80558014
C 66.51441956 98.13932037 85.24536896
H 66.93964386 97.34288788 84.62605286
H 65.74679565 97.59973145 85.84158325
C 65.92089844 99.20436096 84.36996460
H 65.37014771 99.89325714 84.99253845
H 66.71289825 99.64324188 83.84529114
C 65.04714203 98.64353943 83.23609161
H 65.51659393 97.84513855 82.62789917
H 64.12216187 98.27690887 83.68115234
C 70.98714447 102.60318756 98.50968933
H 70.64991760 102.12233734 99.43928528
H 71.74184418 101.99388123 98.11767578
C 71.49090576 104.02619171 98.93041229
H 70.59932709 104.49688721 99.48671722
H 72.20363617 103.89814758 99.64205933
C 72.08197021 105.03743744 97.86128235
H 71.45628357 105.01303101 97.04928589
H 73.13593292 104.92526245 97.59198761
C 64.34669495 96.85789490 93.14677429
H 63.78751755 96.45467377 94.05850983
H 63.52072906 96.96488953 92.40041351
C 65.31372833 95.87392426 92.54945374
H 66.02167511 95.54895020 93.26427460
H 64.68219757 94.98050690 92.37761688
C 66.08439636 96.13152313 91.27363586
H 65.35157776 96.44410706 90.56221008
H 66.73716736 97.00916290 91.33938599
C 74.67638397 103.96980286 87.20310211
H 75.59217072 103.65460205 87.72150421
H 74.33970642 104.91820526 87.62168884
C 74.87899017 104.09821320 85.70175934
H 74.96821594 103.08717346 85.23529053
H 74.00994110 104.58686829 85.19212341
C 76.17974854 104.94973755 85.34819031
H 77.08612823 104.53160858 85.85657501
H 76.01026154 105.96617889 85.82911682
C 71.89765930 106.45528412 98.41606903
H 70.88956451 106.64705658 98.80945587
H 72.44091034 106.34291840 99.30610657
C 76.35334015 105.06298065 83.85018921
H 76.55205536 104.06570435 83.53507233
H 75.45143890 105.49993896 83.42798615
C 66.83301544 94.90236664 90.62911224
H 66.14835358 94.10556793 90.78559875
H 66.91578674 95.09672546 89.54937744
C 64.75783539 99.65047455 82.16256714
H 63.85031128 99.46354675 81.62352753
H 64.51164246 100.55565643 82.73554993
C 68.21396637 94.58467865 91.28602600
H 68.01145935 94.34751129 92.30966949
H 68.73565674 95.48104095 91.21608734
C 77.53173828 105.96611023 83.44755554
H 78.35755157 105.82473755 84.12311554
H 77.19906616 106.95259094 83.73523712
C 72.37196350 107.52008820 97.41696167
H 71.65471649 107.64804840 96.58495331
H 73.28332520 107.11398315 96.89862061
C 65.87923431 99.73999023 81.15645599
H 66.84385681 99.91155243 81.66552734
H 66.00910187 98.72110748 80.70484161
C 72.70681000 108.87255859 98.08505249
H 71.76325989 109.23516083 98.50462341
H 73.39733124 108.74221802 98.91838074
H 73.04037476 109.56985474 97.40525055
C 77.70785522 105.91745758 82.03234100
H 78.77763367 106.11545563 81.75586700
H 77.46565247 104.92783356 81.62837219
H 77.10889435 106.63075256 81.45642853
C 68.88718414 93.52390289 90.41757202
H 68.27589417 92.61880493 90.38565826
H 68.94433594 93.84002686 89.36643219
H 69.87709808 93.33898926 90.85770416
C 65.65267944 100.86478424 80.11221313
H 64.77288818 100.78346252 79.45172119
H 65.72935486 101.79101562 80.60594177
H 66.44699860 100.79973602 79.31769562
",0.000
17,"372

C 65.69755554 95.20397949 110.52259064
C 66.96572876 95.48077393 111.03694916
C 67.58155823 94.54130554 111.93183899
C 66.87777710 93.41573334 112.37281799
C 65.59746552 93.16732025 111.84621429
C 64.98200989 94.03932190 110.89939880
H 65.32071686 95.85826874 109.78372955
H 67.22836304 92.69253540 113.09360504
C 67.91699982 96.65587616 110.77120972
C 69.09102631 96.27245331 111.62318420
C 68.94342804 95.04627228 112.21002960
C 70.37819672 96.76925659 111.82215881
C 71.15294647 96.06623077 112.77177429
S 70.27461243 94.61779022 113.26129913
C 64.63794708 91.94744873 112.26039886
C 63.50170135 92.38288879 111.18766785
C 63.73044205 93.52822113 110.52259827
C 62.28826904 91.76875305 110.73111725
C 61.67719269 92.44038391 109.67012024
S 62.47225952 93.98185730 109.33777618
C 72.42130280 96.64434052 112.99961853
S 71.00407410 98.32775879 111.52291870
S 61.54597855 90.23916626 111.02863312
C 60.68476868 91.73213196 109.11058044
C 72.50984192 97.94862366 112.43691254
C 60.48939896 90.46096802 109.64286804
H 73.16872406 96.12036133 113.57601929
H 60.21518707 92.02964020 108.22011566
C 59.58907318 89.51598358 109.14160156
C 59.12067795 89.21545410 107.90296936
C 59.68001556 89.65090179 106.59127045
C 57.91178894 88.37182617 107.62361908
C 58.75441742 89.15044403 105.61353302
O 60.77108765 90.21212006 106.39273834
C 57.68916702 88.37738037 106.14402008
C 57.08177567 87.77040100 108.55860901
C 58.92456818 89.22511292 104.23589325
C 56.73500824 87.75028229 105.28096771
C 56.90142059 87.96832275 109.96047211
C 56.05031586 86.85888672 108.18554688
C 57.90544510 88.74820709 103.36284637
H 59.76305008 89.71472168 103.75096893
C 56.83110428 88.03101349 103.88135529
H 56.10722733 87.00379944 105.61850739
N 56.75922012 88.11415100 111.08361816
N 55.24211502 86.05680084 107.91378784
H 57.88120270 89.12851715 102.29934692
H 56.11367035 87.60128784 103.17747498
H 59.13343811 89.00711060 109.95915985
C 73.66596985 98.76876831 112.53421021
C 74.73517609 99.08958435 113.39283752
C 74.91933441 98.47034454 114.74500275
C 75.87833405 99.88075256 113.07248688
C 76.09137726 99.07235718 115.34561920
O 74.16013336 97.69247437 115.32445526
C 76.66639709 99.98170471 114.38557434
C 76.28478241 100.56324005 111.83821106
C 76.46614075 99.00064850 116.66536713
C 77.89292145 100.60250092 114.76575470
C 75.67568970 100.57643890 110.55876923
C 77.31289673 101.57422638 111.79373169
C 77.58270264 99.76266479 117.04021454
H 75.88121033 98.45485687 117.44350433
C 78.34243011 100.47344208 116.08763885
H 78.37490845 101.28742218 114.08312225
N 75.17400360 100.54140472 109.53530121
N 78.15011597 102.39149475 111.75715637
H 77.93917084 99.78327942 118.12387848
H 79.26187897 100.99497986 116.27891541
H 73.73024750 99.37294006 111.69007874
C 64.00535583 92.21315765 113.62908936
C 63.02468872 91.31089783 114.22114563
C 64.27651978 93.33938599 114.45150757
C 62.47895432 91.47479248 115.55712128
H 62.77149582 90.41365051 113.65367126
C 63.61125946 93.54586792 115.68118286
H 64.96919250 94.01429749 114.11851501
C 62.80123901 92.59187317 116.34671021
H 61.75629425 90.73483276 115.89415741
H 63.86381531 94.36271667 116.26357269
C 67.20435333 97.95478821 111.31787872
C 67.30016327 98.41059113 112.62641907
C 66.39732361 98.64048004 110.40320587
C 66.56793976 99.56683350 112.99810791
H 67.82742310 97.81549835 113.38787842
C 65.63545227 99.81723785 110.81928253
H 66.33271027 98.22537231 109.40708160
C 65.77529907 100.28104401 112.10314178
H 66.59550476 99.89160919 113.99399567
H 65.08790588 100.33565521 110.08621979
C 68.46878815 96.71434784 109.27063751
C 68.64360046 95.54150391 108.53961182
C 69.15093994 97.89534760 108.76127625
C 69.29027557 95.47097015 107.26395416
H 68.30193329 94.61411285 108.99000549
C 69.64713287 97.83443451 107.44705963
H 69.22737885 98.82508850 109.27485657
C 69.74253082 96.68801880 106.70352936
H 69.63995361 94.57764435 106.75987244
H 69.93240356 98.72807312 106.87864685
C 65.33787537 90.63198853 112.03330994
C 65.44798279 89.68759155 113.09210968
C 65.99566650 90.40431213 110.78532410
C 66.08752441 88.44698334 112.85630798
H 64.97407532 89.89515686 114.00251007
C 66.55970001 89.14833069 110.51123047
H 66.04704285 91.26329803 110.07369232
C 66.58861542 88.19384766 111.57929993
H 66.04135895 87.70077515 113.66582489
H 66.99111176 89.08903503 109.51706696
C 70.48577881 96.71976471 105.29670715
H 70.83539581 97.72945404 105.08264923
H 71.43103027 96.24732208 105.48887634
C 69.67115784 96.27838898 104.11091614
H 69.62166595 95.19297791 104.14304352
H 68.67066193 96.74414825 104.24073029
C 70.18082428 96.61641693 102.72883606
H 70.21011353 97.69165802 102.64877319
H 71.22010040 96.28778839 102.61316681
C 62.17668152 92.73690796 117.74835205
H 61.91711426 93.75453186 117.99356842
H 61.29991531 92.01985931 117.62541199
C 63.09628296 92.16208649 118.79534912
H 63.35659027 91.11342621 118.59078979
H 63.95093918 92.85153961 118.83118439
C 62.62436676 92.18711090 120.27844238
H 61.78441238 91.50806427 120.31523895
H 62.21560669 93.17913055 120.50358582
C 67.45482635 86.90821838 111.39091492
H 68.11595154 87.12293243 110.50008392
H 68.15585327 86.82708740 112.20300293
C 66.67037201 85.54263306 111.24768829
H 66.28993988 85.15126801 112.18376923
H 65.74107361 85.83881378 110.72621155
C 67.54638672 84.41914368 110.60427856
H 67.01227570 83.51953888 110.31959534
H 68.08985138 84.87862396 109.77276611
C 65.01990509 101.52445221 112.58836365
H 64.92807770 102.23239136 111.76433563
H 65.68682861 102.07003021 113.20648193
C 63.66886902 101.28607941 113.32523346
H 63.75540161 100.46860504 114.03964996
H 63.28113937 102.20020294 113.73715210
C 62.61038589 100.85391998 112.33973694
H 62.82456589 99.94464111 111.77084351
H 62.33221054 101.56758118 111.57627869
C 63.78004456 91.90412140 121.27529907
H 64.33659363 91.01951599 120.98806000
H 64.48016357 92.70905304 121.28771973
C 61.35566330 100.54760742 113.10556793
H 61.60472107 99.70854187 113.76154327
H 61.18865967 101.39574432 113.75489807
C 68.74518585 83.93396759 111.60993958
H 69.25640869 84.68778229 112.16210175
H 68.15287781 83.32090759 112.36119843
C 69.29254150 96.00631714 101.65118408
H 69.19862366 95.02880096 101.97322845
H 68.27554321 96.36134338 101.71368408
C 69.71701813 83.08510590 110.79320526
H 70.33956146 83.69577789 110.21362305
H 69.22308350 82.48970032 110.01859283
C 60.16937637 100.33566284 112.21381378
H 60.48284531 99.57382965 111.53813934
H 60.07733917 101.21509552 111.71578979
C 63.21540833 91.77281952 122.73051453
H 62.92808151 90.72718048 122.79298401
H 62.33906174 92.35533905 122.98606110
C 69.87187958 95.90278625 100.26619720
H 69.73591614 96.79338074 99.74222565
H 70.90044403 95.51782227 100.38894653
C 64.19385529 92.23735046 123.85494232
H 63.88534546 91.79682922 124.80876923
H 65.17307281 91.87922668 123.60333252
H 64.21332550 93.30625916 123.99014282
C 58.76194000 99.96751404 112.85617065
H 58.06035233 99.79534149 112.04383850
H 58.84916306 99.03379822 113.41226959
H 58.30018997 100.76819611 113.38201904
C 70.43955231 82.19063568 111.72932434
H 71.16930389 82.60449982 112.43361664
H 69.80034637 81.66487122 112.39412689
H 70.91652679 81.36339569 111.20864105
C 69.01758575 94.90829468 99.49423981
H 69.08115387 93.94790649 99.97341919
H 67.97212982 95.16297150 99.44779968
H 69.35790253 94.77484894 98.43528748
C 56.93804932 101.36111450 115.89941406
C 57.61602783 101.90864563 117.04625702
C 57.06541443 101.90380096 118.37686157
C 55.67967224 101.38021851 118.55601501
C 55.00706482 100.94727325 117.43823242
C 55.62133789 100.84687042 116.13070679
H 57.34255981 101.44409180 114.94974518
H 55.24873352 101.44495392 119.49578094
C 59.15052795 102.41002655 117.17482758
C 59.24784851 102.73137665 118.66897583
C 58.05204773 102.36800385 119.32574463
C 60.16978455 103.20676422 119.66217041
C 59.68136597 103.18351746 120.99388123
S 58.14395142 102.56640625 121.06982422
C 53.57061768 100.31857300 117.33190155
C 53.46632385 100.09157562 115.82428741
C 54.68530273 100.29553986 115.20116425
C 52.52919006 99.64669800 114.83557892
C 53.02778625 99.49088287 113.50032043
S 54.71525574 100.02842712 113.46437073
C 60.44401550 103.80342102 121.97334290
S 61.83578491 103.59825134 119.81041718
S 50.82595825 99.24262238 114.87439728
C 52.05659485 99.30007935 112.50485992
C 61.63838196 104.21441650 121.42389679
C 50.76446533 99.10926056 113.06520081
H 60.18977356 103.90892792 123.01213074
H 52.27256775 99.34654999 111.41317749
C 49.61453247 98.88748932 112.21960449
C 48.29997253 98.35803223 112.38725281
C 47.74815369 97.73158264 113.60997772
C 47.18203735 98.26420593 111.39578247
C 46.33221436 97.29267883 113.37290955
O 48.31933594 97.53923798 114.64328003
C 45.99668884 97.65788269 112.02233887
C 47.23629761 98.75479889 110.05413818
C 45.45692444 96.65184784 114.25797272
C 44.71131134 97.31257629 111.58902740
C 48.10591125 99.67506409 109.48368835
C 46.30117798 98.46106720 109.04150391
C 44.19651794 96.36808777 113.73590851
H 45.64276123 96.26898193 115.26866150
C 43.75595856 96.79270172 112.46791077
H 44.39788818 97.47618103 110.57298279
N 48.82128906 100.41304016 108.90452576
N 45.56919098 98.28314209 108.17814636
H 43.43334961 95.97006989 114.41580200
H 42.79413605 96.56393433 112.00715637
H 49.86437988 99.34768677 111.31394196
C 62.64329529 104.74468994 122.31070709
C 62.70036316 105.76653290 123.26869965
C 61.70231628 106.81091309 123.59142303
C 63.75498962 105.98443604 124.29089355
C 62.11279297 107.52922821 124.80146790
O 60.66908264 107.14492035 122.89933777
C 63.23159790 106.94339752 125.34782410
C 65.01405334 105.34658813 124.41610718
C 61.35342407 108.50386047 125.51192474
C 63.73692322 107.39128113 126.63182831
C 65.56202698 104.39546204 123.53516388
C 65.85113525 105.43569183 125.60770416
C 61.80606079 108.92504883 126.78375244
H 60.53569031 109.11598969 125.00783539
C 62.99237061 108.35174561 127.29975128
H 64.53848267 107.03525543 127.24263763
N 65.89291382 103.62062073 122.74338531
N 66.46343994 105.45990753 126.56425476
H 61.27418518 109.70388031 127.35341644
H 63.35816956 108.75919342 128.23489380
H 63.49534607 104.10494995 122.20004272
C 52.35729980 101.17994690 117.78753662
C 51.11976624 100.57893372 118.06379700
C 52.43252563 102.57810211 117.91078186
C 49.98995972 101.37039185 118.26486969
H 51.04031372 99.53109741 117.98596191
C 51.28959656 103.34026337 118.21330261
H 53.41891479 103.00196075 117.64596558
C 50.06491089 102.77188110 118.32875824
H 49.05899048 100.82065582 118.32095337
H 51.30780029 104.37929535 118.36484528
C 59.45854187 103.59720612 116.27035522
C 59.50994873 103.36862946 114.90864563
C 59.74084473 104.88412476 116.73337555
C 59.78547668 104.30547333 113.93786621
H 59.32826233 102.37822723 114.48450470
C 60.13925171 105.83632660 115.78020477
H 59.69705200 105.20397949 117.76959229
C 60.09039307 105.58876801 114.39292145
H 59.70257568 103.99945068 112.91375732
H 60.46606445 106.82475281 116.09445953
C 60.21833801 101.28855896 116.90769196
C 61.57673645 101.68086243 116.73705292
C 59.96844482 99.92782593 117.04032135
C 62.52371216 100.69688416 116.44845581
H 61.74404907 102.75784302 116.65486908
C 60.91880798 98.90240479 116.78660583
H 58.93086243 99.71878052 117.30045319
C 62.21098328 99.31616211 116.47416687
H 63.55891418 100.96472168 116.16822815
H 60.58773804 97.87285614 116.81166840
C 53.75512695 98.95005035 118.12984467
C 53.47059631 98.87849426 119.50863647
C 54.21920776 97.76396942 117.51422882
C 53.45355225 97.74628448 120.28873444
H 53.22692871 99.82677460 120.02117920
C 54.12721252 96.56420135 118.26774597
H 54.48387146 97.69530487 116.47113800
C 53.80718994 96.57462311 119.64990997
H 53.08920288 97.81100464 121.28407288
H 54.41249084 95.67428589 117.76805878
C 63.19529724 98.25937653 116.02565765
H 62.89253235 97.21022797 116.07125854
H 63.33134460 98.36454010 115.00663757
C 64.57751465 98.33197784 116.71781921
H 65.03880310 99.28274536 116.49996185
H 64.51956177 98.22078705 117.82876587
C 65.54637146 97.25161743 116.13545990
H 65.11540222 96.34514618 116.42977905
H 65.44558716 97.26457977 115.00559235
C 48.82792664 103.62061310 118.54373169
H 47.96351624 102.92536926 118.79107666
H 49.00056458 104.24634552 119.44602966
C 48.46545410 104.41857910 117.29730988
H 49.36949158 105.02375031 116.87730408
H 48.15182495 103.63414001 116.64962006
C 47.29629517 105.41506195 117.58761597
H 47.58210754 106.14501953 118.29468536
H 46.57110596 104.85566711 118.12914276
C 53.91069031 95.30471039 120.43942261
H 53.66654968 95.45684052 121.46896362
H 53.28775024 94.53967285 120.03730011
C 55.23219299 94.52844238 120.29213715
H 55.31632996 94.40698242 119.17887878
H 56.03871155 95.14382935 120.57806396
C 55.10310364 93.16559601 121.00790405
H 55.26907349 93.33989716 122.06601715
H 54.10874939 92.70235443 120.82814789
C 60.38888550 106.70123291 113.40972137
H 60.56301880 106.39735413 112.40280914
H 61.34768677 107.17711639 113.66785431
C 59.22138977 107.67139435 113.39898682
H 58.33628845 107.27812195 113.16503906
H 58.95481873 107.90077209 114.39653778
C 59.64578247 108.96616364 112.69699860
H 60.62501526 109.22634125 113.05380249
H 58.92575073 109.77394867 112.99939728
C 46.69802856 106.01074219 116.33086395
H 47.51557922 106.56736755 115.86869049
H 46.43846130 105.33042145 115.54575348
C 59.53085327 108.80489349 111.10219574
H 60.12162781 107.97661591 110.86048889
H 58.49113464 108.42306519 110.89025879
C 56.25820923 92.19851685 120.67812347
H 55.93942261 91.13430786 120.76084900
H 56.49214172 92.30035400 119.61510468
C 66.99656677 97.24950409 116.69407654
H 67.57620239 98.07349396 116.18579865
H 67.02359009 97.42158508 117.75618744
C 57.50326538 92.34097290 121.57817078
H 57.16976929 92.02065277 122.55056763
H 57.77404785 93.38391113 121.55707550
C 59.73638916 110.10776520 110.30880737
H 60.65599060 110.64090729 110.55683136
H 58.91133118 110.78724670 110.52953339
C 45.56326294 107.01468658 116.58882904
H 46.02864075 107.70944214 117.31063843
H 44.77993011 106.54530334 117.19239044
C 67.74662781 95.92661285 116.31394196
H 67.20805359 95.14241791 116.79236603
H 67.79254150 95.85059357 115.21698761
C 44.97166443 107.70617676 115.36700439
H 45.75830078 108.14557648 114.74494171
H 44.32970428 107.05604553 114.85280609
H 44.37867737 108.61006927 115.70906067
C 59.74734497 109.75649261 108.82935333
H 59.71635437 110.54836273 108.12540436
H 60.78987122 109.39193726 108.65113068
H 58.96797180 109.06589508 108.57546234
C 58.80880737 91.54036713 121.11605072
H 59.67680359 91.89804840 121.67560577
H 58.70191956 90.47779846 121.25506592
H 59.01519775 91.73809814 120.08935547
C 69.22486877 95.85969543 116.78186035
H 69.36253357 95.39055634 117.76281738
H 69.85945129 95.37194061 116.04971313
H 69.66229248 96.79991913 116.96228790
",0.000
18,"372

C 114.45375061 114.98191833 71.04460907
C 114.58907318 113.97550964 70.05059052
C 114.12847900 112.65931702 70.36648560
C 113.46607971 112.31648254 71.53490448
C 113.30451202 113.28609467 72.56954956
C 113.78802490 114.60205841 72.25872040
H 114.81576538 115.92238617 70.82579803
H 112.97283936 111.37533569 71.64030457
C 115.25707245 114.12953949 68.66236115
C 114.94582367 112.67429352 68.19770050
C 114.30120850 111.92258453 69.19172668
C 115.20610809 111.90173340 67.02268982
C 114.61236572 110.63578796 67.06709290
S 113.98157501 110.29849243 68.64097595
C 112.57324219 113.21540833 73.97430420
C 112.80965424 114.65165710 74.37680054
C 113.53716278 115.35753632 73.42764282
C 112.49638367 115.44158936 75.52770996
C 112.98462677 116.78726196 75.44006348
S 113.81826782 116.95971680 73.90637207
C 114.85092926 109.87464905 65.93595123
S 115.98558044 112.18341827 65.51732635
S 111.70671844 115.20354462 77.04567719
C 112.61457062 117.63655853 76.43526459
C 115.49924469 110.60799408 64.91590881
C 111.85630035 116.92547607 77.43808746
H 114.52951050 108.88304901 65.79450989
H 112.82985687 118.69317627 76.47412872
C 111.33836365 117.48519897 78.68228149
C 111.44491577 118.53527069 79.56306458
C 112.27494812 119.74672699 79.44688416
C 110.71858978 118.64476013 80.86904907
C 112.09748077 120.55113983 80.63855743
O 113.00111389 120.04255676 78.47978973
C 111.11024475 120.00125122 81.50850677
C 109.78005981 117.75056458 81.40303040
C 112.74528503 121.75881195 81.01016998
C 110.85626221 120.59992218 82.78657532
C 109.45285797 116.37665558 81.16889191
C 108.88540649 118.17584229 82.44091797
C 112.54502106 122.33695984 82.25958252
H 113.46780396 122.19773102 80.40045166
C 111.61966705 121.69583130 83.14945984
H 110.28984833 120.17790222 83.50082397
N 109.12583923 115.28298950 81.07377625
N 108.13330078 118.48705292 83.24077606
H 113.05355072 123.25270081 82.51426697
H 111.44198608 122.12103271 84.13574219
H 110.56868744 116.78144073 79.03009796
C 115.93716431 110.02564240 63.67068100
C 115.62336731 109.09157562 62.71551895
C 114.40568542 108.24633789 62.79121780
C 116.31409454 108.81269073 61.40509415
C 114.40180206 107.36287689 61.62717056
O 113.47776794 108.25022125 63.58315659
C 115.52175140 107.67539978 60.83273697
C 117.43479156 109.51512146 60.83901596
C 113.40895081 106.44034576 61.21278763
C 115.62252045 106.99432373 59.63849640
C 118.09428406 110.67649841 61.31716156
C 118.04433441 109.23507690 59.53484726
C 113.48236847 105.93700409 59.88200760
H 112.61036682 106.20305634 61.90416336
C 114.69738007 106.03913116 59.17419434
H 116.47722626 107.13891602 58.96605301
N 118.65609741 111.59837341 61.68741608
N 118.51921082 109.07717896 58.48873901
H 112.71326447 105.25056458 59.63454056
H 114.81221771 105.42747498 58.28821182
H 116.82566071 110.53399658 63.37321472
C 113.26105499 112.16776276 74.88128662
C 113.99755859 112.47872162 76.04961395
C 113.22908020 110.82152557 74.57394409
C 114.79961395 111.51233673 76.78031921
H 114.00050354 113.50466156 76.34622192
C 113.86221313 109.81059265 75.36196136
H 112.60248566 110.55737305 73.75147247
C 114.66526031 110.17240906 76.41560364
H 115.46967316 111.75416565 77.61454010
H 113.65625763 108.80695343 75.02616119
C 116.84585571 114.27719879 68.84661102
C 117.50318909 114.16255951 70.11406708
C 117.71262360 114.38112640 67.75324249
C 118.90879059 114.30197906 70.29317474
H 116.92137909 114.04866791 71.06700897
C 119.11219788 114.45749664 67.81526184
H 117.29465485 114.57399750 66.79926300
C 119.68228149 114.48001862 69.14476776
H 119.41525269 114.11564636 71.22186279
H 119.64674377 114.47718048 66.88032532
C 114.45023346 115.21810913 67.87100220
C 113.05764771 114.99247742 67.67522430
C 114.97861481 116.54274750 67.61577606
C 112.24994659 115.94080353 67.11080170
H 112.69839478 113.98601532 67.77764893
C 114.15313721 117.49589539 67.02568054
H 116.01116180 116.78633118 67.80907440
C 112.75239563 117.19612885 66.79165649
H 111.20128632 115.65430450 66.90259552
H 114.56192780 118.48539734 66.83112335
C 111.02550507 113.00630951 73.83120728
C 110.30928040 112.17276001 74.79553986
C 110.35100555 113.59889984 72.78327179
C 108.91625214 112.06478119 74.67923737
H 110.76600647 111.58288574 75.55451965
C 108.94830322 113.40935516 72.67113495
H 110.94017792 114.04389954 72.00310516
C 108.21474457 112.74967957 73.68341064
H 108.43054962 111.45525360 75.41793823
H 108.35517883 113.91751862 71.87966156
C 111.91982269 118.26235199 66.09024811
H 112.51712799 119.10968018 66.02464294
H 111.87194824 117.88146973 65.13088989
C 110.45697021 118.53985596 66.58692932
H 109.98748016 119.21440887 65.87581635
H 109.82786560 117.62601471 66.59692383
C 110.42388153 119.21883392 67.94580078
H 110.92296600 118.48300171 68.69527435
H 111.08775330 120.05206299 67.82794952
C 115.38345337 109.12272644 77.23954773
H 115.75057220 108.38822174 76.52913666
H 116.23403168 109.62947845 77.71554565
C 114.51280212 108.55079651 78.35099792
H 114.34673309 109.41593170 78.95297241
H 113.49629211 108.26007080 77.96889496
C 115.07707977 107.35727692 79.13873291
H 116.15003204 107.35911560 79.55717468
H 114.98754883 106.48566437 78.48940277
C 106.70894623 112.70167542 73.53420258
H 106.35395813 113.46268463 72.86178589
H 106.47326660 111.71371460 73.09223938
C 105.93237305 112.96359253 74.87551880
H 104.92006683 112.56021118 74.61387634
H 106.30858612 112.39005280 75.68264771
C 105.74485779 114.53472137 75.06069183
H 106.67777252 115.03923798 75.09159851
H 105.15555573 114.87968445 74.28683472
C 121.18150330 114.47048187 69.22476959
H 121.43842316 114.97701263 70.08866882
H 121.59578705 115.00106812 68.26058960
C 121.89514160 113.08511353 69.26908875
H 121.79695129 112.56495667 68.36905670
H 123.01005554 113.15952301 69.28615570
C 121.32514954 112.11962128 70.27904510
H 121.02174377 112.51752472 71.25798035
H 122.09023285 111.36128998 70.39109802
C 114.15650177 107.12431335 80.35149384
H 114.11734772 108.02636719 80.89247894
H 113.13829803 106.77725983 80.04055786
C 120.15287018 111.27386475 69.79615784
H 119.37590027 111.90087128 69.31129456
H 120.39834595 110.59579468 68.99907684
C 105.00772095 114.91066742 76.37939453
H 104.68899536 115.91521454 76.30673981
H 104.05224609 114.37961578 76.57010651
C 109.01685333 119.55667877 68.39115906
H 108.55098724 120.14431000 67.60331726
H 108.57097626 118.62108612 68.71543121
C 105.92795563 114.73847961 77.65393829
H 106.60349274 115.57491302 77.84552002
H 106.47164154 113.88311768 77.44194031
C 119.61850739 110.43050385 70.97012329
H 119.44487000 111.08864594 71.86523438
H 120.41329956 109.73236084 71.17906189
C 114.76081848 106.08254242 81.28862000
H 115.68754578 106.43173981 81.63355255
H 114.93239594 105.14765167 80.72006226
C 109.12318420 120.37967682 69.64839935
H 109.52729797 119.74090576 70.41837311
H 109.85210419 121.24234009 69.60988617
C 113.86351013 105.89282227 82.55570221
H 112.88709259 105.49143219 82.30960083
H 114.37812042 105.27556610 83.31834412
H 113.58204651 106.80973053 83.04663849
C 118.33023834 109.63315582 70.63938141
H 118.04483795 109.01541138 71.48274231
H 117.46311188 110.21775055 70.31658173
H 118.51293945 108.98473358 69.81761932
C 105.17687988 114.63269043 78.91670990
H 105.80399323 114.59322357 79.83582306
H 104.42273712 115.48712921 78.91256714
H 104.53292084 113.76315308 79.06687164
C 107.73361206 120.77308655 70.19293213
H 107.27960205 121.61779785 69.67790222
H 106.95892334 119.91420746 70.12602234
H 107.73002625 120.94493866 71.29083252
C 118.74487305 98.82305908 57.98887634
C 119.71775818 99.53047180 58.76953125
C 119.21427917 100.56415558 59.62504578
C 117.91007996 101.02374268 59.56393433
C 116.97372437 100.28163147 58.91476440
C 117.39221954 99.13751984 58.16755676
H 119.05968475 98.01203156 57.34828186
H 117.62408447 101.98840332 60.00714111
C 121.26763916 99.51939392 58.75805664
C 121.53962708 100.40840149 59.98811340
C 120.36388397 101.05127716 60.38140869
C 122.60982513 100.91931152 60.72105408
C 122.25869751 101.88699341 61.58834839
S 120.62673950 102.40149689 61.49827576
C 115.48703003 100.58207703 58.75144958
C 115.04042053 99.22401428 58.09867859
C 116.19709778 98.53186035 57.73730469
C 113.84180450 98.72459412 57.53573608
C 114.15864563 97.52152252 56.78292847
S 115.85460663 97.12036896 56.73695374
C 123.32804871 102.29022980 62.39837646
S 124.36686707 100.55496216 60.70561218
S 112.14222717 99.09740448 57.40739441
C 113.04757690 96.99744415 56.17179871
C 124.57017517 101.72492218 62.02627563
C 111.89385223 97.78792572 56.32853699
H 123.19982147 103.01882935 63.26507568
H 113.08433533 96.19535828 55.49055481
C 110.63762665 97.45262909 55.78196716
C 110.13547516 96.82689667 54.64112854
C 110.99109650 96.21663666 53.62930298
C 108.64083099 96.62909698 54.34063721
C 110.05613708 95.51649475 52.76762390
O 112.22506714 96.28742981 53.43687439
C 108.70869446 95.78620148 53.09062195
C 107.40342712 96.96288300 55.03294373
C 110.42348480 94.76902008 51.65966797
C 107.64733124 95.24567413 52.28381348
C 107.35008240 97.74211121 56.25382996
C 106.00656128 96.71038055 54.64411926
C 109.36973572 94.26377106 50.86941528
H 111.44949341 94.63570404 51.30197144
C 108.02265167 94.42079926 51.19914246
H 106.62802124 95.57468414 52.44392395
N 107.41436005 98.34554291 57.25378418
N 104.94343567 96.47568512 54.22850037
H 109.60825348 93.59236908 49.98014832
H 107.33542633 93.92826080 50.60284424
H 109.94169617 97.82628632 56.44906616
C 125.62004089 101.75466919 63.01499939
C 126.14803314 102.55734253 64.04273987
C 125.70254517 103.93640137 64.32679749
C 127.20786285 102.22309875 65.04605103
C 126.44773102 104.41198730 65.51658630
O 124.86988068 104.66325378 63.76612854
C 127.39640808 103.42250824 65.93978882
C 127.89321136 101.04760742 65.22282410
C 126.26819611 105.61396790 66.14315796
C 128.22941589 103.70687866 67.04086304
C 127.48809814 99.81341553 64.66200256
C 128.74522400 100.73881531 66.34808350
C 126.98772430 105.81159210 67.33630371
H 125.52814484 106.23331451 65.73872375
C 127.86542511 104.81977844 67.84196472
H 129.00512695 103.11943817 67.39718628
N 127.20299530 98.80419922 64.14295959
N 129.40524292 100.51818848 67.23951721
H 126.87850952 106.73891449 67.91567993
H 128.38270569 104.99261475 68.78623962
H 126.15916443 100.86772919 62.88943481
C 115.35316467 101.66117859 57.62568665
C 114.02396393 102.09727478 57.35926819
C 116.36180878 102.31420135 56.94827271
C 113.83100128 103.07068634 56.36846924
H 113.17637634 101.65366364 57.93716431
C 116.21819305 103.37308502 56.08029175
H 117.37216949 102.18506622 57.25914001
C 114.89302063 103.73815918 55.80760193
H 112.84635162 103.29777527 56.04866028
H 117.01062012 103.89204407 55.60327148
C 121.72425079 100.10926056 57.30380249
C 121.55975342 99.27944946 56.20193481
C 122.11473846 101.46759033 57.08956909
C 121.80290222 99.67193604 54.90933228
H 121.21458435 98.27042389 56.30216980
C 122.54602814 101.84391785 55.76118469
H 122.17671967 102.17618561 57.87292480
C 122.41033936 100.94762421 54.68260193
H 121.62130737 98.94548798 54.17761230
H 122.84741974 102.86491394 55.61772156
C 121.83646393 98.05771637 59.13200378
C 123.20838165 97.86367035 58.94210815
C 121.03523254 96.94062805 59.58894348
C 123.80390167 96.63519287 59.28588867
H 123.85031128 98.62189484 58.57629395
C 121.63481140 95.69915771 59.91854858
H 119.95227814 97.11474609 59.71537781
C 123.06512451 95.53540039 59.83242798
H 124.87990570 96.53961182 59.09608459
H 121.10971069 94.81410217 60.27151489
C 114.68462372 100.90519714 60.03491211
C 113.77587891 100.06385040 60.63183594
C 114.68466949 102.26762390 60.40669250
C 113.07216644 100.37815857 61.80241394
H 113.72496033 98.99528503 60.26538086
C 113.89828491 102.73287201 61.44648743
H 115.42634583 102.93560791 59.97314453
C 113.09695435 101.74501038 62.16497803
H 112.46839905 99.68082428 62.41749573
H 114.02153015 103.73654938 61.71571350
C 123.85419464 94.25470734 60.24365234
H 124.80841827 94.56003571 60.55084229
H 123.51628113 93.98501587 61.32330322
C 123.87757111 93.05933380 59.32148743
H 124.32987213 92.23667908 59.84349060
H 122.82618713 92.80352783 59.12985229
C 124.74461365 93.20661163 57.98565674
H 124.27055359 94.00385284 57.55984497
H 125.71786499 93.64088440 58.19847107
C 114.62216949 104.92509460 54.95259094
H 115.47443390 105.04515839 54.25009155
H 113.64405823 104.82934570 54.44734192
C 114.56641388 106.20302582 55.73649597
H 113.96269989 106.03193665 56.62297058
H 115.50444031 106.37670898 56.15196228
C 114.22871399 107.51230621 54.91790771
H 113.29876709 107.38948059 54.29020691
H 115.06227112 107.56883240 54.23533630
C 112.32743073 102.22956085 63.40551758
H 112.42265320 103.34456635 63.44010925
H 111.27763367 102.04235077 63.36651611
C 112.82570648 101.52279663 64.69001770
H 112.46137238 100.42487335 64.66177368
H 113.89567566 101.50744629 64.73927307
C 112.24417877 102.04250336 65.98843384
H 111.22854614 102.52251434 65.86578369
H 112.26393890 101.36257172 66.79637146
C 122.85329437 101.37808228 53.25549316
H 123.84046936 101.81584167 53.30334473
H 122.23965454 102.25165558 52.92585754
C 122.88971710 100.27593994 52.19029236
H 123.50853729 100.53259277 51.39414978
H 123.34294891 99.41772461 52.61062622
C 121.46034241 99.93556976 51.62928772
H 121.33787537 100.68289948 50.92105103
H 120.79074860 99.98375702 52.37284851
C 114.12989807 108.71652985 55.82145691
H 113.32583618 108.54914093 56.59547424
H 115.13367462 108.81550598 56.45680237
C 121.39765930 98.58186340 50.89329529
H 122.04320526 98.56845093 50.06034851
H 121.75559235 97.88459015 51.66023254
C 113.12512207 103.25155640 66.44931030
H 114.15117645 102.86392975 66.26737976
H 113.06312561 104.09946442 65.76179504
C 124.78869629 91.98835754 57.04138184
H 125.23801422 91.14439392 57.57176208
H 123.71834564 91.80244446 56.92028809
C 112.90335083 103.62966919 67.93696594
H 113.06424713 102.80832672 68.54226685
H 111.88420868 103.95583344 68.09994507
C 119.97795105 98.15650177 50.53125000
H 119.50543213 98.89895630 49.90278625
H 119.41477966 98.24124146 51.50079346
C 113.77146912 110.04301453 55.10516357
H 112.85162354 109.84538269 54.52500916
H 114.53520203 110.26897430 54.31849670
C 125.32946014 92.18765259 55.57797241
H 124.62422943 92.73980713 54.98674011
H 126.28281403 92.77539062 55.54269409
C 113.75304413 111.23471069 56.04907227
H 114.66147614 111.28875732 56.69982910
H 113.67178345 112.27425385 55.64176941
H 112.85839844 111.09455109 56.62458801
C 119.93948364 96.71620941 50.01924133
H 120.34329987 95.97306061 50.64254761
H 118.91897583 96.49763489 49.83433533
H 120.54442596 96.62926483 49.09942627
C 113.65876770 104.81053925 68.44270325
H 113.26806641 105.67117310 67.85624695
H 113.39790344 105.10948181 69.49290466
H 114.71078491 104.70267487 68.25767517
C 125.45840454 90.82765198 54.93270874
H 126.09483337 90.25016022 55.60548401
H 124.50920868 90.32488251 54.72944641
H 125.79621124 90.94350433 53.89843750
",0.000
19,"372

C 128.42950439 105.74328613 121.24866486
C 129.58126831 106.03640747 122.03443909
C 130.05537415 105.08972931 122.94495392
C 129.54244995 103.72953033 123.06052399
C 128.38288879 103.40693665 122.23652649
C 127.84996796 104.40473175 121.35004425
H 127.87721252 106.54738617 120.62779236
H 129.95137024 103.02783203 123.79479218
C 130.40631104 107.40994263 122.10575104
C 131.48565674 106.98677063 123.10664368
C 131.11492920 105.72723389 123.61922455
C 132.62829590 107.49556732 123.74079132
C 132.97924805 106.70081329 124.88291931
S 132.08511353 105.19293976 124.97327423
C 127.46522522 102.10620117 122.22482300
C 126.55008698 102.58126831 121.01721954
C 126.82209778 103.83609009 120.57569122
C 125.52367401 101.95384216 120.27576447
C 125.11598969 102.80778503 119.20151520
S 125.94511414 104.33516693 119.19873047
C 134.02552795 107.22550201 125.65480804
S 133.58406067 108.99766541 123.70515442
S 124.59291077 100.51496124 120.30589294
C 124.19749451 102.23009491 118.34692383
C 134.57369995 108.42139435 125.09378052
C 123.71923828 100.95462799 118.76715851
H 134.43017578 106.81505585 126.53709412
H 123.80192566 102.78707886 117.51976013
C 122.99183655 100.06889343 117.93411255
C 121.85829163 100.13780975 117.12655640
C 120.90334320 101.25409698 117.14707184
C 121.32304382 99.08898926 116.31644440
C 119.76860046 100.85948944 116.26522827
O 120.97743225 102.25696564 117.84908295
C 120.03405762 99.55438232 115.73662567
C 121.88582611 97.75668335 116.03215027
C 118.59329224 101.57768250 116.06932068
C 119.16329193 99.05401611 114.72408295
C 122.86382294 97.08266449 116.82703400
C 121.35972595 96.76111603 115.17154694
C 117.72724152 101.06903839 115.10163116
H 118.47414398 102.56544495 116.49011993
C 118.02053070 99.86806488 114.41018677
H 119.33584595 98.09843445 114.24762726
N 123.69739532 96.63681793 117.47791290
N 120.99701691 95.97248077 114.45358276
H 116.86215210 101.80502319 114.84863281
H 117.33789825 99.46702576 113.68653870
H 123.58512878 99.13065338 118.00550079
C 135.73881531 109.03796387 125.72605896
C 136.98164368 108.58132935 126.20742798
C 137.45837402 107.13452148 125.98658752
C 138.16650391 109.34436798 126.69276428
C 138.83070374 107.05747223 126.56430817
O 136.77362061 106.32988739 125.41029358
C 139.17512512 108.32128906 127.08616638
C 138.35353088 110.76106262 126.78235626
C 139.69383240 106.00785828 126.57975769
C 140.43171692 108.46845245 127.71587372
C 137.38366699 111.79135895 126.81921387
C 139.63610840 111.36537933 127.03634644
C 140.94992065 106.17800903 126.99361420
H 139.28393555 105.06939697 126.17054749
C 141.33918762 107.35968018 127.73015594
H 140.77899170 109.32904816 128.26023865
N 136.57708740 112.66574097 126.86194611
N 140.68600464 111.84404755 127.22859192
H 141.60081482 105.27619171 126.92866516
H 142.30178833 107.41302490 128.23219299
H 135.59971619 110.09641266 125.72560120
C 126.82572937 101.90100861 123.55973816
C 127.63894653 101.50294495 124.61171722
C 125.46345520 101.96919250 123.77912903
C 127.07200623 101.38993073 125.90953064
H 128.65213013 101.39316559 124.48734283
C 124.92855072 101.82250977 125.05526733
H 124.70581818 102.22497559 122.92768860
C 125.68192291 101.60375977 126.13492584
H 127.73294830 101.15254974 126.77523804
H 123.92519379 102.01612091 125.08073425
C 129.62106323 108.54798889 122.92598724
C 130.25309753 109.79407501 123.11129761
C 128.42195129 108.25894165 123.59619904
C 129.56979370 110.79708099 123.77011871
H 131.32092285 109.90561676 122.67489624
C 127.78765106 109.21263123 124.34986115
H 127.89015961 107.39900208 123.50559998
C 128.38191223 110.49027252 124.45967865
H 130.03082275 111.82559967 123.85814667
H 126.89787292 108.97328949 124.90856171
C 130.91485596 107.78765106 120.67594147
C 131.91201782 106.97172546 120.10088348
C 130.57278442 108.94055939 120.02879333
C 132.50920105 107.38164520 118.87490082
H 132.26568604 106.05366516 120.58480835
C 131.04289246 109.31779480 118.78833771
H 129.84565735 109.62532806 120.46161652
C 131.96742249 108.45537567 118.15924072
H 133.39035034 106.81388092 118.64289093
H 130.79316711 110.25170898 118.26271820
C 128.13868713 100.73518372 121.80536652
C 129.35916138 100.73190308 121.03230286
C 127.66172791 99.48515320 122.19978333
C 130.00814819 99.54192352 120.65611267
H 129.84994507 101.62055206 120.74563599
C 128.21359253 98.28551483 121.68143463
H 126.81622314 99.29001617 122.82688141
C 129.39198303 98.33717346 120.93476868
H 130.89141846 99.54151917 120.02772522
H 127.67669678 97.40576172 121.89051819
C 132.49743652 108.68476868 116.74622345
H 132.27859497 107.78527832 116.09362793
H 131.83068848 109.41069031 116.20525360
C 133.97949219 109.02892303 116.62302399
H 134.48490906 108.10833740 116.82698059
H 134.20278931 109.30210114 115.62487030
C 134.44462585 110.13497162 117.57376099
H 133.64645386 110.85385895 117.69577026
H 134.64144897 109.75123596 118.56467438
C 125.20755768 101.28848267 127.55098724
H 124.94442749 100.20829773 127.64205933
H 126.05397797 101.36296844 128.22230530
C 123.92115021 102.04852295 128.02230835
H 124.19902039 103.12098694 128.22250366
H 123.08512878 102.06954193 127.37449646
C 123.39259338 101.63578033 129.35511780
H 124.28214264 101.55347443 130.03314209
H 122.86458588 100.66010284 129.31979370
C 129.96629333 97.04295349 120.27228546
H 129.30329895 96.17872620 120.57572937
H 129.95339966 97.16454315 119.20576477
C 131.46963501 96.62490082 120.58275604
H 131.53088379 95.65512085 120.17066956
H 132.03881836 97.39888763 120.06060028
C 131.62751770 96.49577332 122.11029816
H 131.47062683 97.46997833 122.58441925
H 130.95701599 95.77008820 122.50640106
C 127.81064606 111.47698212 125.46298981
H 126.81005859 111.43200684 125.33753967
H 128.21026611 112.50341797 125.17614746
C 128.22518921 111.28074646 126.91740417
H 127.36256409 111.02256012 127.51412964
H 128.94326782 110.44758606 126.99797821
C 128.84138489 112.51725769 127.63143921
H 128.13789368 113.31713867 127.54920197
H 129.78845215 112.91293335 127.16780090
C 122.43780518 102.70126343 129.92671204
H 123.04784393 103.50746155 130.18089294
H 121.65919495 102.95830536 129.20068359
C 129.18634033 112.30702209 129.08442688
H 128.30316162 112.01308441 129.63464355
H 129.89857483 111.49153137 129.04701233
C 133.08317566 96.01582336 122.47573090
H 133.21243286 95.16348267 121.91809082
H 133.70928955 96.83731079 122.19905090
C 135.65000916 110.98757172 117.13883209
H 136.47715759 110.35816956 116.87695312
H 135.32391357 111.62358856 116.32233429
C 133.18403625 95.60283661 123.93665314
H 132.41729736 94.89470673 124.21659088
H 133.09133911 96.57307434 124.40796661
C 129.84066772 113.52144623 129.72036743
H 129.30204773 114.43241119 129.64546204
H 130.76829529 113.83951569 129.20832825
C 121.80037689 102.31930542 131.26704407
H 122.74923706 102.13970184 131.86224365
H 121.22847748 101.39389801 131.12057495
C 136.14859009 111.91749573 118.30519104
H 135.37313843 112.55181885 118.73892975
H 136.67761230 111.36570740 119.09458923
C 120.91121674 103.39241791 131.82232666
H 121.44580841 104.32999420 131.66920471
H 120.08459473 103.41129303 131.16706848
H 120.57479095 103.22510529 132.83747864
C 130.19334412 113.36497498 131.17658997
H 129.33033752 112.99947357 131.77230835
H 131.15039062 112.88052368 131.31498718
H 130.35031128 114.31070709 131.76065063
C 134.55914307 95.06936646 124.16290283
H 135.32699585 95.84075165 123.90727234
H 134.65907288 94.80190277 125.17420197
H 134.82505798 94.24552917 123.51062012
C 137.16793823 112.86093903 117.66739655
H 137.35830688 113.40691376 118.51967621
H 138.11158752 112.33561707 117.41677856
H 136.85218811 113.40712738 116.78579712
C 125.63727570 129.22897339 128.42208862
C 125.12544250 130.52838135 128.43162537
C 124.11242676 130.91854858 127.50329590
C 123.64844513 129.95358276 126.58151245
C 124.04327393 128.64906311 126.69387054
C 125.03085327 128.23490906 127.67002869
H 126.40955353 129.02420044 129.11596680
H 122.88081360 130.17840576 125.81842804
C 125.69147491 131.65812683 129.26564026
C 124.89656067 132.83489990 128.56765747
C 123.96859741 132.35313416 127.62066650
C 124.67140961 134.17628479 128.76020813
C 123.67680359 134.69842529 127.94773865
S 123.06413269 133.60276794 126.75608826
C 123.57936859 127.47840118 125.84197998
C 124.32271576 126.36595917 126.58946228
C 125.19380951 126.79931641 127.60633087
C 124.27040863 124.91412354 126.53916168
C 125.10493469 124.34019470 127.47613525
S 126.08599091 125.50392151 128.36521912
C 123.57278442 136.11175537 128.06799316
S 125.42680359 135.35293579 129.78958130
S 123.36186981 123.67134094 125.69318390
C 125.02295685 122.93859863 127.47819519
C 124.42832947 136.66043091 129.13446045
C 124.15788269 122.34697723 126.59091949
H 122.85408783 136.70930481 127.52066803
H 125.60496521 122.34035492 128.11611938
C 123.52608490 121.05609131 126.82619476
C 123.85840607 119.72891235 127.11403656
C 125.26627350 119.19363403 127.07253265
C 122.96424866 118.51982117 127.27814484
C 125.18991852 117.76466370 127.33621216
O 126.21904755 119.92459869 126.83867645
C 123.86407471 117.32511139 127.52512360
C 121.53809357 118.51985931 127.15052795
C 126.30592346 116.94116974 127.48641968
C 123.57695007 115.96477509 127.68801117
C 120.62506104 119.59340668 127.05637360
C 120.77313232 117.30987549 127.10793304
C 126.03850555 115.52424622 127.61210632
H 127.30280304 117.21684265 127.29271698
C 124.70401764 115.01338959 127.67367554
H 122.62512970 115.57917786 127.92205048
N 119.94476318 120.57344818 127.00282288
N 120.15297699 116.36450195 127.01783752
H 126.81976318 114.73809052 127.51206207
H 124.50753021 113.99040985 127.79925537
H 122.49240112 121.23898315 126.83532715
C 124.21146393 137.96374512 129.52339172
C 124.30519104 139.24002075 128.93853760
C 124.78880310 139.50938416 127.54673004
C 124.00337982 140.55027771 129.51652527
C 124.75852203 140.91929626 127.34642029
O 125.16411591 138.73506165 126.65004730
C 124.16096497 141.61152649 128.44007874
C 123.42202759 140.79176331 130.73350525
C 125.13925934 141.57212830 126.17729950
C 123.90648651 143.00173950 128.19926453
C 122.90376282 139.82669067 131.72337341
C 123.02400208 142.09460449 131.10292053
C 125.05651093 142.93588257 126.06818390
H 125.53629303 140.99406433 125.37732697
C 124.44654846 143.71287537 127.07476044
H 123.48235321 143.60487366 128.97044373
N 122.56674194 139.12405396 132.55046082
N 122.83238220 143.19427490 131.38227844
H 125.29560089 143.40133667 125.13295746
H 124.35631561 144.75845337 127.09088898
H 124.04961395 137.93370056 130.57769775
C 124.11423492 127.62761688 124.41036987
C 123.63652802 126.82324982 123.34986877
C 125.26790619 128.44653320 124.07215881
C 124.18349457 126.93148041 122.10900879
H 122.76387024 126.18878937 123.50393677
C 125.77763367 128.63122559 122.76971436
H 125.71703339 129.03631592 124.95101929
C 125.18441010 127.87120056 121.76842499
H 123.64827728 126.23289490 121.40805817
H 126.59403229 129.31037903 122.55207825
C 127.23905182 131.79402161 129.15647888
C 127.80154419 132.67761230 128.23091125
C 128.10777283 131.02119446 129.98640442
C 129.24176025 132.77249146 128.10173035
H 127.24892426 133.44454956 127.72383881
C 129.48094177 131.13105774 129.84278870
H 127.66912079 130.27427673 130.63763428
C 130.00263977 131.96443176 128.89778137
H 129.70289612 133.49230957 127.43087006
H 130.12803650 130.46185303 130.41798401
C 125.25007629 131.58032227 130.75529480
C 125.87177277 132.39614868 131.77531433
C 124.26110840 130.62835693 131.30555725
C 125.52351379 132.20973206 133.15402222
H 126.64190674 133.00492859 131.46429443
C 123.90850067 130.49531555 132.66828918
H 123.81014252 129.85052490 130.70091248
C 124.50939178 131.33570862 133.59660339
H 125.92323303 132.83013916 133.89631653
H 123.05710602 129.82357788 132.91430664
C 122.02576447 127.39987946 125.82440186
C 121.34449005 126.61522675 126.82118988
C 121.19955444 128.15347290 124.95001221
C 119.99390411 126.64852142 126.94667053
H 121.94348907 126.03246307 127.51685333
C 119.81033325 128.25799561 125.12932587
H 121.51058960 128.82661438 124.15975952
C 119.19917297 127.49491882 126.14223480
H 119.57855988 125.95209503 127.69897461
H 119.25012207 128.85203552 124.44587708
C 124.17349243 131.34169006 135.06494141
H 123.61873627 130.43846130 135.23786926
H 125.11958313 131.26473999 135.63031006
C 123.33566284 132.50209045 135.54200745
H 122.45778656 132.47488403 134.91267395
H 123.03126526 132.26518250 136.58004761
C 124.09675598 133.86193848 135.55580139
H 124.93354797 133.53456116 136.11328125
H 124.25723267 134.02825928 134.51873779
C 125.65601349 128.04981995 120.30210114
H 126.62265015 127.62599182 120.23558807
H 125.08191681 127.41097260 119.64589691
C 125.52582550 129.45707703 119.76878357
H 124.42433929 129.61018372 119.58647156
H 125.86021423 130.15106201 120.53054047
C 126.24150085 129.67074585 118.37255096
H 126.05657959 128.75012207 117.77477264
H 127.26480103 129.77850342 118.54330444
C 117.72425079 127.32843781 126.21981812
H 117.39743042 126.95806885 125.19683075
H 117.44777679 126.47217560 126.91968536
C 116.99850464 128.55133057 126.69255066
H 116.07039642 128.28099060 127.15323639
H 117.52420044 128.93450928 127.53594971
C 116.67634583 129.55029297 125.52289581
H 117.58327484 130.09426880 125.34044647
H 116.28218079 129.00091553 124.64034271
C 131.56970215 132.06507874 128.72753906
H 131.73867798 131.76690674 127.68264008
H 132.12808228 131.33819580 129.37324524
C 132.19378662 133.41336060 129.12734985
H 133.17462158 133.31942749 128.79634094
H 131.65074158 134.16975403 128.53610229
C 132.23953247 133.70791626 130.63900757
H 132.70872498 132.94029236 131.21994019
H 131.15573120 133.76435852 130.87527466
C 125.84477234 131.00801086 117.83655548
H 126.17362976 130.90779114 116.80965424
H 124.78433990 131.21099854 117.73566437
C 132.99627686 135.02836609 130.95491028
H 134.04502869 135.00541687 130.61828613
H 132.59643555 135.88464355 130.34463501
C 115.62100983 130.62297058 125.98912811
H 114.61884308 130.11685181 126.08846283
H 115.96292114 131.07646179 126.93737793
C 123.44844055 135.03396606 136.26622009
H 122.38259125 135.04737854 136.33459473
H 123.73974609 134.97993469 137.32351685
C 115.20332336 131.64302063 124.93429565
H 114.34778595 132.02265930 125.48509979
H 114.92263031 131.26324463 124.00305939
C 132.93057251 135.31121826 132.48686218
H 133.61723328 134.69735718 132.97633362
H 132.02154541 134.98780823 132.96606445
C 126.71318817 132.16633606 118.37273407
H 127.74477386 132.09906006 118.38764191
H 126.41146088 132.43568420 119.39325714
C 123.87796783 136.37730408 135.71685791
H 124.93870544 136.67971802 135.72868347
H 123.83255005 136.33973694 134.59472656
C 126.49402618 133.38314819 117.52222443
H 125.55657196 133.60173035 117.82133484
H 127.05323029 134.30084229 117.80213165
H 126.62284851 133.05773926 116.44147491
C 133.24427795 136.79057312 132.82409668
H 133.38259888 136.84938049 133.91378784
H 134.24795532 137.12519836 132.45794678
H 132.55404663 137.52084351 132.41926575
C 116.15737915 132.88708496 124.81305695
H 115.94507599 133.41458130 123.95712280
H 116.04656219 133.48649597 125.73588562
H 117.22776794 132.60710144 124.81867218
C 122.91370392 137.48533630 136.18620300
H 121.91500854 137.16754150 136.02676392
H 123.14694977 137.86660767 137.15986633
H 122.93897247 138.35852051 135.44020081
",0.000
20,"372

C 104.64380646 137.46368408 89.32228851
C 105.24298096 137.85026550 90.58021545
C 104.37983704 138.11166382 91.65774536
C 102.93786621 137.90313721 91.59470367
C 102.39791107 137.34121704 90.41824341
C 103.24860382 137.20579529 89.25010681
H 105.17304230 137.34616089 88.37067413
H 102.33653259 138.17559814 92.48368073
C 106.74122620 138.13560486 90.91313171
C 106.50635529 138.55442810 92.27333069
C 105.22941589 138.58134460 92.71646881
C 107.32357025 139.08370972 93.30084229
C 106.65588379 139.21614075 94.55985260
S 105.02480316 138.73916626 94.41555786
C 100.93333435 136.97787476 89.99427795
C 101.27103424 136.36886597 88.58757782
C 102.52999115 136.67593384 88.16727448
C 100.59463501 135.70094299 87.56034088
C 101.47384644 135.25401306 86.55937958
S 103.06501770 135.98796082 86.63638306
C 107.51888275 139.70893860 95.51298523
S 108.98380280 139.53915405 93.35704803
S 99.06498718 135.04020691 87.36533356
C 100.91307831 134.44050598 85.51313782
C 108.88426971 139.94577026 95.05549622
C 99.53894806 134.23576355 85.77886200
H 107.27862549 139.96682739 96.57533264
H 101.45139313 133.99171448 84.71881866
C 98.73564148 133.37176514 84.97686768
C 98.76054382 132.90858459 83.67118073
C 99.44139862 133.68760681 82.64856720
C 98.09110260 131.74179077 83.05342102
C 99.16244507 133.07365417 81.35304260
O 100.06896973 134.71386719 82.78871918
C 98.41572571 131.90379333 81.61414337
C 97.34881592 130.72390747 83.65599823
C 99.56284332 133.42225647 80.06294250
C 98.10713959 131.08807373 80.49137115
C 97.31285095 130.38365173 85.10444641
C 96.72712708 129.61021423 82.99581909
C 99.20798492 132.66854858 79.00201416
H 100.17205811 134.26429749 79.87706757
C 98.61975861 131.43370056 79.22251129
H 97.55532837 130.17008972 80.67113495
N 97.25792694 130.05876160 86.22099304
N 96.26866150 128.73745728 82.38893890
H 99.65247345 132.90858459 78.02221680
H 98.54920197 130.76922607 78.33488464
H 97.91032410 133.02725220 85.57849121
C 109.95201111 140.56303406 95.80782318
C 110.51667023 140.34524536 97.05634308
C 110.04010773 139.23812866 97.95727539
C 111.75695038 140.96348572 97.63810730
C 111.03636932 139.22793579 99.06079865
O 109.06296539 138.50242615 97.79653168
C 112.02443695 140.22120667 98.94178772
C 112.56400299 141.98620605 97.18322754
C 110.99404144 138.33351135 100.16869354
C 112.94296265 140.33660889 100.04973602
C 112.34587097 142.80921936 96.07400513
C 113.79884338 142.46580505 97.76608276
C 111.81104279 138.51327515 101.31625366
H 110.18498230 137.58798218 100.23903656
C 112.82522583 139.47644043 101.17194366
H 113.67765045 141.07832336 100.06307220
N 112.12998199 143.54974365 95.24822998
N 114.84860992 142.76325989 98.13968658
H 111.81916046 137.90354919 102.19529724
H 113.53771210 139.48643494 101.97544861
H 110.45316315 141.26438904 95.18808746
C 100.12363434 138.27540588 89.81764221
C 99.65489197 138.95852661 91.00415039
C 99.68080902 138.83493042 88.55016327
C 98.73143005 139.97612000 90.93749237
H 99.97106934 138.72581482 92.00813293
C 98.78369904 139.93814087 88.49922943
H 99.87194824 138.38983154 87.60482025
C 98.30606842 140.49690247 89.68612671
H 98.47987366 140.44090271 91.94538879
H 98.39813232 140.22380066 87.54262543
C 107.32418060 139.37586975 90.17707825
C 108.66254425 139.32109070 89.62690735
C 106.60164642 140.63442993 89.91327667
C 109.19076538 140.32510376 88.87739563
H 109.33090210 138.49298096 89.76543427
C 107.31022644 141.69914246 89.20106506
H 105.60037231 140.74166870 90.33197021
C 108.52579498 141.47572327 88.59043884
H 110.17872620 140.08009338 88.63318634
H 106.78071594 142.63816833 89.03914642
C 107.63829041 136.79341125 90.76006317
C 107.84310913 136.22158813 89.46839142
C 108.16528320 136.11187744 91.90774536
C 108.64739990 135.05624390 89.27304077
H 107.41619873 136.71925354 88.62218475
C 109.08111572 135.06944275 91.72183228
H 108.00268555 136.56205750 92.87881470
C 109.29511261 134.47383118 90.44417572
H 108.77310181 134.66377258 88.31280518
H 109.56073761 134.62524414 92.58875275
C 100.20419312 135.85180664 90.72563934
C 98.77891541 135.73167419 90.67941284
C 100.87474060 134.83056641 91.45185089
C 98.08744812 134.63455200 91.09223175
H 98.17601013 136.47439575 90.22177887
C 100.20028687 133.74896240 92.02218628
H 101.92430878 134.80307007 91.58969116
C 98.79775238 133.60975647 91.77372742
H 97.04845428 134.48565674 91.00197601
H 100.75066376 132.98216248 92.51623535
C 110.31240082 133.38796997 90.23785400
H 110.08075714 132.90748596 89.32097626
H 111.20433807 133.98710632 90.04501343
C 110.48200989 132.27568054 91.23781586
H 110.97308350 132.77066040 92.12054443
H 109.47238159 132.00549316 91.47249603
C 111.20394897 131.02233887 90.69323730
H 111.35929108 130.26632690 91.44699860
H 110.61712646 130.58399963 89.86149597
C 97.33280182 141.66781616 89.54083252
H 96.86234283 141.48429871 88.65519714
H 96.59329224 141.62979126 90.35166931
C 97.92082214 143.14204407 89.61685181
H 98.24316406 143.32139587 90.59762573
H 98.70500946 143.27885437 88.87036133
C 96.87934113 144.19421387 89.24613953
H 95.96208191 144.06289673 89.77215576
H 96.63706970 144.04736328 88.13069153
C 98.04476166 132.45007324 92.47036743
H 98.58002472 132.35000610 93.39797211
H 97.03468323 132.75743103 92.72756958
C 97.98781586 131.18098450 91.56028748
H 97.99815369 131.51107788 90.51539612
H 98.95662689 130.70172119 91.77682495
C 96.84239197 130.25117493 91.73881531
H 96.48722839 130.36071777 92.71088409
H 95.94293213 130.60037231 91.20720673
C 109.15832520 142.49348450 87.64321899
H 110.15160370 142.64758301 87.98303986
H 108.59167480 143.44056702 87.84050751
C 109.04238129 142.16476440 86.12248993
H 109.63397217 141.24656677 85.97870636
H 107.95401001 141.92703247 85.98856354
C 109.59783173 143.25282288 85.09412384
H 110.59512329 143.45213318 85.25713348
H 109.08909607 144.10719299 85.44001007
C 97.37922668 145.63136292 89.54167938
H 97.78302002 145.51513672 90.56694794
H 98.07632446 146.02847290 88.82706451
C 109.20262909 143.25405884 83.54721832
H 109.79382324 144.11982727 83.09568787
H 109.48612976 142.35200500 83.04171753
C 97.30070496 128.77650452 91.52817535
H 97.48948669 128.55679321 90.51397705
H 98.23855591 128.56326294 91.92107391
C 112.57823944 131.31822205 90.10237122
H 112.49419403 132.00744629 89.25038147
H 113.22920990 131.80923462 90.85744476
C 96.18444824 127.84979248 92.05841827
H 95.33644867 128.01390076 91.39345551
H 95.94984436 127.99451447 93.07183075
C 107.68831635 143.50598145 83.37141418
H 107.45879364 144.39053345 84.03216553
H 107.11367035 142.63551331 83.65061188
C 96.19810486 146.72915649 89.48431396
H 95.28095245 146.57296753 90.10572052
H 95.75473785 146.74038696 88.48892975
C 113.29033661 130.05448914 89.64188385
H 113.65847778 129.58937073 90.52610016
H 112.65198517 129.37896729 89.05368042
C 96.67980194 148.12457275 89.85821533
H 96.95766449 148.69117737 88.96250916
H 95.92300415 148.64915466 90.35427094
H 97.54971313 148.03013611 90.53432465
C 107.29312134 143.93484497 82.00402832
H 107.87525177 144.80064392 81.68532562
H 107.42256165 143.19834900 81.28949738
H 106.21494293 144.17512512 82.10301971
C 96.60952759 126.34615326 92.00647736
H 95.75624847 125.59999084 92.06319427
H 97.18605042 126.08506012 91.19389343
H 97.31912231 126.20758820 92.81796265
C 114.56504822 130.44061279 88.81889343
H 114.19441223 130.67488098 87.75028229
H 115.16263580 131.34106445 89.19266510
H 115.25688934 129.70613098 88.81188965
C 101.97104645 150.78862762 82.85231781
C 103.29650116 150.33864594 82.81320190
C 103.46962738 148.97528839 82.28585815
C 102.40347290 148.12327576 81.93199158
C 101.14321899 148.59939575 82.08736420
C 100.88671875 149.92236328 82.54859161
H 101.73087311 151.83384705 83.12239838
H 102.60887909 147.11980438 81.61283112
C 104.65701294 151.05659485 83.05434418
C 105.60752869 149.96467590 82.63531494
C 104.93202209 148.80170441 82.24342346
C 107.04853821 149.68008423 82.68690491
C 107.35236359 148.33388519 82.35070801
S 105.93221283 147.45167542 81.87124634
C 99.77410889 147.87337494 81.75846863
C 98.83235168 149.03900146 81.99517822
C 99.48438263 150.17594147 82.50771332
C 97.48471832 149.37871552 81.69993591
C 97.11550903 150.60870361 82.19789124
S 98.43470001 151.55091095 82.88187408
C 108.70600128 148.06592560 82.29287720
S 108.56018829 150.55165863 82.96627808
S 96.22811127 148.52224731 80.93289185
C 95.79960632 150.89973450 81.96784210
C 109.49705505 149.13600159 82.67638397
C 95.07488251 149.81420898 81.36389923
H 109.22932434 147.15153503 81.93389130
H 95.32215118 151.75877380 82.40092468
C 93.69531250 149.69790649 81.41209412
C 92.59777069 150.55813599 81.23364258
C 92.69999695 152.02609253 81.11093140
C 91.17532349 150.22121429 81.06230927
C 91.37082672 152.55806732 80.72074127
O 93.67059326 152.75929260 81.26819611
C 90.47325897 151.48757935 80.65292358
C 90.42871857 148.99006653 81.18230438
C 91.05683899 153.80291748 80.33906555
C 89.20052338 151.77577209 80.28853607
C 90.93361664 147.79935455 81.79303741
C 89.15673065 148.64667511 80.61869812
C 89.76860046 154.10304260 79.92285919
H 91.83190155 154.53381348 80.15673065
C 88.83971405 153.07405853 79.87221527
H 88.47006989 151.01348114 80.49698639
N 91.31466675 146.87647247 82.37057495
N 88.13402557 148.39923859 80.10965729
H 89.39797211 155.10435486 79.68847656
H 87.80509186 153.38302612 79.56491852
H 93.45201111 148.70610046 81.55892181
C 110.87973022 149.01848602 82.53967285
C 111.88304138 148.15647125 82.88713837
C 111.75552368 146.89265442 83.61401367
C 113.31157684 148.50523376 82.86324310
C 113.12258911 146.47498322 83.99885559
O 110.69439697 146.33780670 83.94275665
C 114.10981750 147.40687561 83.46726227
C 113.94594574 149.62618256 82.26768494
C 113.53885651 145.44683456 84.83309174
C 115.50196075 147.19525146 83.71125793
C 113.36563110 150.64579010 81.44307709
C 115.28776550 150.00324249 82.53432465
C 114.93196106 145.22945786 84.95253754
H 112.86495972 144.84601593 85.40298462
C 115.88701630 146.06879807 84.45087433
H 116.26538849 147.73763275 83.22085571
N 112.95311737 151.51300049 80.77442932
N 116.37763214 150.28642273 82.81024170
H 115.25956726 144.43213654 85.58206940
H 116.94007111 145.81468582 84.54576111
H 111.21402740 149.97661591 82.14233398
C 99.65599060 146.69194794 82.82063293
C 98.71549988 146.77922058 83.86422729
C 100.51580048 145.64275360 82.74130249
C 98.72313690 145.85253143 84.91921234
H 98.13777161 147.68386078 83.89666748
C 100.54843903 144.65196228 83.78834534
H 101.28266144 145.58030319 81.95446014
C 99.69347382 144.82506561 84.90589905
H 98.05149841 145.95661545 85.76218414
H 101.25943756 143.91258621 83.79791260
C 104.82862091 151.32975006 84.54596710
C 105.96472931 151.96945190 85.00883484
C 103.84548950 150.92728424 85.52458191
C 106.11495972 152.18170929 86.41014862
H 106.66772461 152.38771820 84.33745575
C 104.07003784 151.12731171 86.88160706
H 102.93170166 150.37041473 85.33084869
C 105.26715851 151.72068787 87.37423706
H 107.00742340 152.63225555 86.70790100
H 103.32012177 150.80630493 87.65786743
C 104.76518250 152.30419922 82.13944244
C 105.18425751 152.16078186 80.79003906
C 104.06940460 153.50370026 82.40292358
C 104.92705536 153.04174805 79.74020386
H 105.75433350 151.29559326 80.37954712
C 103.87760925 154.51939392 81.43080902
H 103.49996948 153.61584473 83.30227661
C 104.29657745 154.32572937 80.04991150
H 105.25657654 152.77030182 78.78929138
H 103.35736847 155.42490387 81.83174896
C 99.72879791 147.38990021 80.25369263
C 99.05968475 146.15858078 80.00132751
C 100.17053223 148.26275635 79.26863861
C 98.97621155 145.73903656 78.69934082
H 98.61371613 145.59255600 80.76647186
C 100.09339905 147.78591156 77.88652039
H 100.65906525 149.22836304 79.45439148
C 99.43408203 146.54367065 77.62372589
H 98.45921326 144.84295654 78.61502838
H 100.43099213 148.50366211 77.18271637
C 103.96535492 155.34032440 79.00393677
H 104.62695312 155.12329102 78.21094513
H 102.98227692 155.04418945 78.69760132
C 104.06342316 156.76203156 79.50545502
H 103.22222137 156.94054413 80.23476410
H 105.07572174 156.92343903 79.95521545
C 103.91374969 157.77328491 78.40695953
H 104.83432770 157.74459076 77.78868866
H 103.12372589 157.43267822 77.72546387
C 99.78134155 143.72497559 86.01828766
H 98.82194519 143.71017838 86.50302887
H 100.01413727 142.75110245 85.58499908
C 100.83231354 144.14628220 87.02302551
H 101.76033020 144.34703445 86.50228119
H 100.62532043 145.13161850 87.38452911
C 101.23282623 143.10439682 88.07616425
H 100.86128235 142.09923172 87.78042603
H 100.73786163 143.29303360 88.99246979
C 99.51824951 145.97348022 76.23632050
H 99.29891205 144.93757248 76.45266724
H 98.70568085 146.46814728 75.74248505
C 100.79814148 146.26373291 75.43016052
H 100.98000336 147.27869415 75.07916260
H 101.63099670 145.99571228 76.03700256
C 100.80126190 145.32580948 74.20787811
H 100.54277802 144.37657166 74.61062622
H 99.98752594 145.53640747 73.46340179
C 105.49140930 151.90271759 88.89297485
H 104.63101959 152.37214661 89.29429626
H 106.21199799 152.71840668 89.00967407
C 105.86080170 150.60346222 89.74061584
H 105.11242676 149.87056732 89.73899078
H 106.73830414 150.12121582 89.32891846
C 106.29109192 150.88258362 91.18879700
H 105.49615479 151.47923279 91.58940887
H 107.15338898 151.56504822 91.12085724
C 102.70735168 142.95795441 88.44672394
H 103.16306305 142.91287231 87.45896912
H 103.02656555 143.83968353 89.02577209
C 106.59436798 149.60849762 91.89222717
H 105.68613434 149.03840637 91.91823578
H 107.27436066 148.93469238 91.39743805
C 102.11402893 145.28272629 73.37908936
H 102.11766815 146.17280960 72.79373932
H 102.95309448 145.25689316 74.10235596
C 103.54622650 159.24259186 78.87575531
H 102.59855652 159.23929596 79.45214081
H 104.27425385 159.63903809 79.58010864
C 102.24089050 144.04146194 72.48041534
H 101.25118256 143.93648148 71.93626404
H 102.40798950 143.18039322 73.09285736
C 107.10519409 149.77288818 93.30665588
H 106.35270691 150.15847015 93.88697052
H 107.95796967 150.51556396 93.40724945
C 103.12354279 141.55387115 89.09792328
H 104.20374298 141.41868973 89.09692383
H 102.73890686 140.68710709 88.45581818
C 103.30816650 160.11499786 77.59869385
H 104.26309204 160.55093384 77.28308868
H 102.95627594 159.52864075 76.73822784
C 102.41607666 141.29848862 90.39586639
H 102.36527252 142.24636459 90.93360138
H 101.30951691 141.09647369 90.19285583
H 102.69915009 140.41566467 90.94416809
C 107.66159821 148.49752045 93.94554138
H 106.97506714 147.67046356 93.83377075
H 108.64212036 148.21063232 93.48657990
H 107.68277740 148.69661713 95.00999451
C 103.32774353 144.12965775 71.46424866
H 103.31163025 143.17899323 70.90169525
H 103.07427216 144.93085098 70.79634857
H 104.35330963 144.20800400 71.83324432
C 102.30056763 161.30271912 77.75982666
H 102.98451233 162.13754272 77.85096741
H 101.85208130 161.42897797 76.77452850
H 101.58390045 161.13099670 78.53955078
",0.000
21,"372

C 104.64380646 137.46368408 89.32228851
C 105.24298096 137.85026550 90.58021545
C 104.37983704 138.11166382 91.65774536
C 102.93786621 137.90313721 91.59470367
C 102.39791107 137.34121704 90.41824341
C 103.24860382 137.20579529 89.25010681
H 105.17304230 137.34616089 88.37067413
H 102.33653259 138.17559814 92.48368073
C 106.74122620 138.13560486 90.91313171
C 106.50635529 138.55442810 92.27333069
C 105.22941589 138.58134460 92.71646881
C 107.32357025 139.08370972 93.30084229
C 106.65588379 139.21614075 94.55985260
S 105.02480316 138.73916626 94.41555786
C 100.93333435 136.97787476 89.99427795
C 101.27103424 136.36886597 88.58757782
C 102.52999115 136.67593384 88.16727448
C 100.59463501 135.70094299 87.56034088
C 101.47384644 135.25401306 86.55937958
S 103.06501770 135.98796082 86.63638306
C 107.51888275 139.70893860 95.51298523
S 108.98380280 139.53915405 93.35704803
S 99.06498718 135.04020691 87.36533356
C 100.91307831 134.44050598 85.51313782
C 108.88426971 139.94577026 95.05549622
C 99.53894806 134.23576355 85.77886200
H 107.27862549 139.96682739 96.57533264
H 101.45139313 133.99171448 84.71881866
C 98.73564148 133.37176514 84.97686768
C 98.76054382 132.90858459 83.67118073
C 99.44139862 133.68760681 82.64856720
C 98.09110260 131.74179077 83.05342102
C 99.16244507 133.07365417 81.35304260
O 100.06896973 134.71386719 82.78871918
C 98.41572571 131.90379333 81.61414337
C 97.34881592 130.72390747 83.65599823
C 99.56284332 133.42225647 80.06294250
C 98.10713959 131.08807373 80.49137115
C 97.31285095 130.38365173 85.10444641
C 96.72712708 129.61021423 82.99581909
C 99.20798492 132.66854858 79.00201416
H 100.17205811 134.26429749 79.87706757
C 98.61975861 131.43370056 79.22251129
H 97.55532837 130.17008972 80.67113495
N 97.25792694 130.05876160 86.22099304
N 96.26866150 128.73745728 82.38893890
H 99.65247345 132.90858459 78.02221680
H 98.54920197 130.76922607 78.33488464
H 97.91032410 133.02725220 85.57849121
C 109.95201111 140.56303406 95.80782318
C 110.51667023 140.34524536 97.05634308
C 110.04010773 139.23812866 97.95727539
C 111.75695038 140.96348572 97.63810730
C 111.03636932 139.22793579 99.06079865
O 109.06296539 138.50242615 97.79653168
C 112.02443695 140.22120667 98.94178772
C 112.56400299 141.98620605 97.18322754
C 110.99404144 138.33351135 100.16869354
C 112.94296265 140.33660889 100.04973602
C 112.34587097 142.80921936 96.07400513
C 113.79884338 142.46580505 97.76608276
C 111.81104279 138.51327515 101.31625366
H 110.18498230 137.58798218 100.23903656
C 112.82522583 139.47644043 101.17194366
H 113.67765045 141.07832336 100.06307220
N 112.12998199 143.54974365 95.24822998
N 114.84860992 142.76325989 98.13968658
H 111.81916046 137.90354919 102.19529724
H 113.53771210 139.48643494 101.97544861
H 110.45316315 141.26438904 95.18808746
C 100.12363434 138.27540588 89.81764221
C 99.65489197 138.95852661 91.00415039
C 99.68080902 138.83493042 88.55016327
C 98.73143005 139.97612000 90.93749237
H 99.97106934 138.72581482 92.00813293
C 98.78369904 139.93814087 88.49922943
H 99.87194824 138.38983154 87.60482025
C 98.30606842 140.49690247 89.68612671
H 98.47987366 140.44090271 91.94538879
H 98.39813232 140.22380066 87.54262543
C 107.32418060 139.37586975 90.17707825
C 108.66254425 139.32109070 89.62690735
C 106.60164642 140.63442993 89.91327667
C 109.19076538 140.32510376 88.87739563
H 109.33090210 138.49298096 89.76543427
C 107.31022644 141.69914246 89.20106506
H 105.60037231 140.74166870 90.33197021
C 108.52579498 141.47572327 88.59043884
H 110.17872620 140.08009338 88.63318634
H 106.78071594 142.63816833 89.03914642
C 107.63829041 136.79341125 90.76006317
C 107.84310913 136.22158813 89.46839142
C 108.16528320 136.11187744 91.90774536
C 108.64739990 135.05624390 89.27304077
H 107.41619873 136.71925354 88.62218475
C 109.08111572 135.06944275 91.72183228
H 108.00268555 136.56205750 92.87881470
C 109.29511261 134.47383118 90.44417572
H 108.77310181 134.66377258 88.31280518
H 109.56073761 134.62524414 92.58875275
C 100.20419312 135.85180664 90.72563934
C 98.77891541 135.73167419 90.67941284
C 100.87474060 134.83056641 91.45185089
C 98.08744812 134.63455200 91.09223175
H 98.17601013 136.47439575 90.22177887
C 100.20028687 133.74896240 92.02218628
H 101.92430878 134.80307007 91.58969116
C 98.79775238 133.60975647 91.77372742
H 97.04845428 134.48565674 91.00197601
H 100.75066376 132.98216248 92.51623535
C 110.31240082 133.38796997 90.23785400
H 110.08075714 132.90748596 89.32097626
H 111.20433807 133.98710632 90.04501343
C 110.48200989 132.27568054 91.23781586
H 110.97308350 132.77066040 92.12054443
H 109.47238159 132.00549316 91.47249603
C 111.20394897 131.02233887 90.69323730
H 111.35929108 130.26632690 91.44699860
H 110.61712646 130.58399963 89.86149597
C 97.33280182 141.66781616 89.54083252
H 96.86234283 141.48429871 88.65519714
H 96.59329224 141.62979126 90.35166931
C 97.92082214 143.14204407 89.61685181
H 98.24316406 143.32139587 90.59762573
H 98.70500946 143.27885437 88.87036133
C 96.87934113 144.19421387 89.24613953
H 95.96208191 144.06289673 89.77215576
H 96.63706970 144.04736328 88.13069153
C 98.04476166 132.45007324 92.47036743
H 98.58002472 132.35000610 93.39797211
H 97.03468323 132.75743103 92.72756958
C 97.98781586 131.18098450 91.56028748
H 97.99815369 131.51107788 90.51539612
H 98.95662689 130.70172119 91.77682495
C 96.84239197 130.25117493 91.73881531
H 96.48722839 130.36071777 92.71088409
H 95.94293213 130.60037231 91.20720673
C 109.15832520 142.49348450 87.64321899
H 110.15160370 142.64758301 87.98303986
H 108.59167480 143.44056702 87.84050751
C 109.04238129 142.16476440 86.12248993
H 109.63397217 141.24656677 85.97870636
H 107.95401001 141.92703247 85.98856354
C 109.59783173 143.25282288 85.09412384
H 110.59512329 143.45213318 85.25713348
H 109.08909607 144.10719299 85.44001007
C 97.37922668 145.63136292 89.54167938
H 97.78302002 145.51513672 90.56694794
H 98.07632446 146.02847290 88.82706451
C 109.20262909 143.25405884 83.54721832
H 109.79382324 144.11982727 83.09568787
H 109.48612976 142.35200500 83.04171753
C 97.30070496 128.77650452 91.52817535
H 97.48948669 128.55679321 90.51397705
H 98.23855591 128.56326294 91.92107391
C 112.57823944 131.31822205 90.10237122
H 112.49419403 132.00744629 89.25038147
H 113.22920990 131.80923462 90.85744476
C 96.18444824 127.84979248 92.05841827
H 95.33644867 128.01390076 91.39345551
H 95.94984436 127.99451447 93.07183075
C 107.68831635 143.50598145 83.37141418
H 107.45879364 144.39053345 84.03216553
H 107.11367035 142.63551331 83.65061188
C 96.19810486 146.72915649 89.48431396
H 95.28095245 146.57296753 90.10572052
H 95.75473785 146.74038696 88.48892975
C 113.29033661 130.05448914 89.64188385
H 113.65847778 129.58937073 90.52610016
H 112.65198517 129.37896729 89.05368042
C 96.67980194 148.12457275 89.85821533
H 96.95766449 148.69117737 88.96250916
H 95.92300415 148.64915466 90.35427094
H 97.54971313 148.03013611 90.53432465
C 107.29312134 143.93484497 82.00402832
H 107.87525177 144.80064392 81.68532562
H 107.42256165 143.19834900 81.28949738
H 106.21494293 144.17512512 82.10301971
C 96.60952759 126.34615326 92.00647736
H 95.75624847 125.59999084 92.06319427
H 97.18605042 126.08506012 91.19389343
H 97.31912231 126.20758820 92.81796265
C 114.56504822 130.44061279 88.81889343
H 114.19441223 130.67488098 87.75028229
H 115.16263580 131.34106445 89.19266510
H 115.25688934 129.70613098 88.81188965
C 109.07740021 132.80282593 84.11784363
C 110.13432312 133.57901001 84.69315338
C 111.00589752 132.97171021 85.61480713
C 110.86443329 131.66583252 86.06381226
C 109.80326843 130.92565918 85.58480835
C 108.92414856 131.44189453 84.57512665
H 108.43901825 133.18754578 83.31468964
H 111.58898163 131.25967407 86.69916534
C 110.50077820 135.10516357 84.41341400
C 111.58632660 135.22579956 85.48944092
C 111.91046906 134.00201416 86.10968781
C 112.42494965 136.23265076 85.98504639
C 113.28233337 135.78614807 86.97168732
S 113.09314728 134.07560730 87.37168121
C 109.47759247 129.40524292 85.95825195
C 108.12765503 129.28330994 85.04954529
C 107.87023163 130.45867920 84.33618927
C 107.10360718 128.38337708 84.93355560
C 106.17553711 128.80267334 84.01428223
S 106.51788330 130.37171936 83.27407074
C 114.06795502 136.78698730 87.49443817
S 112.68408966 137.85397339 85.60060883
S 106.71116638 126.80400848 85.68804932
C 105.11479950 127.95175934 83.89949036
C 114.03115082 138.01177979 86.79341888
C 105.16645050 126.83078766 84.83972931
H 114.72518158 136.73831177 88.39967346
H 104.34957886 128.08845520 83.07920074
C 104.12061310 125.81905365 84.87591553
C 102.74882507 125.89566040 84.79546356
C 101.90885162 127.10855865 84.70065308
C 101.85518646 124.72898102 84.85103607
C 100.50785065 126.67491913 84.75971985
O 102.28273010 128.28762817 84.61109161
C 100.47679138 125.27966309 84.87393951
C 102.15995789 123.39544678 84.93103790
C 99.34331512 127.51816559 84.57138062
C 99.22400665 124.64974976 85.04711914
C 103.40473175 122.74916077 85.02487183
C 101.27934265 122.28080750 84.90579224
C 98.16664124 126.84964752 84.80439758
H 99.40984344 128.55223083 84.40096283
C 98.07370758 125.49195099 85.11631012
H 99.14783478 123.56777954 85.08274078
N 104.43373108 122.27913666 85.10038757
N 100.59604645 121.38652039 84.83903503
H 97.36027527 127.50991821 84.73239136
H 97.11634827 124.96821594 85.23387146
H 104.64813995 124.91143036 84.96882629
C 114.58433533 139.24702454 87.29609680
C 115.80480194 139.71681213 87.87080383
C 116.95894623 138.84756470 88.19270325
C 116.26488495 141.07571411 88.13269043
C 118.08875275 139.65409851 88.50695801
O 116.94171906 137.60089111 88.21939850
C 117.73737335 141.04611206 88.48768616
C 115.44722748 142.20549011 88.09059906
C 119.36973572 139.20957947 88.82194519
C 118.68896484 142.00917053 88.94782257
C 113.98862457 142.17378235 87.86714172
C 115.80812836 143.59382629 88.24174500
C 120.30551147 140.20802307 89.18877411
H 119.62757874 138.12738037 88.82678986
C 119.98700714 141.60076904 89.35195160
H 118.32923126 142.99238586 89.10839081
N 112.86849213 142.18786621 87.68826294
N 116.11624146 144.67762756 88.31155396
H 121.25849915 139.80847168 89.23938751
H 120.66522217 142.33755493 89.68260956
H 113.65758514 139.83049011 87.00950623
C 109.12052155 129.20993042 87.49217987
C 108.51760101 130.24084473 88.20405579
C 109.29524994 127.93692017 88.06988525
C 108.10218811 129.98609924 89.54608154
H 108.45288086 131.26167297 87.91131592
C 108.77583313 127.63979340 89.36805725
H 109.55258179 127.07707214 87.38289642
C 108.30011749 128.72320557 90.11921692
H 107.66823578 130.72195435 90.24918365
H 108.80570984 126.61978149 89.76086426
C 109.36028290 136.04446411 84.78695679
C 108.33636475 135.67388916 85.71703339
C 109.43048859 137.35653687 84.39455414
C 107.36437988 136.58393860 86.14476776
H 108.22929382 134.64205933 86.12951660
C 108.57058716 138.34231567 84.89838409
H 110.12805939 137.58006287 83.68386841
C 107.55622101 137.92579651 85.77154541
H 106.56382751 136.29450989 86.79714203
H 108.65877533 139.36619568 84.69716644
C 110.93227386 135.40821838 82.94863892
C 112.27458954 135.97821045 82.65740204
C 109.98876190 135.36311340 81.87663269
C 112.66564178 136.40390015 81.44454956
H 113.04957581 136.22077942 83.36271667
C 110.47397614 135.67990112 80.59790802
H 108.97050476 135.13076782 81.93581390
C 111.80821228 136.20033264 80.35034943
H 113.71814728 136.78750610 81.30338287
H 109.78768158 135.58343506 79.79365540
C 110.53470612 128.48829651 85.49601746
C 111.76535034 128.48387146 86.22097015
C 110.40473175 127.64268494 84.44255829
C 112.87977600 127.71521759 85.88223267
H 111.94823456 129.13891602 87.06980896
C 111.50962067 126.80807495 84.06469727
H 109.57320404 127.60848236 83.77016449
C 112.73436737 126.83852386 84.79311371
H 113.71604919 127.84089661 86.46363831
H 111.34178925 126.08790588 83.22389221
C 112.26309967 136.51383972 78.97393799
H 111.53137207 137.08581543 78.38005066
H 113.27546692 137.04513550 79.01228333
C 112.55045319 135.16975403 78.26047516
H 111.69823456 134.49899292 78.25848389
H 112.83836365 135.33210754 77.21481323
C 113.82602692 134.48182678 78.68653107
H 114.58680725 135.01707458 78.19486237
H 114.10010529 134.60317993 79.77287292
C 107.93291473 128.47305298 91.54738617
H 106.90495300 128.63531494 91.71961212
H 107.96459198 127.42739868 91.59058380
C 108.77683258 129.20481873 92.60395813
H 109.79258728 128.83647156 92.42974091
H 108.82244873 130.28877258 92.48457336
C 108.37378693 128.74259949 93.98937225
H 108.46828461 127.66265106 94.08162689
H 107.32093811 129.03056335 94.20868683
C 113.87915039 125.99960327 84.42507935
H 114.69133759 126.23767090 85.13623810
H 113.63765717 124.92498016 84.57451630
C 114.27033234 126.00695038 82.95986176
H 114.88287354 125.14379883 82.73124695
H 113.37825012 125.82344055 82.37392426
C 114.86936188 127.31711578 82.46824646
H 114.17201233 128.08959961 82.81036377
H 115.77892303 127.50756073 83.08624268
C 106.51690674 138.91612244 86.19898987
H 107.03605652 139.85501099 86.44194031
H 106.07608032 138.67846680 87.21672058
C 105.36159515 139.11009216 85.12100983
H 105.23371124 138.05517578 84.63627625
H 104.40106964 139.31251526 85.67662811
C 105.74698639 140.16780090 84.08091736
H 106.67051697 139.91993713 83.66614532
H 105.80754089 141.10429382 84.52041626
C 109.19478607 129.33784485 95.09787750
H 110.20072174 129.02822876 95.06238556
H 109.37952423 130.40237427 94.81313324
C 104.66078186 140.40330505 83.03771210
H 104.51575470 139.44413757 82.55290222
H 103.65929413 140.48205566 83.49279022
C 115.34603882 127.35567474 81.01368713
H 116.00688934 126.52348328 80.85770416
H 114.48497009 127.19322968 80.40668488
C 113.97062683 132.94586182 78.48222351
H 114.78245544 132.40217590 78.94350433
H 113.03035736 132.49913025 78.89905548
C 115.87035370 128.74613953 80.56383514
H 116.44829559 129.08094788 81.46261597
H 114.98517609 129.39741516 80.35984802
C 104.91519928 141.45745850 81.97339630
H 105.94876099 141.37365723 81.64234161
H 104.80530548 142.40545654 82.40200806
C 108.55821991 129.23880005 96.46843719
H 107.47752380 129.46389771 96.42913055
H 109.04098511 129.98115540 97.12004089
C 113.97349548 132.61833191 77.03304291
H 112.94230652 132.80335999 76.64665222
H 114.52174377 133.39959717 76.47785187
C 108.60120392 127.87739563 97.18912506
H 108.38259888 127.04618835 96.56383514
H 109.63600159 127.83197784 97.58739471
H 107.92013550 127.92074585 98.08872223
C 103.99822998 141.26841736 80.74213409
H 104.15889740 140.28109741 80.30759430
H 102.99645233 141.34890747 81.18131256
H 104.17816162 142.02131653 79.96507263
C 116.88478851 128.63476562 79.42280579
H 117.17845154 129.65232849 79.26155090
H 117.80773163 128.11590576 79.70840454
H 116.54060364 128.21173096 78.52551270
C 114.47011566 131.15426636 76.65554810
H 113.86074066 130.69261169 75.83669281
H 115.57750702 131.11940002 76.49676514
H 114.21353912 130.48568726 77.45854950
",0.000
22,"372

C 106.84870148 131.75088501 105.76311493
C 107.88610840 132.66999817 105.65389252
C 107.60591125 134.05122375 105.69815826
C 106.23739624 134.52441406 105.72983551
C 105.18171692 133.58634949 105.78624725
C 105.52729797 132.24880981 105.89805603
H 107.06490326 130.69351196 105.72547913
H 106.14214325 135.63987732 105.64012909
C 109.44155121 132.42637634 105.56932831
C 109.88361359 133.83869934 105.81859589
C 108.83625031 134.75028992 105.84078979
C 111.16382599 134.44329834 106.08901215
C 111.09020233 135.85229492 106.21678925
S 109.41232300 136.41683960 106.03477478
C 103.67900085 133.86129761 105.55371094
C 103.24431610 132.37741089 105.92589569
C 104.31763458 131.50524902 105.98858643
C 102.01271057 131.70301819 106.03707123
C 102.13972473 130.32069397 106.15042114
S 103.86725616 129.85368347 106.15190887
C 112.33792114 136.49842834 106.46257019
S 112.81575775 133.91513062 106.14613342
S 100.32920074 132.22325134 106.06405640
C 100.92751312 129.61560059 106.24092865
C 113.35176849 135.52798462 106.58676147
C 99.79195404 130.46133423 106.15383148
H 112.34019470 137.52847290 106.74440765
H 100.83359528 128.56581116 106.56889343
C 98.50171661 129.96852112 106.31929016
C 97.82294464 128.83001709 105.98487854
C 98.27736664 127.71194458 105.09344482
C 96.39674377 128.54464722 106.32560730
C 97.09505463 126.81204224 104.89813232
O 99.37125397 127.60648346 104.53324127
C 95.99668884 127.32951355 105.53266144
C 95.44417572 129.19758606 107.11713409
C 97.01037598 125.73274231 104.04211426
C 94.73136902 126.71279907 105.35217285
C 95.73149109 130.33970642 107.97782135
C 94.04618073 128.98957825 107.25209045
C 95.76182556 125.05607605 103.91826630
H 97.87361908 125.39009094 103.53256989
C 94.60089874 125.57025146 104.45821381
H 93.79711151 126.95097351 105.91384888
N 96.00384521 131.21592712 108.67242432
N 92.90580750 128.83027649 107.35231781
H 95.73889160 124.28491974 103.17147064
H 93.62753296 125.11991882 104.33843231
H 97.81118774 130.65063477 106.83002472
C 114.74919891 135.93273926 106.70977783
C 115.43608093 136.81466675 107.55378723
C 114.74466705 137.45097351 108.73687744
C 116.83303070 137.23127747 107.50974274
C 115.68656158 138.38354492 109.31752777
O 113.61095428 137.26522827 109.08950806
C 116.95115662 138.24645996 108.66830444
C 117.85316467 136.88008118 106.59524536
C 115.53499603 139.24743652 110.42352295
C 118.00450134 139.06312561 109.11824799
C 117.80576324 135.87495422 105.60200500
C 119.21048737 137.40696716 106.60095215
C 116.59557343 140.04248047 110.86495972
H 114.56858063 139.39985657 110.86528015
C 117.88047028 139.90914917 110.26923370
H 118.97823334 139.11245728 108.66262817
N 117.86968231 135.04757690 104.79853821
N 120.28493500 137.84008789 106.60546875
H 116.41693115 140.73518372 111.65257263
H 118.67079926 140.51075745 110.59440613
H 115.20005798 135.34817505 105.94753265
C 103.38320160 134.15698242 103.99403381
C 103.20329285 135.49697876 103.53915405
C 103.33599091 133.11476135 103.06684875
C 102.83953094 135.71293640 102.19777679
H 103.38256073 136.43080139 104.06501007
C 103.05402374 133.41058350 101.70252991
H 103.39823151 132.07560730 103.31359863
C 102.72148132 134.70545959 101.30196381
H 102.61841583 136.69180298 101.88641357
H 102.89955139 132.54925537 101.07820129
C 109.71199799 131.85498047 104.15900421
C 109.44941711 130.46205139 103.88220978
C 110.12529755 132.67822266 103.06697083
C 109.52970123 129.99777222 102.54557037
H 109.22884369 129.77593994 104.66655731
C 110.17206573 132.13867188 101.77562714
H 110.44207001 133.71812439 103.20336914
C 109.84018707 130.79516602 101.46792603
H 109.35053253 128.98335266 102.31754303
H 110.54853821 132.93643188 101.11170959
C 110.08932495 131.52009583 106.67517090
C 111.35643768 130.90715027 106.48666382
C 109.52845764 131.33116150 107.94110107
C 112.07707977 130.15016174 107.53523254
H 111.89789581 131.11634827 105.52947235
C 110.20668030 130.56709290 108.97664642
H 108.58605957 131.88624573 108.10142517
C 111.51264954 130.03118896 108.79041290
H 113.04032135 129.69572449 107.35417175
H 109.71218872 130.45118713 109.91693115
C 103.01687622 134.94686890 106.39811707
C 101.70008087 135.34712219 106.15370941
C 103.68694305 135.71784973 107.39019775
C 101.11295319 136.53167725 106.82881165
H 101.15219879 134.84648132 105.38446808
C 103.10128784 136.83172607 108.06115723
H 104.71772766 135.42202759 107.59033203
C 101.78028107 137.20231628 107.85904694
H 100.09066010 136.80786133 106.61068726
H 103.62837982 137.39393616 108.78645325
C 112.23347473 129.29943848 109.95961761
H 111.45648956 128.83108521 110.64268494
H 112.89837646 128.50804138 109.53816223
C 113.00961304 130.30787659 110.81217194
H 113.89470673 130.63034058 110.29599762
H 112.47860718 131.16133118 111.12863159
C 113.48905182 129.72601318 112.14299011
H 113.93935394 128.74441528 111.98391724
H 114.23307037 130.40156555 112.54647827
C 102.20870972 135.02661133 99.93388367
H 101.98363495 136.06602478 99.78157043
H 103.08720398 134.93057251 99.31615448
C 101.05678558 134.11820984 99.38336945
H 101.41584015 133.18070984 99.00625610
H 100.40291595 133.91706848 100.23354340
C 100.15260315 134.79588318 98.39192963
H 100.80048370 135.16676331 97.61783600
H 99.53589630 135.56484985 98.76471710
C 101.09312439 138.27464294 108.59123230
H 101.84323883 138.97828674 108.84162903
H 100.45812988 138.77494812 107.91273499
C 100.26770020 137.96553040 109.87329102
H 100.89604950 137.30940247 110.38077545
H 100.08402252 138.87597656 110.51149750
C 98.95578003 137.31509399 109.56414032
H 98.24174500 138.11788940 109.31717682
H 99.13174438 136.71189880 108.68152618
C 109.83041382 130.29223633 100.04588318
H 109.62607574 131.21208191 99.40029144
H 108.88701630 129.68135071 99.97030640
C 111.20323944 129.64527893 99.54451752
H 111.27906036 129.75062561 98.40859985
H 112.01940918 130.14613342 100.04837799
C 111.23041534 128.20402527 99.97116852
H 110.43543243 127.57352448 99.51274872
H 111.02812958 128.21226501 101.02989960
C 99.30121613 133.82604980 97.64827728
H 99.92545319 133.02944946 97.28475189
H 98.55432129 133.39794922 98.36402130
C 112.58673096 127.48574066 99.70015717
H 112.67044067 127.19725037 98.64292908
H 113.41624451 128.06759644 100.01518250
C 98.40264130 136.63546753 110.82836151
H 97.48561859 136.20732117 110.45098877
H 99.13300323 135.86730957 111.06772614
C 112.36241150 129.40347290 113.12936401
H 111.56866455 130.15513611 113.04601288
H 111.92294312 128.44436646 112.92239380
C 98.04647827 137.49700928 111.99439240
H 97.01828003 137.84712219 111.76667786
H 98.82552338 138.33747864 112.07147217
C 112.90282440 126.20143127 100.53240204
H 112.28156281 125.38275909 100.30587006
H 112.86600494 126.39222717 101.64173889
C 98.52493286 134.40132141 96.48767090
H 99.15380859 134.64080811 95.71284485
H 98.02371979 135.31501770 96.73342133
C 112.79957581 129.25733948 114.60602570
H 113.39845276 128.30284119 114.52910614
H 113.40025330 130.08784485 114.87474823
C 97.42460632 133.42504883 96.11030579
H 96.90623474 133.62831116 95.15209961
H 97.73367310 132.37800598 96.27296448
H 96.66274261 133.55104065 96.83430481
C 114.30671692 125.69773865 100.33479309
H 114.48239136 124.86985779 101.03132629
H 114.45244598 125.36569214 99.29375458
H 114.96389771 126.51124573 100.50354767
C 97.94913483 136.75939941 113.33106232
H 96.99143982 136.27903748 113.37767029
H 98.81298828 136.12899780 113.50778961
H 97.96158600 137.44920349 114.14217377
C 111.68920898 129.20457458 115.68646240
H 110.90170288 128.49563599 115.59753418
H 112.13571930 129.12661743 116.70318604
H 111.27861023 130.20033264 115.61283112
C 109.66925049 133.58573914 97.51922607
C 110.56146240 134.46740723 96.88281250
C 109.97475433 135.48347473 96.11331940
C 108.58381653 135.54368591 95.78495026
C 107.71536255 134.59025574 96.33393860
C 108.24974823 133.61120605 97.23310852
H 110.07411957 132.83139038 98.14546204
H 108.33737946 136.37777710 95.13580322
C 112.09931183 134.62861633 97.04638672
C 112.27079773 135.89047241 96.27643585
C 111.08496857 136.29354858 95.68996429
C 113.31755066 136.82653809 96.07935333
C 112.91369629 137.95855713 95.31889343
S 111.26940918 137.69241333 94.79517365
C 106.13695526 134.38571167 96.16411591
C 105.93761444 133.21142578 97.09436798
C 107.12145233 132.82061768 97.62765503
C 104.90042877 132.31362915 97.48731995
C 105.27210999 131.21763611 98.28870392
S 106.93425751 131.53120422 98.80950165
C 113.93811798 138.82299805 95.09985352
S 115.01857758 136.86619568 96.56315613
S 103.16730499 132.14292908 97.17903900
C 104.35110474 130.33502197 98.80603790
C 115.15148926 138.40380859 95.68743134
C 103.04964447 130.72216797 98.38223267
H 113.90040588 139.67483521 94.46524048
H 104.58319855 129.71173096 99.63906097
C 101.91130066 130.05781555 98.83064270
C 101.44418335 128.74548340 99.03378296
C 102.18762970 127.47626495 98.64691162
C 100.12655640 128.35115051 99.62731934
C 101.23114777 126.35620117 98.84169769
O 103.35884857 127.37532043 98.24049377
C 99.96720886 126.87547302 99.32645416
C 99.11497498 129.16989136 100.07930756
C 101.40695953 124.97549438 98.56504822
C 98.86513519 125.94873047 99.43479156
C 99.13553619 130.55906677 100.24147797
C 97.94636536 128.63613892 100.73474121
C 100.29341125 124.10284424 98.60959625
H 102.31663513 124.61026001 98.11954498
C 99.04289246 124.60742950 98.97312927
H 97.88269806 126.27264404 99.67946625
N 99.10026550 131.70744324 100.40042114
N 96.97602081 128.23506165 101.16811371
H 100.36341095 123.04994202 98.31909180
H 98.21100616 123.97422791 99.06630707
H 101.27037048 130.83459473 99.05911255
C 116.37818909 138.92567444 95.26022339
C 116.81493378 139.99526978 94.57692719
C 116.13584137 141.34208679 94.55328369
C 118.10149384 140.19863892 93.93712616
C 117.00608826 142.34744263 93.95021820
O 115.06561279 141.60337830 95.07802582
C 118.13705444 141.65914917 93.51358032
C 119.09177399 139.27334595 93.73018646
C 116.81315613 143.76188660 93.70646667
C 119.06190491 142.39268494 92.76004791
C 119.13523102 137.87635803 93.97348785
C 120.26651764 139.41609192 92.91551208
C 117.74393463 144.44406128 92.89753723
H 115.89463806 144.29115295 93.88097382
C 118.91745758 143.79368591 92.45294952
H 119.97543335 141.92514038 92.50447845
N 119.15405273 136.67739868 94.18929291
N 121.18078613 139.53398132 92.22762299
H 117.42324829 145.46214294 92.65865326
H 119.65593719 144.32437134 91.97857666
H 117.05744171 138.14952087 95.50669861
C 105.81217194 133.97610474 94.69601440
C 106.08967590 132.65641785 94.17475891
C 105.47583771 134.96591187 93.71438599
C 105.95201111 132.36120605 92.81922913
H 106.33940125 131.93623352 94.89922333
C 105.31873322 134.68630981 92.39587402
H 105.41042328 136.02500916 94.02611542
C 105.54065704 133.38179016 91.94389343
H 106.19241333 131.46466064 92.36421204
H 105.06856537 135.49838257 91.71095276
C 112.80367279 133.49971008 96.32735443
C 113.31781769 132.35061646 97.05143738
C 112.70915222 133.37693787 94.94508362
C 113.75556946 131.22592163 96.34298706
H 113.53674316 132.39389038 98.08822632
C 113.07981110 132.21533203 94.26641846
H 112.23673248 134.14907837 94.33267975
C 113.56296539 131.12243652 94.95936584
H 114.11674500 130.38610840 96.93138885
H 112.95833588 132.20368958 93.17260742
C 112.58533478 134.80273438 98.46247101
C 113.92003632 134.66581726 98.83916473
C 111.64871979 135.19659424 99.46351624
C 114.32128143 134.91258240 100.17395782
H 114.64548492 134.51232910 98.14176941
C 112.06391144 135.37388611 100.79147339
H 110.56570435 135.23593140 99.26233673
C 113.40119171 135.30635071 101.13329315
H 115.40310669 134.72161865 100.42971802
H 111.29753876 135.57524109 101.50131989
C 105.33647919 135.62519836 96.67423248
C 103.92764282 135.74008179 96.41564941
C 105.92710114 136.69651794 97.43491364
C 103.22544098 136.97726440 96.79806519
H 103.31608582 135.07415771 95.87937927
C 105.20722198 137.82658386 97.84222412
H 106.96723175 136.59310913 97.59790802
C 103.87075806 137.99035645 97.53090668
H 102.18896484 137.05902100 96.57559967
H 105.67938232 138.64376831 98.35808563
C 113.75677490 135.31677246 102.59669495
H 114.04216003 136.29122925 103.00519562
H 112.98162079 134.91500854 103.16468048
C 114.92123413 134.34913635 102.93352509
H 115.90103912 134.59016418 102.32155609
H 115.15339661 134.59783936 103.99099731
C 114.53302765 132.85110474 102.85564423
H 113.67800903 132.72816467 103.47984314
H 114.21070099 132.76058960 101.80766296
C 105.50568390 133.06837463 90.43701935
H 105.80401611 133.91030884 89.78004456
H 106.34512329 132.39965820 90.19293976
C 104.21102905 132.32044983 90.09523773
H 104.16330719 131.36447144 90.62123108
H 103.39524078 132.94670105 90.44099426
C 104.12437439 132.09202576 88.61228180
H 104.91141510 131.40812683 88.44663239
H 104.35342407 133.05511475 88.06523895
C 103.24665070 139.29129028 97.86951447
H 103.76283264 140.09611511 97.38789368
H 102.24707031 139.24913025 97.51291656
C 103.03488922 139.48182678 99.37911987
H 102.25109100 138.77066040 99.77593231
H 103.89718628 139.31884766 100.02365112
C 102.41841125 140.87792969 99.68359375
H 103.01224518 141.72731018 99.13194275
H 101.51281738 140.91279602 99.19547272
C 114.00892639 129.83384705 94.27947235
H 115.06043243 129.67289734 94.45819092
H 114.10723114 130.17933655 93.25499725
C 113.08109283 128.64178467 94.27128601
H 112.17414856 128.83621216 93.64789581
H 113.67699432 127.93398285 93.69886780
C 112.79903412 127.91678619 95.62772369
H 112.14447021 128.55484009 96.22102356
H 113.76963043 127.80493164 96.06804657
C 102.77071381 131.72300720 88.09500122
H 102.51402283 130.91633606 88.71734619
H 102.03585052 132.41682434 88.31918335
C 112.00624084 126.57342529 95.48764801
H 110.89611816 126.81648254 95.39211273
H 112.36631775 126.26864624 94.55407715
C 102.23467255 141.01205444 101.20306396
H 101.47329712 140.35917664 101.55477905
H 103.17121124 140.88420105 101.74028015
C 115.83384705 131.96073914 103.03225708
H 116.56150818 132.19308472 102.31335449
H 116.30795288 132.17893982 103.94522858
C 101.76512909 142.45353699 101.56827545
H 102.45017242 143.12586975 101.13552094
H 101.70159149 142.55329895 102.63952637
C 112.28812408 125.41636658 96.40701294
H 111.98294830 125.76441956 97.44860840
H 113.34213257 125.20935059 96.54901123
C 102.69271088 131.49781799 86.57147217
H 103.33763123 130.71144104 86.24979401
H 103.08563995 132.42218018 86.05638123
C 115.48860931 130.48477173 103.17958832
H 116.34118652 130.03147888 103.75493622
H 114.45413971 130.35356140 103.66342163
C 101.31094360 131.14299011 86.22499084
H 100.60239410 131.88107300 86.53973389
H 101.19209290 130.97190857 85.14015198
H 101.10408020 130.19004822 86.78532410
C 111.44397736 124.22454834 95.96798706
H 111.50204468 123.63525391 96.89517212
H 110.44975281 124.56584930 95.63582611
H 112.02532196 123.72970581 95.21420288
C 100.40186310 142.93103027 101.01452637
H 99.64690399 142.52996826 101.78857422
H 100.25685883 144.06437683 100.96313477
H 100.32796478 142.55625916 100.03151703
C 115.47241974 129.88049316 101.75524902
H 115.04003143 128.85914612 101.73407745
H 114.71122742 130.47160339 101.14784241
H 116.52056122 129.89689636 101.27607727
",0.000
23,"372

C 96.33039856 129.75010681 77.38053131
C 96.02852631 128.45745850 77.99747467
C 94.84996033 128.36485291 78.82124329
C 94.04345703 129.50534058 79.12645721
C 94.44530487 130.79371643 78.62333679
C 95.56086731 130.87329102 77.74075317
H 97.20017242 129.91615295 76.77787781
H 93.18354034 129.24688721 79.70616913
C 96.77621460 127.12025452 77.87854004
C 95.78187561 126.25566101 78.66946411
C 94.72651672 127.01189423 79.27902222
C 95.57284546 124.90694427 78.98384857
C 94.44175720 124.68633270 79.83075714
S 93.60803223 126.14089203 80.27196503
C 93.71362305 132.18423462 78.73038483
C 94.65081787 132.98962402 77.83075714
C 95.65914154 132.21089172 77.26758575
C 94.69470215 134.23876953 77.26217651
C 95.85296631 134.41061401 76.42748260
S 96.68179321 132.94546509 76.16773987
C 94.28841400 123.36441040 80.17610168
S 96.36247253 123.41378021 78.59911346
S 93.68341827 135.63394165 77.13325500
C 95.98659515 135.69358826 75.96912384
C 95.28813934 122.48048401 79.71341705
C 94.95210266 136.59893799 76.23502350
H 93.51293182 122.96846008 80.81449890
H 96.81625366 136.04492188 75.28589630
C 94.91141510 137.91448975 75.71231079
C 95.83191681 138.88185120 75.26813507
C 97.30609131 138.82312012 75.45667267
C 95.64271545 140.14678955 74.52770233
C 97.92344666 140.05224609 74.96982574
O 97.94454956 137.94569397 76.00633240
C 96.95417023 140.79734802 74.27206421
C 94.40708923 140.53700256 74.08485413
C 99.29763031 140.33972168 74.92442322
C 97.43458557 141.94618225 73.60288239
C 93.13607788 139.93170166 74.14638519
C 94.11136627 141.86256409 73.53910065
C 99.76000977 141.52914429 74.28538513
H 100.04219818 139.70553589 75.44879150
C 98.80480957 142.28807068 73.58577728
H 96.77346802 142.51037598 73.04230499
N 92.13177490 139.38519287 74.23130035
N 93.88556671 142.91806030 73.05587006
H 100.78968048 141.82066345 74.28432465
H 99.20359039 143.06605530 72.95565033
H 93.84017944 138.23774719 75.78453064
C 95.29335785 121.08003998 79.94406891
C 94.40342712 120.03453827 80.12032318
C 92.87995148 120.08248138 80.09023285
C 94.69719696 118.56195831 80.39053345
C 92.33885956 118.76535797 80.46327972
O 92.26348114 121.10341644 80.00413513
C 93.40005493 117.83781433 80.72078705
C 95.94691467 117.92349243 80.29507446
C 91.02339935 118.39063263 80.59210205
C 93.11311340 116.51419830 81.11201477
C 97.26966095 118.38909149 79.96920013
C 96.08213806 116.54969788 80.70767212
C 90.73632050 117.12699127 81.08313751
H 90.20166779 119.09325409 80.42584229
C 91.75040436 116.19037628 81.31542206
H 93.80550385 115.72521210 81.40024567
N 98.37008667 118.65360260 79.68828583
N 96.20491791 115.48906708 81.06616211
H 89.80603790 116.75502014 81.33525085
H 91.53717804 115.22554779 81.73802948
H 96.30252838 120.75640869 79.92627716
C 93.67174530 132.74385071 80.18840027
C 93.00463867 133.92228699 80.44531250
C 94.20960999 132.02671814 81.26226044
C 92.97434998 134.51332092 81.70924377
H 92.64139557 134.42399597 79.57039642
C 94.05236053 132.51457214 82.58944702
H 94.68338776 131.16954041 80.91006470
C 93.51194000 133.83888245 82.81623840
H 92.41041565 135.43116760 81.82434082
H 94.38365173 131.93339539 83.40592194
C 98.12831879 127.40763855 78.58774567
C 99.18871307 127.95406342 77.84352875
C 98.26529694 127.18101501 79.98583221
C 100.35536194 128.25289917 78.51467896
H 98.98495483 128.17831421 76.79408264
C 99.47605896 127.54439545 80.66085052
H 97.46856689 126.70651245 80.55079651
C 100.53414917 128.11398315 79.91508484
H 101.16397095 128.77819824 77.99569702
H 99.60568237 127.51966095 81.73051453
C 96.89780426 126.59880066 76.43583679
C 97.42875671 125.28506470 76.15979004
C 96.37812805 127.29701233 75.32866669
C 97.35916138 124.72595215 74.92424774
H 97.84439087 124.68361664 76.99571991
C 96.34973907 126.71685028 74.06114197
H 95.75289917 128.22377014 75.38823700
C 96.85773468 125.40892029 73.83542633
H 97.73189545 123.75956726 74.76609039
H 95.85588837 127.22749329 73.29174042
C 92.27385712 131.95942688 78.26159668
C 91.18522644 131.75910950 79.09758759
C 92.00535583 131.87179565 76.88248444
C 89.89766693 131.43202209 78.58006287
H 91.19689178 131.76828003 80.18876648
C 90.71603394 131.58473206 76.33779144
H 92.82415771 131.99206543 76.16500092
C 89.66011810 131.34692383 77.19062042
H 89.15651703 131.11279297 79.18322754
H 90.72189331 131.30812073 75.26152802
C 96.83456421 124.86376953 72.43389893
H 97.91337585 124.61346436 72.21170044
H 96.30308533 123.99123383 72.54975891
C 96.07193756 125.63787842 71.38016510
H 95.14200592 125.85662842 71.78140259
H 96.53598785 126.65341949 71.33607483
C 96.09877014 124.96183014 69.96438599
H 97.13040161 124.68245697 69.84176636
H 95.45271301 124.09012604 70.05182648
C 93.39990997 134.40751648 84.22107697
H 92.39538574 134.46800232 84.60571289
H 94.00762177 133.79324341 84.96157837
C 93.94703674 135.79685974 84.36163330
H 93.35008240 136.52337646 83.75590515
H 93.94711304 136.15649414 85.39503479
C 95.38861084 135.83207703 83.91584015
H 95.68077850 135.49754333 82.85841370
H 95.88309479 135.08557129 84.51256561
C 88.33542633 130.90274048 76.60112000
H 87.63986969 131.11639404 77.38961029
H 88.23244476 131.52464294 75.68325043
C 88.22524261 129.34147644 76.44030762
H 87.35379791 129.25923157 75.81538391
H 89.08747101 129.01312256 75.91488647
C 88.11149597 128.61541748 77.79798889
H 88.97865295 128.97319031 78.43177032
H 87.13803101 128.88261414 78.28436279
C 101.78112793 128.64463806 80.62949371
H 102.57520294 128.55143738 79.83750153
H 102.05194855 127.89091492 81.41118622
C 101.61361694 130.09184265 81.04238892
H 101.13632202 130.51286316 80.15406036
H 100.95449066 130.08708191 81.87586212
C 102.97107697 130.74705505 81.37757874
H 103.66910553 130.48233032 80.54296875
H 103.30918121 130.39845276 82.37407684
C 96.01878357 137.22608948 84.15792084
H 95.64997864 137.92457581 83.44148254
H 95.74289703 137.59440613 85.09293365
C 102.96118927 132.30313110 81.41883850
H 102.71021271 132.77198792 80.47881317
H 102.27343750 132.59013367 82.23345184
C 88.34548950 127.11243439 77.70590210
H 87.77445984 126.63423920 76.95174408
H 89.39182281 126.80800629 77.41343689
C 95.47444153 125.79877472 68.86254883
H 94.53701019 126.37840271 69.12660217
H 96.27043152 126.51582336 68.62462616
C 87.84561920 126.34500122 78.98744202
H 87.76263428 125.27924347 78.83509064
H 86.87267303 126.57722473 79.39049530
C 104.37265778 132.90972900 81.90628052
H 105.16069031 132.33639526 81.42630005
H 104.50913239 132.63288879 82.98262024
C 97.52809906 137.14082336 84.05598450
H 97.86100769 137.16430664 82.94799042
H 97.96065521 136.18148804 84.52328491
C 95.27470398 125.08281708 67.54296112
H 96.25548553 124.70305634 67.35837555
H 94.59574127 124.27893066 67.83444214
C 98.37654877 138.30992126 84.65359497
H 97.97338867 139.27838135 84.28759766
H 98.18008423 138.37751770 85.75460815
H 99.50761414 138.21907043 84.73444366
C 104.44063568 134.39096069 81.78857422
H 105.40055847 134.78056335 82.15517426
H 104.37197113 134.66963196 80.70388794
H 103.65103149 134.85304260 82.35459900
C 88.82151031 126.64849854 80.11699677
H 88.56245422 126.14302063 81.00798798
H 89.89603424 126.47111511 79.90560913
H 88.68928528 127.73420715 80.41020966
C 94.80921173 126.07976532 66.36694336
H 93.87026215 126.58367157 66.71765900
H 95.57104492 126.86786652 66.17713928
H 94.67781830 125.42955780 65.42116547
C 105.64208221 112.84484100 61.17404175
C 105.03939056 113.59938812 62.14450836
C 104.56399536 112.98041534 63.34951401
C 104.61785889 111.57331848 63.48334503
C 105.24175262 110.83948517 62.50762177
C 105.64791107 111.41588593 61.31229019
H 106.03285217 113.28675079 60.29174042
H 104.16810608 111.07029724 64.31719971
C 104.74153137 115.12361145 62.11788559
C 103.93137360 115.17288971 63.42798233
C 103.93627930 114.00236511 64.11312103
C 103.04447174 116.10202789 64.08145905
C 102.35014343 115.59934998 65.15983582
S 103.01543427 114.02835083 65.61328125
C 105.40081024 109.35213470 62.52055359
C 105.92240906 109.16623688 61.05368805
C 106.07883453 110.41913605 60.45191193
C 106.29892731 108.15534210 60.14550018
C 106.72634888 108.58310699 58.88157654
S 106.88024902 110.37936401 58.87422943
C 101.45783234 116.49181366 65.75832367
S 102.64209747 117.75513458 63.74462509
S 106.41635132 106.46006775 60.25093460
C 107.18597412 107.60826874 58.00523758
C 101.42981720 117.73864746 65.07846832
C 107.01959991 106.32688904 58.59903717
H 100.95435333 116.27975464 66.67273712
H 107.56541443 107.76200867 57.00370026
C 107.11299896 105.12390137 57.75949478
C 107.90911102 104.63660431 56.71916962
C 109.05008698 105.40866089 56.22565079
C 107.92151642 103.34610748 55.98459244
C 109.73127747 104.64532471 55.16413116
O 109.49732208 106.44224548 56.71739960
C 109.04331207 103.40709686 54.97687531
C 106.94766998 102.29930115 56.00901031
C 110.87785339 104.97483826 54.42294693
C 109.54158020 102.46015167 54.01216507
C 105.79419708 102.22076416 56.82022476
C 106.85018921 101.22891998 55.03512955
C 111.38246155 104.01381683 53.52610016
H 111.30076599 105.90853119 54.50669098
C 110.65662384 102.78398895 53.24927521
H 109.07716370 101.50872040 53.90880585
N 104.86313629 102.15165710 57.45995331
N 106.72042847 100.37805939 54.27239227
H 112.24158478 104.29465485 52.91069412
H 110.98236847 102.14728546 52.42985916
H 106.34853363 104.42300415 58.20801544
C 100.33869171 118.64040375 65.21714020
C 99.47554016 119.09258270 66.20462799
C 99.62550354 118.79200745 67.67955017
C 98.36399841 120.02170563 66.05464935
C 98.69493103 119.70453644 68.45642090
O 100.34960938 117.98713684 68.24416351
C 97.99632263 120.45755768 67.46318817
C 97.72120667 120.46070099 64.79565430
C 98.52606964 119.83824921 69.83314514
C 97.04585266 121.39714050 67.92144012
C 97.86122131 119.88744354 63.50503159
C 96.82176971 121.61878967 64.67118073
C 97.54460144 120.80564880 70.25715637
H 99.07246399 119.15982819 70.54225922
C 96.85510254 121.58502197 69.31581116
H 96.54862976 121.94552612 67.11203766
N 97.90599823 119.48607635 62.46369934
N 96.11308289 122.51078796 64.55313873
H 97.34082794 120.86111450 71.27971649
H 96.10696411 122.26799774 69.66825867
H 100.18501282 119.08626556 64.23612976
C 104.03716278 108.57394409 62.60216141
C 104.07929993 107.22776031 62.95278931
C 102.79868317 109.12425232 62.33359146
C 102.91876221 106.41592407 62.99233627
H 104.99040222 106.77250671 63.20940018
C 101.64347839 108.38194275 62.35102844
H 102.85244751 110.24265289 62.15559387
C 101.69892883 106.98705292 62.64009476
H 102.96542358 105.41266632 63.16994095
H 100.68554688 108.79061127 62.10852051
C 103.88146210 115.55752563 60.85923767
C 104.48525238 115.65438080 59.53929520
C 102.42823029 115.61083984 60.93661499
C 103.70114136 116.06181335 58.42705536
H 105.48866272 115.43910217 59.33435440
C 101.64019775 115.82595062 59.79849625
H 101.81305695 115.32848358 61.78026199
C 102.29231262 116.29944611 58.62198257
H 104.27791595 116.29722595 57.55391312
H 100.57778931 115.77926636 59.97032928
C 106.07201385 115.89416504 62.18443680
C 106.31904602 117.13671875 61.66508102
C 107.12180328 115.32315063 62.93138504
C 107.57649994 117.73819733 61.83573914
H 105.56250763 117.74446106 61.16534042
C 108.33840179 115.97599792 63.12168503
H 107.09677887 114.32114410 63.42265320
C 108.64299774 117.17750549 62.48533630
H 107.72607422 118.68426514 61.43171692
H 109.07325745 115.50008392 63.73379135
C 106.48086548 108.88623047 63.62251663
C 107.84933472 108.65740204 63.28653717
C 106.14692688 108.91312408 65.00237274
C 108.73613739 108.35885620 64.36342621
H 108.18898010 108.85500336 62.29686356
C 107.09574127 108.71186829 66.07581329
H 105.13566589 109.21771240 65.30126953
C 108.37713623 108.34575653 65.71150970
H 109.79887390 108.26502228 64.12960815
H 106.81319427 108.87744141 67.13443756
C 110.02099609 117.90988922 62.50969696
H 109.99541473 118.76455688 61.78210831
H 110.33572388 118.29527283 63.53110123
C 111.11466980 117.00056458 62.01954269
H 111.29944611 116.31631470 62.83828735
H 110.77765656 116.46219635 61.13361359
C 112.44561005 117.61412048 61.63979721
H 113.07758331 116.82775879 61.36747360
H 112.39308929 118.23818970 60.77066040
C 100.41887665 106.05499268 62.71738434
H 99.87696838 106.21139526 61.81163406
H 100.79877472 104.99534607 62.77545166
C 99.46134949 106.22566986 63.90710449
H 100.08374786 106.67523193 64.63892365
H 98.62117767 106.90458679 63.72635651
C 98.80278778 104.87389374 64.22140503
H 99.49398041 104.27950287 64.75351715
H 98.58452606 104.22212219 63.35547638
C 109.61939240 108.16206360 66.74412537
H 110.02689362 107.14992523 66.56005096
H 110.45086670 108.85251617 66.54116058
C 109.20283508 108.24090576 68.17819214
H 108.67955780 109.20453644 68.37454987
H 108.45159149 107.56958771 68.52099609
C 110.40948486 108.19317627 69.15036774
H 110.82712555 107.16925049 69.22247314
H 111.21667480 108.80898285 68.78821564
C 101.47671509 116.86102295 57.51132965
H 101.65904236 117.88251495 57.24168777
H 100.43728638 116.91885376 57.84572220
C 101.44631195 116.02577209 56.24621964
H 100.73533630 116.52704620 55.58612823
H 102.45243073 116.08135986 55.72690582
C 100.84339905 114.62025452 56.58567047
H 99.88792419 114.70339203 57.03471756
H 101.39674377 114.00824738 57.29855728
C 97.57385254 104.83353424 65.07845306
H 97.72380066 105.48998260 65.95989227
H 96.67273712 105.21980286 64.55320740
C 100.64968872 113.72663116 55.36842728
H 99.97735596 114.21315002 54.70554352
H 101.68421173 113.72219849 54.92826080
C 109.98915863 108.62178802 70.58738708
H 109.60354614 109.65498352 70.57759857
H 108.98844910 108.13704681 70.71443176
C 113.29722595 118.17626190 62.78252029
H 112.69387054 118.82276917 63.41380310
H 113.70599365 117.34167480 63.35853958
C 111.14385223 108.69124603 71.60759735
H 111.77884674 109.53221130 71.47482300
H 111.75381470 107.89841461 71.29264832
C 100.17234802 112.33345032 55.66963959
H 99.21214294 112.35041046 56.15448380
H 100.97505951 111.85461426 56.22926712
C 97.31047058 103.43745422 65.67740631
H 98.10926056 103.21312714 66.28482056
H 97.35919952 102.70446777 64.94672394
C 114.43001556 119.09950256 62.31063843
H 115.08434296 118.61878967 61.59181213
H 114.17424774 119.95898438 61.75313950
C 95.98519897 103.19328308 66.32184601
H 95.80520630 102.14649963 66.63716125
H 95.92500305 103.88752747 67.16545868
H 95.15778351 103.36524200 65.66657257
C 99.87236023 111.44926453 54.45236588
H 100.75423431 111.19535065 53.86923981
H 99.48184967 110.45695496 54.75457001
H 99.15850830 112.05120087 53.80644989
C 110.80606842 108.58174896 73.13358307
H 110.19438934 109.40534973 73.55591583
H 110.29161835 107.54489899 73.23913574
H 111.73405457 108.48366547 73.75312042
C 115.21755219 119.70107269 63.50614929
H 115.63244629 118.89203644 64.02872467
H 116.01477814 120.33289337 63.20142365
H 114.50067139 120.16440582 64.17553711
",0.000
24,"372

C 111.29899597 100.92678070 92.56813812
C 110.40100098 101.80821228 93.09683990
C 110.74232483 102.76194763 94.12163544
C 112.05700684 102.91074371 94.58966064
C 113.01040649 102.10092926 94.00730133
C 112.64914703 101.07738495 93.06422424
H 110.90135193 100.17560577 91.91336823
H 112.16327667 103.76728821 95.33452606
C 108.83666992 101.79804993 92.83143616
C 108.50576019 102.99388123 93.80301666
C 109.60864258 103.49203491 94.54416656
C 107.35173798 103.74481201 94.21152496
C 107.50491333 104.64671326 95.25758362
S 109.21690369 104.70657349 95.74453735
C 114.57338715 101.92404175 94.37535095
C 114.97607422 100.78583527 93.41511536
C 113.85319519 100.35050964 92.64296722
C 116.18182373 100.11647034 93.00316620
C 115.84862518 99.06471252 92.10363770
S 114.20739746 98.92423248 91.72602844
C 106.29764557 105.11349487 95.74221802
S 105.77512360 103.68740845 93.59940338
S 117.84748840 100.14669800 93.23620605
C 116.89412689 98.22563171 91.81021118
C 105.18276215 104.66716003 94.95729828
C 118.14379883 98.64653778 92.34305573
H 106.18690491 105.81060791 96.56536102
H 116.84830475 97.33666229 91.16431427
C 119.18548584 97.66175842 92.35863495
C 119.75020599 96.83373260 91.34845734
C 119.40691376 96.85688782 89.93296051
C 120.74649048 95.75511169 91.49118042
C 120.12429047 95.84336853 89.21909332
O 118.54587555 97.55482483 89.47753906
C 121.04832458 95.27383423 90.12773895
C 121.32000732 95.24295807 92.65790558
C 120.04795074 95.46562195 87.93949127
C 121.91595459 94.25132751 89.57190704
C 121.04600525 95.69775391 93.98690796
C 122.16008759 94.04219818 92.66757202
C 120.89504242 94.55191803 87.36875153
H 119.32195282 95.95902252 87.29518127
C 121.91323853 93.97669983 88.19038391
H 122.63458252 93.66871643 90.15865326
N 120.80116272 96.02210999 95.07495117
N 122.86137390 93.12169647 92.66548157
H 120.78130341 94.30001068 86.31262970
H 122.54317474 93.19573212 87.79611206
H 119.55587006 97.61165619 93.35352325
C 103.93311310 105.23032379 95.18133545
C 103.17299652 105.47576904 96.33658600
C 103.58929443 105.05560303 97.69784546
C 101.86286163 106.12464905 96.33391571
C 102.50309753 105.52433777 98.54506683
O 104.53371429 104.41504669 98.02125549
C 101.50136566 106.23331451 97.77124786
C 101.05844879 106.66692352 95.29927063
C 102.39819336 105.40738678 99.88221741
C 100.33116150 106.82704926 98.50778198
C 101.42549133 106.78723145 93.95559692
C 99.98423767 107.50757599 95.48633575
C 101.32469177 106.01794434 100.60898590
H 103.15649414 104.92046356 100.48585510
C 100.34867859 106.71915436 99.87129211
H 99.68978119 107.35021973 97.92397308
N 101.68796539 106.82947540 92.85406494
N 99.08077240 108.25773621 95.62329102
H 101.17121887 105.93207550 101.68216705
H 99.51366425 107.23761749 100.34537506
H 103.46269226 105.52471161 94.32952881
C 114.81612396 101.49626923 95.83171082
C 114.74108124 100.12414551 96.19943237
C 114.77850342 102.40766144 96.91360474
C 114.76858521 99.67949677 97.57753754
H 114.89090729 99.30500031 95.49219513
C 114.86343384 102.03051758 98.28573608
H 114.66326904 103.42687225 96.59062195
C 114.78986359 100.65243530 98.63592529
H 114.61684418 98.64937592 97.89257812
H 114.82733917 102.73169708 99.07134247
C 108.32693481 100.49840546 93.40522766
C 108.01084137 100.26976776 94.74150085
C 108.28256226 99.36343384 92.52648926
C 107.57194519 98.98895264 95.22805023
H 108.03281403 101.05533600 95.55303192
C 108.00241852 98.01955414 92.99514771
H 108.51229095 99.50386047 91.45143127
C 107.60452271 97.86695862 94.38524628
H 107.34081268 98.91103363 96.26068878
H 107.84821320 97.13494873 92.32870483
C 108.36401367 102.08718872 91.36404419
C 107.01490021 101.74104309 91.03335571
C 109.25646973 102.63320923 90.37455750
C 106.42545319 102.01425934 89.76747894
H 106.33487701 101.41226959 91.82305908
C 108.65160370 102.76583862 89.04108429
H 110.33805084 102.78844452 90.49973297
C 107.29128265 102.42839050 88.69348907
H 105.37580109 101.77550507 89.58280945
H 109.17511749 103.17630768 88.17496490
C 115.35639191 103.15152740 94.03404999
C 116.59605408 103.43080902 94.56516266
C 114.84848022 104.01658630 93.07437134
C 117.23406982 104.68846893 94.38256836
H 117.06036377 102.85095978 95.30693817
C 115.32106018 105.35839844 92.99880219
H 114.03511810 103.74974823 92.48217010
C 116.58798981 105.58734131 93.60369110
H 118.16256714 104.81396484 94.83187866
H 114.82833099 106.07443237 92.37731934
C 106.70377350 102.84069824 87.35034943
H 105.64518738 102.87892151 87.38680267
H 107.09638977 103.84636688 87.15876007
C 107.15411377 101.99515533 86.15065765
H 108.25893402 101.91903687 86.19441986
H 106.64961243 101.01728821 86.11393738
C 106.78936768 102.79267883 84.91542816
H 105.72661591 103.00708008 85.07749176
H 107.44026184 103.69414520 84.84162903
C 114.88939667 100.23786163 100.10915375
H 115.55445862 99.41679382 100.31525421
H 115.42483521 101.05348969 100.65943146
C 113.64761353 99.72699738 100.70544434
H 113.05899811 99.35997772 99.88081360
H 113.87252808 98.98386383 101.50126648
C 112.95024872 100.96176910 101.43286896
H 112.83146667 101.81819916 100.79642487
H 113.75833893 101.20523834 102.09984589
C 117.14820862 106.95955658 93.47225952
H 116.39222717 107.76625824 93.49375916
H 117.73330688 107.05959320 94.33302307
C 117.96927643 107.20470428 92.13733673
H 118.34455109 108.20544434 92.18167877
H 118.84821320 106.56763458 92.09069824
C 117.20626068 107.24678802 90.78781891
H 116.90824890 106.18688965 90.70993805
H 116.26267242 107.73472595 90.75084686
C 107.12899017 96.53427887 94.87085724
H 107.31901550 96.32523346 95.93456268
H 107.67247772 95.70783997 94.43841553
C 105.66418457 96.27153015 94.48467255
H 105.02225494 97.11396790 94.62997437
H 105.66443634 96.10755157 93.48628998
C 105.14425659 95.04505157 95.17635345
H 104.94168854 95.37635803 96.24151611
H 105.91726685 94.27533722 95.16436005
C 111.65427399 100.49314117 102.14562988
H 111.06107330 100.10611725 101.35037994
H 111.82379150 99.69754791 102.80050659
C 103.88388062 94.41835022 94.47070312
H 103.40854645 95.16868591 93.81423950
H 104.33473206 93.60355377 93.90977478
C 118.02181244 107.64897156 89.59413910
H 119.07833862 107.24822998 89.75942230
H 117.60395050 107.13194275 88.75145721
C 107.03843689 101.89089203 83.65943909
H 108.05980682 101.42329407 83.69688416
H 106.35162354 100.99584198 83.64743805
C 117.97342682 109.21257019 89.55824280
H 118.28754425 109.58333588 90.52439880
H 116.93874359 109.56692505 89.42625427
C 102.73880768 93.97460175 95.42630768
H 102.49242401 94.74052429 96.07508850
H 102.92653656 93.11567688 96.04211426
C 110.84496307 101.56607819 102.90023041
H 110.59033966 102.21484375 102.07893372
H 111.34017944 102.13119507 103.66177368
C 107.15454865 102.60915375 82.30527496
H 106.19029999 103.03931427 82.11981201
H 107.87299347 103.38298035 82.52341461
C 109.49708557 101.07919312 103.44705963
H 108.78372955 101.86396027 103.32691956
H 109.20540619 100.16945648 102.85803986
H 109.61728668 100.80425262 104.48646545
C 101.47576904 93.71921539 94.63149261
H 101.34388733 94.44364929 93.89149475
H 101.58277130 92.82528687 94.04454803
H 100.57021332 93.56979370 95.16295624
C 118.69999695 109.85008240 88.42163849
H 118.60105896 109.34513092 87.43761444
H 118.32917023 110.79144287 88.32548523
H 119.73059845 109.81820679 88.80772400
C 107.55381775 101.72631073 81.02372742
H 108.37589264 101.10987091 81.16745758
H 106.78852081 101.04093170 80.83802032
H 107.77520752 102.26688385 80.09604645
C 131.81860352 107.48387909 77.57174683
C 130.83477783 107.85280609 78.49974060
C 129.46662903 107.78864288 78.04344940
C 129.08921814 107.24703217 76.74712372
C 130.15261841 106.96784210 75.86379242
C 131.53330994 107.07387543 76.22965240
H 132.85546875 107.42192078 77.78244781
H 128.04400635 107.20053864 76.47132111
C 130.93225098 108.26361847 79.99126434
C 129.44108582 108.53608704 80.28693390
C 128.63279724 108.26042175 79.16034698
C 128.68740845 108.97355652 81.37492371
C 127.36841583 109.06779480 81.11999512
S 126.98885345 108.57717133 79.50279236
C 130.02526855 106.40598297 74.44630432
C 131.44938660 106.58394623 73.93409729
C 132.35169983 106.82113647 75.06196594
C 132.22384644 106.46523285 72.77156830
C 133.58399963 106.57826996 73.00035095
S 134.02113342 106.73975372 74.68233490
C 126.64685059 109.64469910 82.15201569
S 129.09490967 109.47815704 83.05159760
S 131.92193604 106.10026550 71.13290405
C 134.40847778 106.30710602 71.90766907
C 127.41450500 109.82382965 83.35156250
C 133.63241577 106.41464996 70.74686432
H 125.58791351 109.80651093 82.17325592
H 135.48921204 106.29777527 72.05676270
C 134.21281433 106.70229340 69.49700165
C 135.25782776 107.37574005 68.88716125
C 136.09149170 108.40716553 69.59043884
C 135.64053345 107.37756348 67.48498535
C 137.06190491 108.87049103 68.60883331
O 135.98767090 108.73469543 70.80302429
C 136.78204346 108.26609802 67.37386322
C 135.20431519 106.51115417 66.47028351
C 138.05908203 109.78391266 68.81466675
C 137.66360474 108.59118652 66.27161407
C 134.42590332 105.35942841 66.63059235
C 135.43588257 106.67691040 65.05538177
C 138.80776978 110.13630676 67.72733307
H 138.31234741 110.14157104 69.79949188
C 138.66433716 109.60700226 66.47417450
H 137.73509216 108.04602814 65.31636047
N 133.82435608 104.36981964 66.76382446
N 135.66668701 106.85781097 63.91065216
H 139.67216492 110.69445038 67.97977448
H 139.33340454 109.90822601 65.63713837
H 133.52787781 106.17818451 68.87782288
C 126.86077881 110.55323029 84.42633820
C 125.70624542 110.42748260 85.22640991
C 124.91984558 109.11692047 85.34804535
C 125.18508911 111.38171387 86.20481110
C 123.92743683 109.35987091 86.44617462
O 124.96567535 108.15729523 84.67085266
C 124.03870392 110.65726471 86.87296295
C 125.50857544 112.74578094 86.36477661
C 123.10094452 108.42668152 87.00668335
C 123.19720459 111.04347229 88.00623322
C 126.43720245 113.42833710 85.56365204
C 124.73802948 113.61428833 87.27720642
C 122.32229614 108.78294373 88.16032410
H 123.12216949 107.35258484 86.65442657
C 122.23926544 110.15546417 88.48467255
H 123.07659912 112.02259064 88.38402557
N 127.20117188 113.98796844 84.87345123
N 124.07173157 114.28926086 87.94801331
H 121.67887878 108.06391907 88.53939819
H 121.51627350 110.42420197 89.16975403
H 127.51598358 111.39916992 84.63113403
C 129.11885071 107.23981476 73.52563477
C 128.47569275 106.73497009 72.37471771
C 128.99903870 108.63541412 73.77315521
C 127.72859955 107.56895447 71.54114532
H 128.56150818 105.64321136 72.20058441
C 128.17655945 109.46874237 72.95941925
H 129.52954102 109.07072449 74.62735748
C 127.60034943 108.97041321 71.77710724
H 127.14424896 107.03404236 70.74993896
H 127.94542694 110.46759796 73.33026123
C 131.85923767 109.57983398 80.14601135
C 132.40008545 110.24678802 78.97630310
C 132.19842529 110.12482452 81.44545746
C 133.26811218 111.32109833 79.19569397
H 132.00819397 109.93971252 77.99015045
C 133.05223083 111.23205566 81.62590027
H 131.85028076 109.68711090 82.35767365
C 133.53224182 111.80375671 80.47943878
H 133.61145020 111.90271759 78.41063690
H 133.24475098 111.59095001 82.63148499
C 131.53515625 107.07157135 80.79203796
C 132.91517639 106.68216705 80.63507080
C 130.80021667 106.32337952 81.72216797
C 133.47236633 105.58624268 81.29486084
H 133.48852539 107.31571960 79.96984100
C 131.40844727 105.22332764 82.45069885
H 129.81716919 106.63684845 81.98751068
C 132.73808289 104.83236694 82.27040863
H 134.51695251 105.36183167 81.14759827
H 130.76177979 104.71487427 83.12243652
C 129.63175964 104.91454315 74.58853912
C 128.24139404 104.51064301 74.54627991
C 130.60848999 103.93571472 74.86389923
C 127.90037537 103.15997314 74.73869324
H 127.37911987 105.24155426 74.42427826
C 130.17575073 102.61050415 75.09125519
H 131.66162109 104.18981171 74.91636658
C 128.83015442 102.20474243 74.97198486
H 126.84632874 102.95540619 74.82086182
H 130.93737793 101.79988098 75.30474091
C 133.30187988 103.61882782 83.00664520
H 134.26455688 103.89652252 83.33503723
H 132.70808411 103.46017456 83.93777466
C 133.46258545 102.40842438 82.12253571
H 133.91142273 102.78092194 81.18560791
H 134.07351685 101.68959045 82.67250824
C 132.13281250 101.61515045 81.81653595
H 131.86796570 100.94878387 82.66555023
H 131.24122620 102.29879761 81.71894836
C 126.75291443 109.79379272 70.84978485
H 127.44686890 110.39808655 70.37049866
H 126.36402893 109.17474365 70.07270050
C 125.54000092 110.63413239 71.28821564
H 125.10268402 111.02390289 70.33660126
H 124.76557159 110.01589203 71.77773285
C 125.85393524 111.80134583 72.23365021
H 126.70433807 112.48761749 71.95343781
H 126.19400787 111.35791016 73.18036652
C 128.35684204 100.67972565 74.98992157
H 127.65810394 100.58810425 74.14153290
H 129.14691162 100.03958130 74.62853241
C 127.70875549 100.20719147 76.26000214
H 127.78405762 99.12133026 76.23452759
H 128.17840576 100.52048492 77.08899689
C 126.21649170 100.48149109 76.40952301
H 126.20290375 101.55074310 76.45251465
H 125.68733978 100.29868317 75.46250153
C 134.54522705 112.96012115 80.60977936
H 134.42803955 113.41022491 81.64027405
H 134.29193115 113.72926331 79.83275604
C 135.94877625 112.42408752 80.38582611
H 136.04704285 111.59322357 81.13670349
H 136.02719116 111.88980103 79.40448761
C 137.07528687 113.44776917 80.40801239
H 136.95317078 114.28208923 81.14279175
H 136.87950134 114.14238739 79.52172852
C 124.57562256 112.53775787 72.72902679
H 124.06620789 112.93154907 71.88389587
H 123.87802124 111.75828552 73.10921478
C 138.51417542 112.79845428 80.37650299
H 138.75930786 112.23976898 81.28758240
H 138.69970703 112.12736511 79.52738190
C 125.40061188 99.95410156 77.67945862
H 125.94026947 100.22318268 78.60762787
H 124.42124176 100.46131897 77.75067902
C 132.14569092 100.62753296 80.60000610
H 132.29942322 101.06916809 79.63687897
H 133.07633972 100.07784271 80.69432068
C 125.08709717 98.42774963 77.72958374
H 124.32579041 98.30435181 78.49507904
H 125.84059906 97.76425171 78.15720367
C 139.61169434 113.88964844 80.37562561
H 140.49580383 113.29324341 80.52289581
H 139.52850342 114.52927399 81.24117279
C 124.79840851 113.57718658 73.79952240
H 125.07185364 113.04186249 74.70299530
H 123.82989502 113.87986755 74.16822815
C 130.97872925 99.63420868 80.42697906
H 131.30253601 98.88587189 79.76538086
H 130.81459045 99.07093811 81.30496216
C 125.65106964 114.70308685 73.35182190
H 126.66853333 114.35524750 73.16800690
H 125.32642365 115.12696075 72.42716980
H 125.58230591 115.58941650 74.05143738
C 139.65095520 114.76316071 79.08845520
H 139.45840454 114.14266968 78.18653107
H 138.91229248 115.60447693 79.13417816
H 140.53662109 115.29668427 79.12567902
C 124.56960297 97.87940979 76.37680817
H 125.42665863 98.07105255 75.76831055
H 124.25714111 96.85990143 76.50517273
H 123.72108459 98.54223633 76.04100800
C 129.68203735 100.32678986 79.94399261
H 128.98355103 99.49073029 79.89225006
H 129.23796082 100.90915680 80.71669769
H 129.77494812 100.88562012 78.96605682
",0.000
25,"372

C 67.42048645 66.86981201 74.34416199
C 68.50652313 66.13833618 73.90030670
C 69.53467560 66.84141541 73.12165070
C 69.55291748 68.15706635 72.81742859
C 68.55266571 68.95441437 73.35842133
C 67.47593689 68.23882294 74.03189850
H 66.56894684 66.53201294 74.84826660
H 70.35636902 68.59135437 72.26209259
C 68.77838898 64.54180908 73.90983582
C 70.13484955 64.58613586 73.22824860
C 70.50302124 65.85285187 72.81462097
C 71.20595551 63.70435715 72.98952484
C 72.31090546 64.30473328 72.37358856
S 72.03307343 65.93527985 71.99000549
C 68.35967255 70.49450684 73.25968170
C 66.97523499 70.57731628 73.99193573
C 66.52037811 69.30432129 74.39695740
C 66.03588867 71.59252167 74.40536499
C 64.87808990 71.06186676 75.05928040
S 64.85611725 69.34143066 74.99697876
C 73.45578003 63.44720459 72.25888062
S 71.63153839 62.00738144 73.30742645
S 65.92510223 73.36445618 74.38021851
C 63.99103546 71.99351501 75.51768494
C 73.21981812 62.08336639 72.68473816
C 64.46246338 73.27454376 75.38021088
H 74.37843323 63.72229385 71.75593567
H 63.06705093 71.74984741 76.02621460
C 63.70680237 74.38874054 75.77621460
C 62.86669540 74.70516205 76.87081146
C 62.74361038 73.90193939 78.08252716
C 62.07168961 75.97368622 77.11139679
C 62.07067871 74.74201202 79.10864258
O 63.25662613 72.82802582 78.23791504
C 61.61016083 75.95889282 78.56375122
C 61.85373306 77.12364197 76.26645660
C 61.93138123 74.49658966 80.44702148
C 60.94219589 76.86954498 79.41525269
C 62.30255890 77.16514587 74.90065002
C 61.17790222 78.29565430 76.61762238
C 61.36856461 75.42687988 81.28198242
H 62.22981644 73.57073212 80.98062134
C 60.87139893 76.62765503 80.77348328
H 60.57483292 77.76898956 79.06347656
N 62.61518478 77.09705353 73.82989502
N 60.61452484 79.26718140 76.96820831
H 61.28086853 75.21463013 82.38857269
H 60.31416702 77.30581665 81.37174988
H 63.86229706 75.24600220 75.12528992
C 74.06322479 60.92905807 72.54962921
C 75.42369080 60.62280273 72.41590118
C 76.45475006 61.58314514 72.10855103
C 75.98497772 59.23087311 72.49418640
C 77.69506073 60.86018372 71.99108124
O 76.38708496 62.76202011 71.85131836
C 77.46646118 59.46682739 72.21339417
C 75.32582855 58.11308670 72.86644745
C 78.94705963 61.30109406 71.51087952
C 78.58499146 58.64378738 72.24536896
C 74.02247620 57.86499786 73.33378601
C 75.94113159 56.85057831 72.97261810
C 80.05705261 60.43830490 71.50798798
H 79.12102509 62.30002594 71.13008118
C 79.87956238 59.09671783 71.96762848
H 78.43121338 57.61040497 72.37005615
N 72.97060394 57.70009232 73.78335571
N 76.46376038 55.82890701 73.13813782
H 81.01864624 60.80515289 71.23200226
H 80.73825836 58.41930008 71.99112701
H 73.37242126 60.06737518 72.37890625
C 68.15356445 70.92440033 71.77931213
C 66.92932129 71.21006012 71.12451935
C 69.33890533 71.15185547 71.04315186
C 66.90708923 71.61367035 69.75164795
H 66.02899933 71.09666443 71.57085419
C 69.30893707 71.70188904 69.75595856
H 70.31519318 70.90521240 71.46141052
C 68.08689117 71.87869263 69.00191498
H 65.86840820 71.71759033 69.29168701
H 70.14892578 71.86577606 69.23558807
C 67.72590637 63.78516769 72.99905396
C 66.58184052 64.48111725 72.41481781
C 67.76586151 62.38311386 73.04093170
C 65.65365601 63.64274216 71.78063202
H 66.40951538 65.52456665 72.50865936
C 66.76810455 61.61460876 72.44014740
H 68.71586609 61.90072250 73.38648224
C 65.75217438 62.27106476 71.77807617
H 64.84681702 64.00649261 71.19304657
H 66.82074738 60.54058838 72.48320770
C 68.69039917 64.00762177 75.40473938
C 67.37478638 63.62995148 75.93611145
C 69.79691315 63.93121338 76.25967407
C 67.32066345 63.01229858 77.16212463
H 66.44993591 63.75254440 75.41063690
C 69.68266296 63.42808151 77.51396179
H 70.72542572 64.41451263 75.87889099
C 68.48573303 62.81698227 77.97702789
H 66.34540558 62.74176407 77.54744720
H 70.55081940 63.42879868 78.20301056
C 69.38356781 71.31632996 74.08398438
C 69.34704590 72.75638580 73.90394592
C 70.37833405 70.76573944 74.94313049
C 70.21075439 73.61311340 74.64947510
H 68.68589020 73.17442322 73.15586853
C 71.30165100 71.62710571 75.61608887
H 70.40788269 69.67685699 75.14402008
C 71.19239807 73.00782776 75.51044464
H 70.22786713 74.67395020 74.52478027
H 72.04147339 71.22989655 76.28178406
C 68.43472290 62.08123398 79.31561279
H 68.67337036 61.03723526 79.07292938
H 69.29171753 62.57148743 79.88484192
C 67.15198517 62.00930023 80.12300873
H 66.92316437 62.99911499 80.51408386
H 66.32451630 61.67243195 79.54213715
C 67.32881927 61.07818604 81.34485626
H 67.67671204 60.06126022 80.99977875
H 68.17067719 61.36503983 81.97426605
C 68.11432648 72.56600189 67.67485809
H 67.13818359 73.00933838 67.44924927
H 68.79293823 73.40769958 67.74364471
C 68.60807037 71.75965881 66.40172577
H 68.70046997 72.51096344 65.64124298
H 69.52120972 71.26961517 66.73960114
C 67.61523438 70.65435791 66.03482056
H 66.63820648 71.15381622 65.86582947
H 67.44955444 69.94781494 66.90262604
C 72.32754517 73.86515808 76.11583710
H 71.85842896 74.86215973 76.38577271
H 72.62368011 73.52086639 77.13433838
C 73.52612305 73.97594452 75.25868225
H 74.35081482 74.53567505 75.75321198
H 73.85600281 72.97988892 74.97348785
C 73.42267609 74.58395386 73.84756470
H 74.43138885 74.48660278 73.48400116
H 72.71325684 74.00566864 73.24655151
C 64.57267761 61.58362961 71.06038666
H 65.08409119 61.06326294 70.29069519
H 63.96308517 62.27065277 70.54959106
C 63.52872467 60.70092010 71.86318207
H 63.31216431 61.11713028 72.86105347
H 62.62820816 60.70230103 71.31209564
C 64.03353119 59.23213577 72.06055450
H 63.96891403 58.78218460 73.12803650
H 65.09446716 59.20336914 71.83345032
C 67.94606781 69.83937836 64.84435272
H 68.18247986 70.45677948 64.03102875
H 68.90129852 69.27895355 64.90937805
C 63.33440781 58.26468658 71.07781219
H 63.52679062 58.65382767 70.05281067
H 63.85554886 57.35567093 71.14044952
C 73.08108521 76.12958527 73.85101318
H 72.04589081 76.32718658 74.05875397
H 73.59066010 76.61673737 74.64775085
C 66.03123474 60.96288300 82.11412811
H 65.24322510 60.92950439 81.34391022
H 66.01641083 60.01226807 82.57265472
C 73.35179138 76.82295227 72.43062592
H 72.43714905 76.60984802 71.83341980
H 74.29111481 76.44941711 72.01619720
C 61.88573456 57.79668045 71.30315399
H 61.15118027 58.61435699 71.34647369
H 61.72472763 57.45604706 72.30610657
C 66.79833221 68.87722778 64.40724182
H 65.97157288 69.49004364 64.02453613
H 66.50021362 68.15205383 65.20807648
C 65.73667145 62.06304169 83.11447144
H 66.31845856 61.97729874 84.01078796
H 65.97110748 62.99019241 82.61280060
C 67.13945007 68.08402252 63.16609573
H 68.18920898 67.73107910 63.23011780
H 66.41545868 67.34969330 62.93579102
H 67.19018555 68.86536407 62.38830566
C 61.39932632 56.73087311 70.34609985
H 60.37367630 56.25993729 70.57113647
H 61.19669724 57.18484879 69.37500000
H 62.13255310 55.95428848 70.10205841
C 73.55101013 78.32925415 72.69071960
H 72.53717804 78.67794037 73.14620972
H 74.34657288 78.51498413 73.42227173
H 73.68132782 78.99450684 71.89552307
C 64.25762939 62.17961502 83.47367859
H 63.95177460 61.41905212 84.17910767
H 63.98723602 63.07264709 83.99084473
H 63.67643738 61.91681671 82.63539124
C 65.44301605 59.71136475 66.73274231
C 66.71326447 59.94565201 66.28958130
C 67.10278320 59.40153885 65.05403137
C 66.23598480 58.69593048 64.20874023
C 64.84791565 58.60409927 64.56647491
C 64.48091125 59.09872437 65.84969330
H 65.17694092 60.03604889 67.73152161
H 66.64923859 58.35263443 63.27338791
C 67.81548309 60.67560196 66.97357178
C 68.98031616 60.45902252 66.03790283
C 68.51323700 59.71786499 64.90593719
C 70.32816315 60.68590927 65.98635864
C 70.83274078 60.33956528 64.67794037
S 69.73668671 59.60924149 63.59057236
C 63.67674637 57.86598969 63.97807312
C 62.53701019 58.05046844 65.05310822
C 63.06398392 58.76401138 66.11412811
C 61.22338867 57.66246414 65.34714508
C 60.83887482 58.12547684 66.61753082
S 62.08042145 59.00389099 67.47058868
C 72.20330811 60.58679199 64.48159790
S 71.56874847 61.32221222 67.04998779
S 60.03687668 56.78919220 64.47377777
C 59.57342148 57.66316986 66.88202667
C 72.82199860 61.11586761 65.67070770
C 59.05409622 56.73007584 65.86952972
H 72.78717804 60.34905624 63.64313126
H 59.00594711 57.92815018 67.71913147
C 57.72696686 56.20610809 65.88238525
C 56.92282486 55.63722610 66.85028076
C 57.41217804 55.31133270 68.20276642
C 55.54981232 55.06955719 66.68631744
C 56.34450150 54.54651260 68.84599304
O 58.50452042 55.61711502 68.71499634
C 55.29188919 54.29607010 67.93997192
C 54.68405533 55.30011368 65.54557800
C 56.24765778 54.03145599 70.11077881
C 54.11011505 53.62914276 68.35297394
C 54.84079742 56.37586212 64.57759857
C 53.40847015 54.73941803 65.32763672
C 55.07913589 53.34386063 70.53911591
H 57.09265518 54.02399063 70.77110291
C 54.00502396 53.11772537 69.65725708
H 53.32245255 53.49480057 67.66056061
N 55.09856033 57.22554398 63.83384323
N 52.33066177 54.27190018 65.16722870
H 55.04772186 53.02352142 71.55156708
H 53.09223175 52.65293121 70.05679321
H 57.41360855 56.12697220 64.85201263
C 74.16853333 61.24551392 65.86914825
C 75.36761475 61.64404678 65.24133301
C 75.45162201 62.25909424 63.93650436
C 76.74584198 61.57700348 65.79404449
C 76.76986694 62.76448822 63.76132584
O 74.51023865 62.34479523 63.19923782
C 77.58336639 62.35932159 64.84278870
C 77.25852966 61.09369659 67.02132416
C 77.33280945 63.49349213 62.67199707
C 78.96074677 62.56616974 64.75553131
C 76.55467224 60.19766617 67.89068604
C 78.65406036 61.21723175 67.44726562
C 78.69477081 63.68573380 62.63323212
H 76.72380066 63.77530289 61.85163498
C 79.52788544 63.25653076 63.69101715
H 79.56716919 62.28810501 65.50342560
N 76.03777313 59.46546555 68.63437653
N 79.75572205 61.32342148 67.79235840
H 79.12506866 64.19697571 61.81219864
H 80.58377838 63.51973724 63.64619064
H 74.37622833 60.87712860 66.92727661
C 64.16265106 56.42329788 63.77323532
C 63.90651703 55.46427155 64.81128693
C 64.90171814 56.02928925 62.68217468
C 64.34675598 54.15275955 64.72302246
H 63.34578705 55.74600601 65.74665833
C 65.34477234 54.69462967 62.58480835
H 65.10842896 56.78290176 61.92686844
C 65.07935333 53.72490692 63.56987381
H 64.25207520 53.53989410 65.57259369
H 65.79920197 54.51247406 61.65718842
C 68.18049622 59.99272919 68.33252716
C 67.78148651 58.67918777 68.74747467
C 69.09464264 60.71583939 69.14904785
C 68.37150574 58.08628082 69.92176819
H 66.91844177 58.26459503 68.18267822
C 69.71176910 60.13015366 70.21202087
H 69.33958435 61.67457199 68.75509644
C 69.41339874 58.82822418 70.62751007
H 68.10650635 57.07901382 70.16109467
H 70.59338379 60.63343811 70.69806671
C 67.38289642 62.17109680 67.10120392
C 67.70576477 63.14781570 66.15000916
C 66.48004913 62.55413818 68.17029572
C 67.05545044 64.35530853 66.20535278
H 68.40740967 62.97865677 65.34540558
C 65.85384369 63.79263687 68.17207336
H 66.40147400 61.82410812 69.00556183
C 66.02713013 64.69898224 67.11779022
H 67.18475342 65.01805878 65.35054779
H 65.23364258 63.95639038 69.02337646
C 63.11964035 58.43025589 62.61405945
C 63.71142578 59.54639435 61.93011475
C 62.18997192 57.67166901 61.84191513
C 63.16027832 59.97351074 60.69137573
H 64.48950958 59.98476791 62.44133377
C 61.72640228 58.07103348 60.54796219
H 61.78478622 56.73257828 62.29455185
C 62.17444611 59.25190735 60.02182388
H 63.72841644 60.77499008 60.25516510
H 61.05728912 57.57863617 59.91845322
C 65.33411407 66.04032898 67.01524353
H 65.95505524 66.81127167 67.49248505
H 65.13990021 66.28405762 65.90756989
C 63.86709976 65.99326324 67.60583496
H 63.43740082 64.94898224 67.46168518
H 63.83450317 66.18485260 68.68355560
C 62.93134689 66.94322205 66.85175323
H 63.44696045 67.88551331 66.71878815
H 62.80853271 66.43746948 65.90209961
C 65.54280090 52.30986404 63.36754227
H 65.50581360 52.00023651 62.37525177
H 66.61606598 52.31131744 63.51618195
C 64.92269135 51.17617035 64.23341370
H 65.42543030 50.24246597 63.99346542
H 65.16953278 51.41766739 65.30958557
C 63.42803192 50.91283035 64.07296753
H 63.24120712 50.87480927 62.96125793
H 62.94290924 51.78769684 64.49716949
C 61.77896500 59.70609665 58.61833954
H 60.80731583 60.09934616 58.71266556
H 62.50634003 60.55109787 58.33559036
C 61.90966034 58.78232956 57.40188980
H 61.10073090 58.06188965 57.39946747
H 61.64276505 59.46734619 56.56134796
C 63.40061188 58.28521729 57.13861847
H 64.02524567 59.18969727 57.30072403
H 63.62217331 57.51378250 57.87189102
C 70.26529694 58.18458939 71.69142151
H 69.64473724 58.03884125 72.63256836
H 71.01737976 58.95029068 72.03813934
C 71.01817322 56.86618805 71.39286804
H 71.54031372 56.50427628 72.30214691
H 70.27978516 56.17897415 71.06228638
C 72.08924866 57.22783279 70.30220032
H 72.66871643 58.10253143 70.61405945
H 71.54673004 57.40010834 69.41625977
C 62.96824646 49.58119965 64.74668884
H 63.84035492 48.88075638 64.57376862
H 62.89150238 49.79973221 65.85216522
C 72.95275879 56.04163361 70.15731049
H 73.30707550 55.69430923 71.06800842
H 72.32983398 55.12196732 69.84510803
C 63.66062546 57.64392471 55.78126907
H 63.52562332 56.58858490 55.81102753
H 62.87413788 57.97403717 55.05017853
C 61.58037186 67.21237946 67.58621979
H 61.17843628 66.33950043 67.91419220
H 61.91047287 67.74789429 68.50751495
C 65.06154633 58.06293488 55.16385651
H 65.81552124 57.62280655 55.79974747
H 65.21601868 59.15191269 55.20607376
C 74.18875885 56.30128860 69.24396515
H 74.82159424 57.16088104 69.69895172
H 73.97022247 56.74390411 68.27666473
C 61.64038467 48.97488785 64.26503754
H 61.77013016 48.63764191 63.25606537
H 60.70830154 49.54524994 64.28873444
C 60.46034241 67.84664154 66.73985291
H 60.78898621 68.87564850 66.49942780
H 60.29757309 67.23411560 65.76039124
C 61.44095612 47.72943878 65.19414520
H 61.33628082 47.96219254 66.20649719
H 60.67050171 47.05640030 64.90069580
H 62.34002304 47.19522476 65.13208008
C 75.03549194 55.03910065 69.14168549
H 74.41485596 54.21574783 68.79803467
H 75.91979218 55.10886002 68.63217926
H 75.42114258 54.73213577 70.11559296
C 65.31087494 57.68840408 53.69961929
H 66.29988098 58.10367584 53.43946075
H 65.30355072 56.57038116 53.47545624
H 64.52007294 58.18512726 53.23383331
C 59.12189102 67.87450409 67.55585480
H 58.86180878 66.90612030 67.99052429
H 59.27119827 68.52871704 68.40805054
H 58.36306000 68.22840881 66.89311981
",0.001
26,"372

C 115.39778900 74.44243622 128.26545715
C 115.33933258 75.04181671 127.03732300
C 116.50785828 75.27758026 126.23439026
C 117.77495575 75.05692291 126.74814606
C 117.95025635 74.48149109 127.97763062
C 116.75356293 74.14532471 128.75103760
H 114.59706116 74.31356049 128.98153687
H 118.64856720 75.23604584 126.10058594
C 113.98484039 75.49684143 126.25104523
C 114.69181061 75.88706207 125.01030731
C 116.06968689 75.81354523 125.03238678
C 114.24531555 76.41461945 123.80371094
C 115.22132874 76.86698151 122.96285248
S 116.80464172 76.49927521 123.58808136
C 119.26113129 74.03602600 128.65446472
C 118.63562012 73.42973328 129.95184326
C 117.23259735 73.58639526 129.98364258
C 119.12919617 72.71765900 131.07247925
C 118.12433624 72.41656494 131.99697876
S 116.47425842 72.83010864 131.38160706
C 114.67166138 77.51018524 121.83188629
S 112.62597656 76.71338654 123.14459991
S 120.75326538 72.32856750 131.64764404
C 118.63138580 71.88188171 133.16775513
C 113.29892731 77.64221954 121.81150055
C 120.06627655 71.67807770 133.19837952
H 115.18656158 78.00418854 121.04965210
H 118.00554657 71.57065582 133.93943787
C 120.77033997 71.02236176 134.27514648
C 120.60400391 71.01805115 135.65173340
C 119.76518250 71.97921753 136.39927673
C 121.14989471 70.04496002 136.63061523
C 119.75699615 71.62622833 137.83346558
O 119.14538574 72.96176910 135.91456604
C 120.54054260 70.45033264 137.98271179
C 122.00060272 68.88232422 136.48551941
C 119.08985901 72.26482391 138.88305664
C 120.52156830 69.78591156 139.27529907
C 122.60661316 68.42890167 135.24942017
C 122.28565979 67.88441467 137.47282410
C 119.17549896 71.62723541 140.14253235
H 118.56706238 73.22933960 138.77641296
C 119.85497284 70.38555145 140.36465454
H 121.06581116 68.88466644 139.42237854
N 122.98803711 67.95699310 134.27484131
N 122.47682953 67.05557251 138.30026245
H 118.71449280 72.20948792 140.93232727
H 119.76388550 70.00037384 141.41448975
H 121.63302612 70.39122009 133.91239929
C 112.60522461 78.17183685 120.70904541
C 112.54011536 79.32492828 119.91144562
C 113.46372223 80.46046448 120.17602539
C 111.71210480 79.63960266 118.73835754
C 113.17642212 81.51516724 119.20368195
O 114.30114746 80.53650665 121.06308746
C 112.20179749 81.01921844 118.29390717
C 110.74372101 78.83324432 118.01535034
C 113.72801208 82.79039764 119.19788361
C 111.79393768 81.92559052 117.33766937
C 110.52120209 77.44381714 118.26667786
C 110.27215576 79.17997742 116.71669006
C 113.28493500 83.61183167 118.17715454
H 114.58509827 83.06703949 119.79113770
C 112.36408234 83.24063873 117.21157837
H 110.95229340 81.62897491 116.69065857
N 110.36264801 76.29304504 118.41271210
N 109.91147614 79.40930939 115.66838837
H 113.65811920 84.63479614 118.03390503
H 112.02627563 83.89626312 116.49331665
H 111.67153168 77.47617340 120.56292725
C 120.21241760 75.22076416 129.08131409
C 120.95893097 75.95053864 128.08979797
C 120.33299255 75.74313354 130.38424683
C 121.85198975 77.02465057 128.34437561
H 120.88503265 75.70749664 127.07049561
C 121.19932556 76.82415009 130.68450928
H 119.73108673 75.27570343 131.08403015
C 121.88919067 77.52368164 129.66902161
H 122.24832916 77.52497864 127.50976562
H 121.31510162 77.04786682 131.74423218
C 113.24864960 76.80369568 126.82468414
C 114.05923462 77.77788544 127.50036621
C 111.87783051 77.02577972 126.73085785
C 113.50937653 78.97010040 127.98863983
H 115.14866638 77.64028931 127.61156464
C 111.28422546 78.14080811 127.37760162
H 111.24487305 76.29819489 126.23362732
C 112.10616302 79.13120270 127.95896912
H 114.17070007 79.71090698 128.40711975
H 110.18432617 78.12410736 127.26847839
C 113.03440857 74.24961853 126.12352753
C 112.94277191 73.41020203 125.00557709
C 112.20478821 73.82344818 127.23409271
C 112.05651093 72.32350159 124.96497345
H 113.51592255 73.60848999 124.10531616
C 111.39794159 72.67431641 127.23727417
H 112.27718353 74.27114868 128.18101501
C 111.31051636 71.93080902 126.01562500
H 112.04018402 71.71070862 124.06375885
H 110.81552124 72.34297943 128.14013672
C 119.99564362 72.88053131 127.89559174
C 121.37861633 72.89964294 127.65772247
C 119.24462128 71.83536530 127.33639526
C 122.04779816 71.93178558 126.88131714
H 121.92775726 73.63175964 128.13389587
C 119.89276886 70.81884003 126.62970734
H 118.16759491 71.71638489 127.41725159
C 121.24515533 70.89073944 126.32232666
H 123.08152008 72.11853027 126.60663605
H 119.31441498 69.98062897 126.25234222
C 110.47096252 70.67646790 125.93138885
H 109.70879364 70.62538910 126.75019073
H 109.94219208 70.82058716 125.04682159
C 111.21564484 69.35224915 125.92728424
H 110.69321442 68.75897217 125.20189667
H 112.14567566 69.45001221 125.45214844
C 111.40219879 68.69785309 127.28020477
H 110.42451477 68.35224152 127.57907104
H 111.99908447 67.84381866 127.12490082
C 122.90225983 78.66140747 130.01272583
H 123.47490692 78.50572205 130.89585876
H 123.62707520 78.59104919 129.15409851
C 122.23802948 80.03497314 130.09579468
H 121.57197571 80.16043854 129.26390076
H 121.61872101 79.99642181 130.96006775
C 123.24107361 81.19998932 130.38075256
H 123.73374176 81.38338470 129.40853882
H 123.93670654 80.92435455 131.11921692
C 121.86007690 69.85178375 125.40730286
H 122.95365143 69.78084564 125.58748627
H 121.48865509 68.86115265 125.65519714
C 121.69304657 70.16134644 123.91321564
H 120.63237762 70.36406708 123.81898499
H 122.31130981 71.06460571 123.65076447
C 121.99655151 68.91271973 123.04127502
H 122.94725037 68.41982269 123.24543762
H 121.23662567 68.24365997 123.24326324
C 111.44457245 80.39479828 128.60754395
H 112.15866089 80.90251923 129.21458435
H 110.57254028 80.13753510 129.22242737
C 110.82209778 81.40519714 127.59069061
H 111.62765503 81.76908875 126.97533417
H 110.04811096 80.90863037 126.98316193
C 110.13490295 82.60297394 128.31477356
H 110.84563446 83.10916138 128.98771667
H 109.20835114 82.25875854 128.78221130
C 122.56238556 82.47743988 130.69346619
H 122.17272949 82.73358154 129.73295593
H 121.72554779 82.28005219 131.37211609
C 109.80149841 83.65224457 127.19406128
H 110.62447357 84.03417969 126.69208527
H 109.23621368 83.21497345 126.42632294
C 121.97336578 69.24244690 121.49401093
H 121.01261139 69.70251465 121.19543457
H 122.85005188 69.80702209 121.10055542
C 112.03557587 69.51403046 128.40399170
H 112.88787842 70.01849365 127.89035797
H 111.36690521 70.32097626 128.70654297
C 122.06239319 67.84272003 120.71512604
H 121.24202728 67.20201874 121.03807068
H 122.93949127 67.21748352 120.89568329
C 109.09116364 84.90932465 127.76233673
H 109.70306396 85.42818451 128.47384644
H 108.24825287 84.64439392 128.37945557
C 123.47389984 83.61972046 131.06324768
H 123.10490417 84.49948883 130.64840698
H 124.49501038 83.45288086 130.77455139
C 112.53457642 68.63359070 129.52844238
H 111.69737244 68.12224579 129.86186218
H 113.33358002 67.99767303 129.23854065
C 123.50116730 83.83048248 132.56546021
H 122.42237854 84.08068848 132.80160522
H 123.68624878 82.82888031 133.04054260
H 124.21517944 84.55892944 132.89372253
C 108.77008057 86.06058502 126.69696045
H 108.61255646 85.52879333 125.74899292
H 107.85005188 86.74475098 126.80123901
H 109.64060974 86.61302185 126.46430969
C 121.92857361 67.91925812 119.19622803
H 122.28815460 67.03907776 118.68466949
H 120.84058380 68.02986145 119.00205994
H 122.47325134 68.74259186 118.76846313
C 113.04169464 69.46262360 130.74096680
H 114.00548553 69.97241974 130.47760010
H 112.42755890 70.28788757 130.96911621
H 113.15028381 68.83172607 131.57414246
C 116.26908112 62.84007645 125.66875458
C 115.19546509 63.25582504 126.52771759
C 115.17023468 62.72900009 127.86103821
C 116.20588684 61.85316086 128.34230042
C 117.23503113 61.48999023 127.51140594
C 117.28806305 61.97916031 126.17570496
H 116.16593933 63.18229675 124.67436981
H 116.16889954 61.49915314 129.32054138
C 113.94776154 64.13697052 126.23983765
C 113.26233673 64.09086609 127.65356445
C 113.96284485 63.23460388 128.50564575
C 112.18873596 64.65376282 128.30773926
C 112.02333832 64.11544037 129.61386108
S 113.29425049 63.00028229 130.11445618
C 118.47080231 60.56293869 127.81917572
C 119.05146790 60.48070908 126.42591858
C 118.44026947 61.34551239 125.52761841
C 120.16287994 59.77573013 125.78015900
C 120.30947113 60.08209610 124.40496826
S 119.15619659 61.32707596 123.91568756
C 110.89646912 64.62716675 130.30531311
S 110.88710022 65.72332764 127.96440887
S 121.28053284 58.52826691 126.23330688
C 121.28420258 59.34871674 123.73958588
C 110.13603210 65.48711395 129.50892639
C 121.98836517 58.43304825 124.57585907
H 110.63853455 64.38938904 131.33255005
H 121.54293823 59.60606003 122.74723053
C 122.79846954 57.42014313 124.08158112
C 123.79216766 57.22511673 123.09919739
C 124.34322357 58.29727936 122.16714478
C 124.43503571 55.91448212 122.77493286
C 125.34705353 57.61168289 121.38018799
O 124.08337402 59.52137375 122.19610596
C 125.42240143 56.21060562 121.74037170
C 124.15705872 54.65045547 123.23947906
C 126.05925751 58.17874908 120.33508301
C 126.41442108 55.43378448 121.07047272
C 123.04697418 54.21575165 124.11014557
C 124.70766449 53.49793243 122.62503052
C 126.94611359 57.38046646 119.59220123
H 125.82235718 59.23049164 120.04953766
C 127.07920837 56.05760574 119.93472290
H 126.49143219 54.34067154 121.21556854
N 122.18154144 53.85007095 124.79328918
N 125.11191559 52.50508499 122.10968018
H 127.49348450 57.86377716 118.77362061
H 127.62068176 55.45095062 119.29303741
H 122.61306000 56.65114212 124.79190063
C 109.19179535 66.39312744 130.08755493
C 108.08193970 66.34281921 130.95317078
C 107.78660583 65.17308044 131.75749207
C 107.16684723 67.46354675 131.31417847
C 106.61230469 65.51174927 132.51545715
O 108.37194061 64.11823273 131.76487732
C 106.15605927 66.83878326 132.28282166
C 107.09217072 68.80464172 130.89181519
C 105.98390961 64.67864990 133.43127441
C 104.95896149 67.28682709 132.94856262
C 108.01148224 69.47374725 130.09922791
C 105.99019623 69.70076752 131.14799500
C 104.83235931 65.14054871 134.09555054
H 106.33377838 63.69283295 133.63771057
C 104.27492523 66.41425323 133.82965088
H 104.58715820 68.31369019 132.80230713
N 108.75394440 70.05327606 129.40890503
N 105.11842346 70.40819550 131.40364075
H 104.33884430 64.53952026 134.87498474
H 103.31336212 66.66622925 134.28213501
H 109.38229370 67.36455536 129.66923523
C 118.03356171 59.13794708 128.31558228
C 118.89334106 58.35937881 129.14701843
C 116.67460632 58.68147659 128.03167725
C 118.55932617 57.07120514 129.41540527
H 119.91542053 58.56493378 129.35020447
C 116.39956665 57.40267181 128.44679260
H 115.99119568 59.33540344 127.43722534
C 117.29945374 56.55435562 129.13145447
H 119.28043365 56.51088333 129.92181396
H 115.41986084 57.03895950 128.18362427
C 112.97488403 63.60171127 125.17707062
C 111.77552795 64.36446381 124.89470673
C 113.12111664 62.44945526 124.51963043
C 110.77381897 63.81874847 124.10000610
H 111.58361053 65.35504913 125.32212830
C 112.06495667 61.88182831 123.69647217
H 113.95559692 61.81715012 124.59011078
C 110.84343719 62.54408646 123.49270630
H 109.86785889 64.47820282 123.93258667
H 112.10290527 60.88383102 123.33042908
C 114.35193634 65.65596008 125.94385529
C 114.76179504 66.47142029 127.05989838
C 114.39723206 66.23618317 124.68420410
C 115.06932831 67.80992126 126.89106750
H 114.92620087 66.05889893 127.95861816
C 114.72664642 67.64182281 124.51357269
H 114.28550720 65.53474426 123.89490509
C 115.01698303 68.40284729 125.65434265
H 115.28901672 68.33528137 127.83300781
H 114.72097778 68.07878113 123.50336456
C 119.26956940 61.40153885 128.96481323
C 119.04684448 61.35204315 130.35836792
C 120.32834625 62.25892639 128.55465698
C 119.64405823 62.26060867 131.25526428
H 118.33381653 60.66061783 130.70143127
C 120.94738770 63.20407104 129.40708923
H 120.47529602 62.46011353 127.44943237
C 120.60696411 63.19401550 130.77314758
H 119.27777863 62.16548538 132.27923584
H 121.75515747 63.81959152 128.95936584
C 115.25067139 69.94081879 125.57726288
H 114.24741364 70.32998657 125.36133575
H 115.62790680 70.24096680 126.51401520
C 116.21427917 70.41209412 124.46237946
H 117.20310974 70.00666046 124.77300262
H 115.96278381 69.89781189 123.56412506
C 116.34541321 71.95409393 124.30586243
H 115.27398682 72.24572754 124.19303131
H 116.73898315 72.33690643 125.18516541
C 116.85030365 55.18416595 129.66812134
H 116.81359863 54.38283157 128.92265320
H 117.66455841 54.80681229 130.31042480
C 115.55699921 55.31224442 130.48898315
H 115.59265900 56.15811920 131.17346191
H 114.70126343 55.50933075 129.84045410
C 115.24883270 54.07404327 131.37338257
H 116.17392731 53.98970413 132.01014709
H 115.08645630 53.21187210 130.84529114
C 121.31845856 64.08722687 131.67385864
H 122.20475006 63.55047607 131.98010254
H 121.79737854 64.88834381 131.03507996
C 120.51069641 64.81782532 132.74652100
H 120.93827820 65.81455231 132.90811157
H 119.51348877 64.95829010 132.34983826
C 120.39291382 64.03503418 134.07841492
H 119.43752289 64.10920715 134.52886963
H 120.55412292 62.97537231 133.81463623
C 109.76349640 62.05066299 122.59303284
H 110.16444397 61.73490143 121.63328552
H 109.13507843 62.91641235 122.28157806
C 108.81306458 60.98479462 123.18353271
H 109.47754669 60.16265869 123.48435974
H 108.23883057 61.40987396 124.04061127
C 107.83638000 60.58366013 122.08691406
H 108.32839203 59.96191025 121.25896454
H 107.42110443 61.41320419 121.51295471
C 114.06904602 54.16183853 132.20684814
H 114.05586243 55.12923431 132.68104553
H 113.14475250 54.14846039 131.57975769
C 106.63729858 59.94009399 122.63414764
H 106.97177887 59.10301971 123.25082397
H 106.01580811 60.48901367 123.33834076
C 121.54676056 64.40158844 135.11755371
H 122.47872162 64.70323181 134.61247253
H 121.09995270 65.34651947 135.48706055
C 117.14447784 72.49673462 123.02989197
H 117.01705933 71.90464020 122.10875702
H 116.83206940 73.54936218 122.90927124
C 121.69943237 63.40164948 136.25311279
H 121.61599731 62.38217545 135.85279846
H 121.06484222 63.59762573 137.11686707
C 105.75051117 59.38199997 121.53994751
H 106.21666718 58.58229065 121.06803131
H 105.61049652 60.18976974 120.82630157
C 113.87911987 53.14621735 133.35729980
H 113.06069946 53.55543900 133.99945068
H 114.77660370 53.07600784 133.98603821
C 118.67382812 72.51617432 123.33177185
H 118.77071381 73.11498260 124.27563477
H 119.03793335 71.49024200 123.46460724
C 113.41971588 51.76393509 132.92936707
H 113.48553467 51.03961945 133.70692444
H 112.31277466 51.89185333 132.69378662
H 113.92063904 51.42328644 132.00709534
C 104.39185333 58.96134186 122.07199860
H 103.85028076 58.46765518 121.24630737
H 104.44223022 58.28174210 122.95943451
H 103.76322937 59.81888199 122.30184174
C 123.05933380 63.48878098 136.94737244
H 123.49323273 62.55138397 137.07403564
H 123.71489716 64.16315460 136.51423645
H 123.01562500 63.80258942 138.02917480
C 119.49832916 73.24047852 122.25785828
H 120.24455261 73.78157043 122.90181732
H 119.98442841 72.57924652 121.49654388
H 118.90506744 73.96704102 121.72868347
",0.000
27,"372

C 110.75489044 91.97405243 60.82682419
C 111.93036652 92.59612274 61.14442062
C 112.86535645 91.81636810 61.93230820
C 112.67348480 90.46102142 62.37880707
C 111.53417206 89.82685089 61.87086487
C 110.56014252 90.53487396 61.06166077
H 109.93374634 92.53826141 60.33053589
H 113.28965759 90.10378265 63.21046829
C 112.50796509 93.92282104 60.76018143
C 113.80875397 93.94487000 61.58107376
C 113.95677948 92.73487091 62.27954102
C 114.88574982 94.80558777 61.84548950
C 115.76481628 94.33635712 62.80477524
S 115.27780151 92.75041199 63.36516571
C 111.12046051 88.31494141 61.85108566
C 109.71176910 88.41973877 61.34211731
C 109.41996765 89.68941498 60.87653351
C 108.60888672 87.55200195 61.03397369
C 107.49382782 88.21250916 60.42675781
S 107.87883759 89.94720459 60.19198608
C 116.83055878 95.14961243 63.14992905
S 115.34014130 96.41699219 61.31349564
S 108.31421661 85.87677002 61.08986664
C 106.44335938 87.40396118 59.88270950
C 116.73173523 96.37921906 62.39165115
C 106.74462891 86.05445099 60.21477127
H 117.52256775 94.99449921 63.94879150
H 105.55531311 87.70365906 59.35702515
C 105.95585632 85.08152008 59.58409500
C 104.57898712 84.83519745 59.37499619
C 103.39044189 85.66204071 59.84412384
C 104.04182434 83.78497314 58.49707031
C 102.20779419 84.98508453 59.41032410
O 103.42010498 86.63916016 60.52873611
C 102.57019043 83.90431213 58.56229019
C 104.71028137 82.76618958 57.71031570
C 100.90070343 85.24790955 59.91112518
C 101.51934814 83.28527832 57.92565155
C 106.17901611 82.68152618 57.45650482
C 104.08076477 81.78912354 56.90090179
C 99.88854218 84.38351440 59.39274216
H 100.61798859 85.87560272 60.73028946
C 100.14871979 83.43282318 58.35886002
H 101.66148376 82.51216888 57.12883377
N 107.30986786 82.66536713 57.27753067
N 103.63321686 80.94550323 56.28010941
H 98.84785461 84.58132172 59.80026627
H 99.36534882 82.72479248 58.15245819
H 106.72539520 84.32861328 59.28862381
C 117.49824524 97.44974518 62.84875870
C 118.77910614 97.72090912 63.21868896
C 119.88110352 96.80754089 63.00449371
C 119.29244995 98.99219513 63.73606491
C 121.12387085 97.44146729 63.44880676
O 119.84112549 95.69557953 62.50665665
C 120.77449036 98.75675964 63.89427567
C 118.61814117 100.18301392 63.93849564
C 122.39543152 96.91638184 63.45202637
C 121.89723206 99.54399872 64.31848907
C 117.22827911 100.54941559 63.70938873
C 119.20883942 101.37512970 64.49832153
C 123.49388123 97.71916199 63.96317673
H 122.59037018 95.92687988 63.08902740
C 123.18177795 99.05765533 64.29518127
H 121.71056366 100.61245728 64.64708710
N 116.09635925 100.77655029 63.58155823
N 119.79605865 102.30279541 64.89987183
H 124.57336426 97.32228851 63.95059967
H 123.99219513 99.71224976 64.55973053
H 116.77625275 98.19097900 62.86722565
C 111.12354279 87.85815430 63.31233215
C 110.92091370 88.78229523 64.39827728
C 111.25468445 86.49572754 63.64388275
C 111.10332489 88.40961456 65.72748566
H 110.77676392 89.85231018 64.21778107
C 111.39996338 86.03957367 64.99332428
H 111.34648132 85.77662659 62.84213257
C 111.21997833 86.98836517 66.01500702
H 111.13843536 89.10746765 66.53901672
H 111.50021362 85.01914978 65.10514832
C 111.66509247 95.17547607 61.02462006
C 111.75239563 96.36820221 60.24011993
C 110.83742523 95.14188385 62.17963791
C 110.84597778 97.42375946 60.47661591
H 112.37969971 96.45421600 59.34155273
C 109.95727539 96.26402283 62.49053574
H 110.71766663 94.30587769 62.85446548
C 110.04014587 97.39859772 61.64040375
H 110.88992310 98.25477600 59.85506058
H 109.24637604 96.27983093 63.33366013
C 112.83178711 93.87189484 59.20856476
C 114.17121887 93.79336548 58.72583389
C 111.80896759 93.80433655 58.28160477
C 114.43607330 93.73218536 57.29726410
H 115.07767487 93.83632660 59.36184692
C 112.04448700 93.48417664 56.91507721
H 110.80051422 93.85120392 58.52021027
C 113.41256714 93.43424225 56.45320511
H 115.45888519 93.74004364 56.88711929
H 111.17564392 93.46392822 56.24676895
C 112.12869263 87.52135468 60.89738083
C 111.72157288 87.28520966 59.57046127
C 113.36414337 87.07694244 61.34577179
C 112.62673950 86.57981110 58.71984863
H 110.75408936 87.60053253 59.23736954
C 114.20875549 86.32577515 60.44990158
H 113.72312164 87.33593750 62.33545685
C 113.87844849 86.15082550 59.11085129
H 112.33139038 86.41064453 57.73033524
H 115.15074158 85.88670349 60.82430649
C 113.74137115 93.19064331 55.02495575
H 113.98204803 94.14051056 54.54954910
H 114.64289856 92.67491913 55.01071548
C 112.75309753 92.36529541 54.21245193
H 112.27370453 91.56963348 54.82985687
H 111.91122437 93.05176544 53.87528229
C 113.43085480 91.60869598 53.09508514
H 114.22388458 90.83053589 53.31048965
H 112.72909546 90.93849182 52.68971634
C 111.40285492 86.58995819 67.49166107
H 111.72676849 85.54869080 67.48365784
H 112.18663788 87.26480865 67.77273560
C 110.19324493 86.83892059 68.42819977
H 110.04081726 87.94498444 68.42845154
H 109.31204224 86.30560303 68.05953217
C 110.51392365 86.42089081 69.91448975
H 111.23043060 87.08568573 70.43552399
H 110.85486603 85.38623810 69.90238953
C 114.82817841 85.50903320 58.12541199
H 115.35393524 86.41902161 57.85768509
H 115.53168488 84.90237427 58.70271683
C 114.24180603 84.73727417 56.94467545
H 113.61269379 85.37141418 56.33141327
H 115.01557922 84.34465790 56.26659393
C 113.48716736 83.51489258 57.45386505
H 114.25749207 82.84295654 57.84784317
H 112.85366821 83.84992218 58.26668167
C 109.23197937 98.61440277 61.97422028
H 109.82321930 99.58744812 61.76335144
H 109.06406403 98.65695190 63.03913498
C 107.82584381 98.74378967 61.44990158
H 107.93697357 99.08502960 60.46126938
H 107.25545502 97.77974701 61.47449493
C 106.97366333 99.79896545 62.24682236
H 107.50571442 100.67888641 62.10792160
H 107.12138367 99.66806030 63.25783539
C 109.33602142 86.49960327 70.91544342
H 109.58905029 86.22822571 71.89958191
H 109.14485168 87.57312012 71.05521393
C 105.51422119 100.02988434 61.76521301
H 105.59056854 100.42775726 60.79563141
H 104.88674927 99.11716461 61.80593109
C 112.74662781 82.80799866 56.23093033
H 112.21797180 83.57669830 55.73363495
H 113.43602753 82.44099426 55.50846100
C 113.94961548 92.49649048 51.95531082
H 113.23506165 93.14619446 51.49301910
H 114.71915436 93.13119507 52.44951630
C 111.87023926 81.66860962 56.70050812
H 112.50741577 81.09552002 57.44993973
H 111.59615326 80.93987274 55.89259720
C 104.80470276 101.03443146 62.63278198
H 104.96679688 100.73413086 63.68497086
H 103.74364471 100.85350037 62.39942551
C 108.02052307 85.95887756 70.37770844
H 108.06309509 84.88844299 70.15112305
H 107.76826477 86.48954010 69.43412781
C 114.57963562 91.54717255 50.85659027
H 115.41683197 91.05973053 51.24614334
H 113.86901093 90.82483673 50.50627518
C 106.95914459 86.19039917 71.40230560
H 106.01237488 85.79783630 71.18939209
H 107.22930908 85.65493011 72.34273529
H 106.73951721 87.18929291 71.59717560
C 105.11230469 102.45166779 62.26082611
H 104.65424347 103.11605835 63.02953720
H 106.15499878 102.74402618 62.24857330
H 104.81337738 102.73825836 61.33108521
C 110.48715973 82.09054565 57.22284317
H 110.04849243 81.28278351 57.80146027
H 110.53451538 82.96482086 57.83577728
H 109.85146332 82.20558167 56.47069550
C 115.12302399 92.34582520 49.72633743
H 116.02493286 92.95473480 50.06319427
H 115.52601624 91.72367096 48.96056366
H 114.37973785 93.05721283 49.31722260
C 106.12849426 107.46678925 69.99716949
C 105.21546936 108.06970978 69.16952515
C 104.54072571 107.29798126 68.11306000
C 105.00527954 106.05117035 67.74158478
C 105.99552155 105.44727325 68.52333069
C 106.57129669 106.14476776 69.67394257
H 106.51612854 108.06464386 70.73857880
H 104.68012238 105.54821014 66.87416840
C 104.57733917 109.47809601 69.41001129
C 103.45218658 109.33946991 68.27705383
C 103.49806213 108.12689972 67.58182526
C 102.51511383 110.13195801 67.71668243
C 101.90483093 109.53582001 66.56858063
S 102.43321228 107.93235016 66.27270508
C 106.75799561 104.09934998 68.31307983
C 107.74702454 104.10100555 69.55587006
C 107.61710358 105.34099579 70.25016022
C 108.72265625 103.19659424 70.12492371
C 109.34798431 103.76188660 71.25920868
S 108.69248199 105.33304596 71.63856506
C 100.92995453 110.38845825 65.98252106
S 101.86063385 111.69146729 68.10686493
S 109.42194366 101.57672119 69.74568176
C 110.33982086 102.93027496 71.77535248
C 100.83132935 111.65389252 66.69168091
C 110.42228699 101.68784332 71.20551300
H 100.24172211 110.09828949 65.15481567
H 111.02368164 103.21188354 72.59524536
C 111.52098083 100.89807129 71.48145294
C 112.17773438 100.49762726 72.65432739
C 111.65260315 100.67168427 73.97797394
C 113.57745361 99.94184875 72.67052460
C 112.75871277 100.26136017 74.87896729
O 110.51603699 101.09101105 74.26588440
C 113.96483612 99.94363403 74.11224365
C 114.44652557 99.56308746 71.58988190
C 112.77957153 100.22814941 76.27185822
C 115.13367462 99.49030304 74.84449768
C 114.10257721 99.19586945 70.25273895
C 115.83116913 99.44048309 71.75994873
C 113.99351501 99.89936829 76.91752625
H 111.87413788 100.37353516 76.77747345
C 115.11554718 99.53211975 76.23580933
H 115.94031525 99.01383972 74.28420258
N 113.82442474 98.88679504 69.14545441
N 116.99954224 99.30361176 71.96033478
H 113.94406128 99.86521149 77.95520020
H 116.02618408 99.18540955 76.68959045
H 111.98603821 100.55587769 70.55177307
C 99.93664551 112.58248138 66.15115356
C 99.52712250 113.06163788 64.93782043
C 99.91332245 112.53577423 63.59888458
C 98.58683014 114.17541504 64.60787964
C 99.08553314 113.09746552 62.58169556
O 100.83032227 111.74435425 63.44187927
C 98.31311035 114.16047668 63.11886978
C 97.97117615 115.06581879 65.53887939
C 99.12661743 112.80381012 61.22673035
C 97.46663666 114.85923004 62.19079208
C 98.14006805 115.23542786 66.91667938
C 96.83016205 115.81729889 65.30908203
C 98.29698944 113.53680420 60.35880661
H 99.80656433 112.12599182 60.69257355
C 97.46205902 114.54716492 60.81361771
H 96.86324310 115.69488525 62.47140121
N 98.35800934 115.44631195 68.04874420
N 95.86894226 116.40825653 65.12910461
H 98.24666595 113.38087463 59.26527405
H 96.77050781 115.10044861 60.27161026
H 99.53894043 113.12883759 66.93385315
C 107.50399780 104.08670044 66.90456390
C 108.84695435 104.36457062 66.78841400
C 106.80499268 103.99037933 65.66847992
C 109.52084351 104.54337311 65.56050873
H 109.48680115 104.42958832 67.67327881
C 107.41281128 104.16497803 64.41368866
H 105.76837158 103.77048492 65.71123505
C 108.79636383 104.46835327 64.38739014
H 110.59452057 104.79581451 65.59638214
H 106.86491394 104.09484863 63.49659729
C 105.74607849 110.44689178 68.97789764
C 106.78326416 110.62114716 69.95304108
C 105.79151917 111.23640442 67.79248047
C 107.81182861 111.54264069 69.76764679
H 106.66566467 110.11409760 70.91367340
C 106.94696808 111.93949890 67.57974243
H 104.97245789 111.16455841 67.08464813
C 107.87023163 112.25095367 68.52154541
H 108.58329010 111.81552887 70.40297699
H 107.07961273 112.29495239 66.58492279
C 103.85034180 109.65403748 70.80638885
C 103.24053955 108.61284637 71.46243286
C 103.88840485 110.96775055 71.36994171
C 102.65417480 108.88784790 72.70682526
H 103.19725800 107.58881378 71.08419800
C 103.34943390 111.20785522 72.61260986
H 104.31623840 111.75024414 70.79232788
C 102.75363922 110.16329193 73.31692505
H 102.17656708 108.01338196 73.22888947
H 103.38209534 112.24341583 72.97135162
C 105.89190674 102.81191254 68.42572021
C 106.44865417 101.52889252 68.21462250
C 104.47830963 102.88591003 68.50772095
C 105.71917725 100.32949066 68.25127411
H 107.43360901 101.45640564 67.93097687
C 103.72111511 101.67008972 68.62191772
H 103.96549988 103.81912231 68.66633606
C 104.31558228 100.40119171 68.46531677
H 106.14171600 99.37089539 68.11888123
H 102.67685699 101.77349854 68.83517456
C 102.22619629 110.39643860 74.77568817
H 102.05612183 111.40214539 75.09533691
H 101.32749176 109.74805450 74.63734436
C 103.18981934 109.89335632 75.88755035
H 103.13790131 108.82285309 75.82994843
H 104.30572510 110.06558228 75.70671844
C 102.79875183 110.56951141 77.28684998
H 102.94873047 111.59381866 77.30584717
H 101.73084259 110.34631348 77.53722382
C 109.56786346 104.67819214 63.10578537
H 109.26222992 105.68590546 62.79133987
H 110.59111786 104.77432251 63.18177414
C 109.27388000 103.66447449 61.95010757
H 109.42178345 102.59495544 62.27589417
H 108.20574951 103.81297302 61.63888168
C 110.31647491 103.85836792 60.76269913
H 111.22098541 103.42503357 61.12924576
H 110.47459412 104.94630432 60.50927353
C 103.50705719 99.12426758 68.63559723
H 104.14068604 98.35933685 69.09762573
H 102.72513580 99.53802490 69.28096771
C 102.90122223 98.44535828 67.38960266
H 102.10700989 99.08102417 66.94861603
H 103.53025818 98.26541901 66.50939178
C 102.30844879 97.02465057 67.69675446
H 103.10343170 96.46586609 68.02502441
H 101.72677612 97.17184448 68.61252594
C 109.10826111 113.07216644 68.22129822
H 109.97311401 112.81478119 68.82878113
H 108.89043427 114.09465790 68.63671875
C 109.62912750 113.06761169 66.78016663
H 108.81301117 113.28970337 66.08081055
H 110.47075653 113.72499084 66.78199005
C 110.19573975 111.76017761 66.30404663
H 109.44806671 111.03420258 66.28881836
H 110.90782166 111.33636475 67.01916504
C 109.96007538 103.04350281 59.49786758
H 109.15746307 103.52273560 58.94796753
H 110.81901550 103.15695953 58.78153229
C 111.00751495 111.74925232 64.96871185
H 111.30002594 110.78638458 64.64965057
H 110.32569122 112.18672180 64.19803619
C 101.43852234 96.21148682 66.66442871
H 100.72429657 96.85263062 66.16830444
H 102.08934021 95.77172089 65.93192291
C 103.62378693 110.04152679 78.46706390
H 103.64535522 108.94355774 78.45743561
H 104.59747314 110.36911011 78.29419708
C 100.73255157 95.09150696 67.49982452
H 100.19459534 94.46260834 66.70932770
H 99.93644714 95.50591278 68.16259766
C 112.30800629 112.59352112 64.93540955
H 113.07277679 112.05081940 64.33123016
H 112.71297455 112.74205017 65.91666412
C 109.83816528 101.59558105 59.54383850
H 109.08830261 101.34527588 60.32272339
H 110.79605103 101.13443756 59.92662048
C 103.21635437 110.59414673 79.82122803
H 103.49859619 111.59223938 79.90828705
H 102.21380615 110.44047546 80.03212738
C 109.44017029 100.91680908 58.21960831
H 108.39376068 101.09462738 57.96602631
H 110.08115387 101.06185913 57.33580780
H 109.55193329 99.82997131 58.30776215
C 112.25172424 113.94189453 64.23153687
H 111.39647675 114.49858856 64.58255768
H 113.14118195 114.54888916 64.39901733
H 112.05095673 113.78887939 63.21792603
C 101.53205109 94.01406097 68.24237823
H 102.00567627 94.47911835 69.15542603
H 100.83889008 93.28411102 68.75457764
H 102.27135468 93.51360321 67.54728699
C 103.93495941 109.93394470 80.95532990
H 104.97277069 109.72212219 80.69752502
H 103.89949036 110.59710693 81.82340240
H 103.46566010 109.00648499 81.26290894
",0.000
28,"372

C 80.38895416 116.31815338 127.87078857
C 80.72072601 115.54959106 126.71893311
C 81.27684784 116.15482330 125.54995728
C 81.52725220 117.57410431 125.54108429
C 81.14839172 118.35817719 126.62683105
C 80.59212494 117.69789886 127.79922485
H 80.04412842 115.80545044 128.73023987
H 82.03484344 118.05702209 124.66192627
C 80.55867767 114.06475830 126.53678894
C 81.04475403 113.92146301 125.09590912
C 81.54260254 115.12734985 124.60874176
C 81.31882477 112.85826111 124.23106384
C 81.86511993 113.22722626 123.02130127
S 82.22505951 114.96006775 123.01079559
C 81.15592957 119.90440369 126.90646362
C 80.90740204 119.89620209 128.43931580
C 80.57411194 118.60890961 128.85900879
C 80.99256897 120.81118011 129.51933289
C 80.71776581 120.25361633 130.76716614
S 80.18432617 118.61121368 130.54020691
C 82.11925507 112.16525269 122.17227173
S 81.02055359 111.14567566 124.33429718
S 81.60590363 122.42841339 129.62339783
C 80.63578796 121.13494110 131.84768677
C 81.75175476 110.91931152 122.71024323
C 81.15630341 122.37323761 131.37030029
H 82.56647491 112.26320648 121.19793701
H 80.28215790 120.92802429 132.88285828
C 80.92725372 123.59405518 132.19461060
C 80.96792603 123.86338043 133.54463196
C 81.55778503 122.94624329 134.54466248
C 80.59073639 125.11582947 134.28295898
C 81.49630737 123.63352203 135.83547974
O 82.06201172 121.81152344 134.40254211
C 81.00873566 124.94770813 135.67832947
C 79.91256714 126.22772217 133.82017517
C 81.86555481 123.12355804 137.04310608
C 80.83377838 125.66578674 136.87889099
C 79.12819672 126.18909454 132.63710022
C 79.59886169 127.39868927 134.48725891
C 81.71694946 123.88516998 138.25271606
H 82.21109009 122.13388824 137.19659424
C 81.13004303 125.20478058 138.18168640
H 80.46301270 126.68373108 136.88482666
N 78.54519653 126.16193390 131.65199280
N 79.38086700 128.39804077 135.08374023
H 81.83351898 123.54190063 139.26277161
H 80.98332214 125.76470947 139.09754944
H 80.73014069 124.44323730 131.54129028
C 81.78717804 109.73818207 121.90509033
C 82.44427490 109.30657196 120.80696869
C 83.62451935 109.94701385 120.15236664
C 82.31111145 108.01448059 120.09734344
C 83.97425842 109.19992065 118.98322296
O 84.26110840 110.95431519 120.52868652
C 83.26335144 107.98990631 118.98757172
C 81.39515686 106.93615723 120.35887146
C 84.83852386 109.59601593 117.96022797
C 83.64136505 107.06543732 117.95579529
C 80.47088623 106.82916260 121.40872192
C 81.13491058 105.82129669 119.51966858
C 85.18594360 108.64019775 116.96632385
H 85.22408295 110.58331299 117.86429596
C 84.65809631 107.36280060 117.04106903
H 83.15519714 106.20176697 117.80570221
N 79.67358398 106.69302368 122.24662018
N 81.00828552 104.92119598 118.81192017
H 85.95699310 108.80391693 116.25573730
H 84.99636841 106.61793518 116.32814026
H 81.08364868 109.01596069 122.31880188
C 79.98480225 120.52623749 126.16299438
C 78.76121521 120.84502411 126.82382965
C 80.08711243 120.81208038 124.80576324
C 77.76774597 121.51953125 126.12921906
H 78.52001953 120.51499176 127.82765961
C 79.04297638 121.48637390 124.11079407
H 80.96112061 120.56376648 124.28816986
C 77.89202881 121.85065460 124.75782013
H 76.80648804 121.75555420 126.60592651
H 79.06562805 121.57240295 123.01383209
C 79.02258301 113.66481018 126.48413086
C 78.61753845 112.35965729 126.32517242
C 77.95774078 114.61746216 126.40585327
C 77.28639984 111.96977234 126.24035645
H 79.29636383 111.52152252 126.45384216
C 76.67469788 114.22966003 126.17060089
H 78.17565155 115.66785431 126.37033081
C 76.28001404 112.93008423 126.10977173
H 76.99791718 110.92918396 126.25848389
H 75.93565369 115.02381897 126.17696381
C 81.32715607 113.26217651 127.62512207
C 80.74080658 112.84411621 128.82609558
C 82.69702148 112.95573425 127.38710785
C 81.55872345 112.07388306 129.69122314
H 79.66876221 113.03575897 129.09461975
C 83.53874969 112.26854706 128.32952881
H 83.19270325 113.22371674 126.47290802
C 82.97425079 111.89080048 129.53784180
H 81.09747314 111.68073273 130.53106689
H 84.56196594 112.24498749 128.14382935
C 82.48697662 120.65780640 126.59591675
C 83.66637421 119.96109009 126.74642181
C 82.54596710 122.00386810 126.16310883
C 84.90969086 120.50001526 126.36685944
H 83.68032837 118.98048401 127.04586792
C 83.79624939 122.49365234 125.69918823
H 81.58386230 122.53363800 126.07042694
C 85.00280762 121.79554749 125.86347198
H 85.78665924 119.94364929 126.46801758
H 83.75006866 123.52923584 125.32028961
C 83.86939240 111.30306244 130.62875366
H 84.75033569 110.88531494 130.12312317
H 84.22875977 112.16721344 131.26370239
C 83.18132019 110.24241638 131.49763489
H 82.41230011 110.75132751 132.18150330
H 82.53354645 109.59716797 130.85501099
C 84.18975067 109.23244476 132.09991455
H 84.75290680 108.84396362 131.21981812
H 84.80015564 109.74151611 132.87071228
C 76.78808594 122.59214783 124.04831696
H 76.37251282 122.02487946 123.29620361
H 75.97188568 122.75573730 124.70571136
C 77.25525665 123.91833496 123.44062042
H 77.75943756 124.49710083 124.21169281
H 77.86214447 123.65114594 122.55613708
C 76.09237671 124.79378510 122.81976318
H 75.60359955 124.19493866 122.05080414
H 76.55024719 125.57223511 122.16561890
C 86.33042145 122.36615753 125.59252167
H 86.42240143 123.33750916 126.12256622
H 87.15184784 121.75289917 125.98659515
C 86.58292389 122.52506256 124.09464264
H 86.35053253 121.54872131 123.59432220
H 85.91581726 123.27581024 123.76062775
C 87.94297791 123.00045776 123.70346832
H 88.14852142 123.96289062 124.03636169
H 88.63622284 122.36158752 124.21627045
C 74.87850952 112.49829102 125.83988953
H 74.27433014 112.32656860 126.69386292
H 74.89427948 111.51686096 125.35819244
C 74.02616882 113.33342743 124.87281799
H 73.15081787 112.72808838 124.63129425
H 73.79997253 114.36882782 125.32099915
C 74.76929474 113.60856628 123.53794861
H 75.03327942 112.70426941 123.05880737
H 75.71463013 114.00241852 123.78287506
C 75.15575409 125.47314453 123.82844543
H 74.71596527 124.70533752 124.48778534
H 75.77230835 126.11499786 124.43589020
C 73.88440704 114.39799500 122.59313202
H 72.88647461 113.94348145 122.42163086
H 73.65426636 115.37963104 123.05261230
C 88.20661926 123.13587189 122.19789124
H 87.69557190 122.34294891 121.69120789
H 87.69048309 124.09484100 121.95821381
C 83.36301422 108.02946472 132.84017944
H 82.53419495 107.67094421 132.24069214
H 84.01770020 107.17658234 132.91474915
C 89.64494324 123.16949463 121.72492218
H 90.19135284 122.25624084 121.94979095
H 90.29366302 123.84895325 122.26490021
C 74.46660614 114.43373871 121.22180176
H 73.75939941 114.73664856 120.40644073
H 74.73217010 113.40984344 120.87862396
C 74.02128601 126.28563690 123.24412537
H 73.23812103 125.67308044 122.88930511
H 74.38291931 126.88689423 122.41964722
C 82.86047363 108.39626312 134.27059937
H 83.69796753 108.61347961 134.94273376
H 82.42701721 109.36166382 134.17869568
C 73.47884369 127.18456268 124.38031769
H 73.21469879 126.64373779 125.30339050
H 74.19657898 127.96887970 124.64056396
H 72.55615997 127.67953491 123.98027802
C 75.74993134 115.30218506 121.04021454
H 76.58397675 114.71774292 121.30535889
H 75.85198212 115.44927979 120.01865387
H 75.72618866 116.29262543 121.35882568
C 89.85530853 123.53070831 120.23464203
H 89.36421967 122.78500366 119.59210205
H 89.33367157 124.47513580 119.95130157
H 90.88175201 123.55284882 119.87419128
C 81.91210938 107.41535187 134.88299561
H 81.15576935 107.21129608 134.20307922
H 82.47046661 106.44270325 135.02961731
H 81.54621124 107.76559448 135.82653809
C 76.89662170 102.42446136 131.79426575
C 76.54793549 103.78774261 131.72865295
C 77.15396118 104.70823669 132.63452148
C 78.05513000 104.25003815 133.70783997
C 78.34435272 102.82037354 133.77633667
C 77.74946594 101.97260284 132.82334900
H 76.47388458 101.68814850 131.12457275
H 78.41815948 104.96540070 134.43937683
C 75.45695496 104.47879028 130.86045837
C 75.82823181 105.90177917 131.17254639
C 76.70043182 105.99279785 132.25073242
C 75.55271912 107.21608734 130.67996216
C 76.12839508 108.20006561 131.53559875
S 76.97722626 107.56967926 132.92953491
C 79.32235718 102.02398682 134.66571045
C 78.91250610 100.62081146 134.27516174
C 78.07661438 100.60746002 133.16192627
C 78.96337891 99.27660370 134.78350830
C 78.34310913 98.24830627 134.01885986
S 77.45108032 99.05300903 132.63040161
C 75.91914368 109.51493835 131.08216858
S 74.69218445 107.96147919 129.38299561
S 79.64305115 98.56168365 136.24017334
C 78.58395386 96.97853088 134.49290466
C 75.27058411 109.67501068 129.81907654
C 79.30022430 96.87494659 135.71905518
H 76.09634399 110.40457916 131.62403870
H 78.07294464 96.07456970 134.00767517
C 79.66654968 95.72942352 136.50999451
C 80.01434326 94.45698547 136.27935791
C 80.13323212 93.80084991 134.96322632
C 80.15763092 93.37616730 137.26420593
C 80.42031097 92.35803223 135.11044312
O 80.11068726 94.39174652 133.88412476
C 80.49823761 92.10309601 136.51927185
C 79.96088409 93.50878906 138.71496582
C 80.71517944 91.44458008 134.09803772
C 80.96701050 90.80888367 136.88668823
C 79.34442902 94.62663269 139.40464783
C 80.55342102 92.59975433 139.73095703
C 81.17053986 90.19718170 134.52389526
H 80.66009521 91.77683258 133.06713867
C 81.26390076 89.85377502 135.89324951
H 81.04519653 90.63745117 137.99369812
N 78.81537628 95.52814484 139.95278931
N 81.01670074 91.89545441 140.52479553
H 81.48392487 89.51562500 133.70584106
H 81.48802185 88.83208466 136.26399231
H 79.59328461 96.11248779 137.50859070
C 74.76248932 110.94235229 129.34523010
C 75.05401611 112.32597351 129.37339783
C 76.32705688 112.85795593 129.89372253
C 74.10144043 113.41669464 129.06011963
C 76.23293304 114.29399872 129.81530762
O 77.27779388 112.25857544 130.30401611
C 74.92864990 114.67449188 129.33914185
C 72.77089691 113.34674072 128.59925842
C 77.22005463 115.21688843 130.03115845
C 74.61565399 116.02485657 129.12628174
C 71.86653900 112.18321228 128.58383179
C 72.01409149 114.49598694 128.18969727
C 76.92266083 116.58153534 129.79508972
H 78.15320587 114.85749817 130.39242554
C 75.64458466 116.98559570 129.29580688
H 73.64527130 116.36262512 128.83129883
N 71.22219849 111.23625183 128.55921936
N 71.38999176 115.40795898 127.95257568
H 77.75878906 117.24735260 129.93251038
H 75.46942139 118.01414490 129.04235840
H 73.85285187 110.82117462 128.78826904
C 79.06789398 102.12950134 136.18081665
C 80.04235077 101.70494843 137.05104065
C 77.71602631 102.25791931 136.61271667
C 79.74824524 101.32563019 138.37741089
H 81.01609039 101.62422180 136.61186218
C 77.42337799 101.88444519 137.90621948
H 76.95021820 102.53012848 135.90858459
C 78.41303253 101.44255066 138.79595947
H 80.44000244 100.85593414 138.98510742
H 76.44677734 102.09583282 138.19487000
C 74.09599304 104.09729767 131.35260010
C 73.28733063 104.99954987 132.09133911
C 73.59726715 102.75662231 131.18658447
C 72.00836182 104.70882416 132.54502869
H 73.67201996 106.01512909 132.18661499
C 72.34344482 102.41838837 131.77453613
H 74.29645538 102.01578522 130.76322937
C 71.54946136 103.39191437 132.41854858
H 71.36122131 105.38118744 132.98588562
H 72.05390930 101.34297943 131.75198364
C 75.48203278 104.25501251 129.32806396
C 74.45266724 104.81443787 128.48327637
C 76.53742218 103.53484344 128.68489075
C 74.40182495 104.57900238 127.12744904
H 73.59071350 105.20201111 129.05189514
C 76.50307465 103.41217804 127.29777527
H 77.31467438 103.12093353 129.23608398
C 75.47042084 103.91383362 126.50989532
H 73.58407593 105.01835632 126.58943176
H 77.23288727 102.78623962 126.87271118
C 80.72682953 102.48526001 134.17451477
C 81.68945312 101.49079132 133.77182007
C 81.12909698 103.83139801 134.07516479
C 82.96372986 101.88960266 133.26100159
H 81.47571564 100.45001984 133.62167358
C 82.40434265 104.22447205 133.62142944
H 80.48746490 104.53887939 134.53367615
C 83.33477020 103.22752380 133.25343323
H 83.62882996 101.10523987 132.80453491
H 82.68899536 105.23640442 133.52345276
C 75.56275940 103.58699799 125.05095673
H 76.54731750 103.14799500 124.88508606
H 74.82657623 102.75641632 124.85010529
C 75.36653137 104.80189514 124.08314514
H 74.41071320 105.24411774 124.33010864
H 76.11444855 105.66379547 124.21696472
C 75.23101044 104.32547760 122.65171051
H 75.99777985 103.69408417 122.30203247
H 74.31906891 103.71165466 122.58129120
C 78.15666199 101.14205170 140.24337769
H 78.81820679 101.63175964 140.94450378
H 77.16781616 101.46210480 140.47708130
C 78.28152466 99.65927887 140.55535889
H 77.63839722 99.19319916 139.82968140
H 79.30715179 99.29811096 140.39219666
C 77.79489136 99.38377380 141.94212341
H 76.77310944 99.78121185 141.92872620
H 78.34571838 99.93533325 142.66534424
C 84.66580200 103.70068359 132.68800354
H 85.07360077 102.84519196 132.20103455
H 84.48962402 104.35589600 131.81431580
C 85.66532135 104.26301575 133.66760254
H 85.15919495 104.93251038 134.33325195
H 86.08900452 103.49564362 134.16787720
C 86.81216431 104.99421692 133.03910828
H 86.54972839 105.83656311 132.45993042
H 87.43786621 105.41751099 133.83740234
C 70.10755157 103.03088379 132.86901855
H 69.82164764 102.09880829 132.31872559
H 69.48062897 103.81735229 132.57481384
C 69.79850769 102.83663940 134.43728638
H 68.75801849 102.65323639 134.62615967
H 70.39952087 102.09039307 134.90386963
C 70.13835907 104.14182281 135.21589661
H 69.63500214 104.99461365 134.66784668
H 71.18742371 104.20475769 135.14372253
C 77.59558868 97.88313293 142.21719360
H 76.88749695 97.52378845 141.41691589
H 78.56359100 97.29156494 142.17123413
C 69.66451263 104.00462341 136.70635986
H 68.60495758 103.83840942 136.71325684
H 70.27182770 103.19722748 137.08103943
C 87.75039673 104.22972107 132.12933350
H 88.07070923 103.31728363 132.64448547
H 87.14611053 103.92795563 131.28700256
C 75.06155396 105.50304413 121.63031769
H 74.15766907 106.09173584 121.78073120
H 75.79687500 106.25727081 121.69127655
C 88.95973206 105.09623718 131.66909790
H 89.44980621 105.45031738 132.58627319
H 88.72763062 106.01908112 131.09057617
C 70.04791260 105.22359467 137.52474976
H 69.79504395 106.06379700 136.86543274
H 71.08911133 105.21224976 137.81195068
C 76.89926147 97.57550812 143.51058960
H 75.82953644 97.80902863 143.32609558
H 77.37585449 98.17152405 144.33018494
C 75.01563263 105.09651184 120.14976501
H 75.78205109 104.37844086 120.01052856
H 74.04856110 104.60460663 119.97605133
C 77.10727692 96.05494690 143.86941528
H 78.07990265 95.90879059 144.33068848
H 76.32732391 95.73165894 144.51348877
H 77.00544739 95.35785675 142.97268677
C 69.30801392 105.28404999 138.88972473
H 69.65158844 106.11973572 139.46760559
H 68.24977112 105.44401550 138.67869568
H 69.43907166 104.37592316 139.48327637
C 90.01464844 104.42327118 130.73251343
H 90.99059296 104.90241241 130.88626099
H 89.99139404 103.34034729 130.94410706
H 89.81995392 104.49188232 129.70693970
C 75.25922394 106.32402802 119.14826965
H 74.47435760 107.00646210 119.23622894
H 76.24504852 106.79714966 119.23054504
H 75.23541260 105.82109070 118.15875244
",0.000
29,"372

C 67.91177368 125.61610413 82.15516663
C 68.58419800 126.74343109 81.64060974
C 69.71947479 127.33643341 82.22624969
C 70.34563446 126.65493011 83.29535675
C 69.74711609 125.44792175 83.81276703
C 68.56759644 124.94547272 83.16413116
H 66.97803497 125.33879852 81.68565369
H 71.22271729 126.87654114 83.86204529
C 68.07516479 127.64040375 80.37187195
C 69.00741577 128.87503052 80.64057922
C 69.95993805 128.61190796 81.64043427
C 69.28623962 130.07357788 79.98332214
C 70.33293152 130.80027771 80.61540222
S 71.13673401 129.90907288 81.92572021
C 70.27758789 124.55583954 84.97489929
C 69.16423798 123.52642822 84.89618683
C 68.19504547 123.78226471 83.86082458
C 68.89286041 122.30400085 85.53669739
C 67.73317719 121.70106506 85.00962067
S 66.98918152 122.58515930 83.72901917
C 70.50157928 132.07937622 80.11917114
S 68.59020233 130.90782166 78.65862274
S 69.58566284 121.35251617 86.80274963
C 67.45534515 120.45601654 85.64279938
C 69.64691162 132.28465271 78.97963715
C 68.43508911 120.03249359 86.53948212
H 71.16060638 132.82499695 80.54624939
H 66.71044922 119.73996735 85.34661102
C 68.28382111 118.86785889 87.38300323
C 68.20603943 117.46991730 87.24259949
C 68.20315552 116.76048279 85.93431091
C 68.21219635 116.42854309 88.30458069
C 68.33634949 115.28421021 86.18101501
O 68.22954559 117.22929382 84.79898071
C 68.33193207 115.05872345 87.59860229
C 68.27880859 116.54624939 89.69513702
C 68.54382324 114.25977325 85.23835754
C 68.29145813 113.71974182 88.02011871
C 67.85153961 117.74448395 90.40950775
C 68.42284393 115.47222137 90.62036133
C 68.64674377 112.93642426 85.74985504
H 68.76039886 114.58142853 84.18079376
C 68.53413391 112.68122101 87.08342743
H 67.96182251 113.31816864 89.02915192
N 67.43021393 118.67503357 90.97223663
N 68.53490448 114.57588959 91.37016296
H 68.84859467 112.09197235 85.09086609
H 68.62442780 111.59121704 87.37782288
H 68.37506866 119.17072296 88.38278961
C 69.68988800 133.49948120 78.20808411
C 70.71262360 134.32293701 77.74546051
C 72.20087433 134.09941101 77.91225433
C 70.52444458 135.55419922 76.92137146
C 72.89817047 135.23277283 77.33155060
O 72.73089600 133.10946655 78.41661835
C 71.92404938 136.07337952 76.67498779
C 69.32819366 136.03375244 76.35213470
C 74.31567383 135.51733398 77.22434998
C 72.47287750 137.10385132 75.90561676
C 68.04611969 135.52616882 76.56912994
C 69.28087616 137.12492371 75.41567230
C 74.78036499 136.57723999 76.47474670
H 75.04865265 134.86744690 77.81127167
C 73.85839081 137.35722351 75.83068848
H 71.87001801 137.72517395 75.33490753
N 67.00265503 135.10116577 76.74194336
N 69.22142029 137.97027588 74.63526917
H 75.82138062 136.64393616 76.51147461
H 74.17369080 138.14866638 75.27589417
H 68.65229034 133.80007935 78.00353241
C 70.29981232 125.25823212 86.36284637
C 69.56453705 126.48638153 86.61255646
C 70.80048370 124.58234406 87.50539398
C 69.63343048 127.13575745 87.84650421
H 69.02919769 126.98036194 85.79103088
C 70.82643890 125.21844482 88.76204681
H 71.24040222 123.63221741 87.37895203
C 70.25633240 126.48842621 88.94053650
H 69.30142212 128.10893250 88.13061523
H 71.33489990 124.72482300 89.60791779
C 66.58444214 127.93598938 80.62833405
C 66.18214417 129.09051514 81.32697296
C 65.63722229 126.99139404 80.19779205
C 64.83299255 129.29362488 81.53571320
H 66.97868347 129.77615356 81.62329865
C 64.25032043 127.17755127 80.44878387
H 65.97002411 126.11518860 79.72186279
C 63.86782455 128.32702637 81.17313385
H 64.53246307 130.18997192 81.99546051
H 63.50859833 126.41571045 80.07897186
C 68.48518372 126.97410583 79.05708313
C 69.46498871 125.92937469 78.88403320
C 67.85987854 127.42057037 77.86669159
C 69.84149170 125.36131287 77.62046814
H 70.02371979 125.37664795 79.63240814
C 68.23767090 126.92240906 76.59322357
H 67.16242981 128.21154785 77.85306549
C 69.26920319 126.04284668 76.45697784
H 70.69580078 124.65065765 77.45559692
H 67.89547729 127.32514954 75.65660858
C 71.68241882 124.08808136 84.53289032
C 72.83717346 124.80738068 84.83110809
C 71.85591125 122.97128296 83.64906311
C 74.14189911 124.33973694 84.46463776
H 72.82678986 125.65451050 85.50188446
C 73.13322449 122.64124298 83.10210419
H 71.02706909 122.33291626 83.40193176
C 74.28385925 123.28350067 83.57472992
H 75.00714111 124.78163147 84.83753967
H 73.28587341 121.81592560 82.38973236
C 69.66635132 125.65445709 75.07591248
H 70.16426849 124.72582245 75.08039093
H 68.71102905 125.49323273 74.54500580
C 70.52136993 126.79508972 74.47630310
H 70.49287415 126.80023956 73.37676239
H 70.18098450 127.75023651 74.70877838
C 71.92592621 126.60223389 74.87462616
H 72.05335236 126.87889862 75.90670776
H 72.10809326 125.52733612 74.76574707
C 70.17513275 127.10789490 90.34166718
H 70.93953705 126.67829895 90.95336151
H 70.35408783 128.22590637 90.32790375
C 68.74352264 127.09304810 90.94136047
H 68.11009216 127.67887115 90.24379730
H 68.30218506 126.11624908 90.94056702
C 68.82173157 127.51212311 92.41487885
H 69.12089539 128.54586792 92.48358917
H 69.58560944 127.04061890 93.04768372
C 75.62447357 122.85691071 83.07358551
H 76.45396423 123.08471680 83.77192688
H 75.66549683 121.75499725 83.02864838
C 76.07705688 123.44789886 81.67812347
H 76.19202423 124.49104309 81.87989044
H 77.10134888 123.17066193 81.59394836
C 75.19967651 123.15233612 80.48769379
H 75.16117096 122.12348175 80.32209778
H 74.13349915 123.34870148 80.62239075
C 62.40945435 128.58895874 81.59027100
H 61.65330505 127.97833252 80.99478149
H 62.25896835 129.57356262 81.17838287
C 62.19986343 128.29208374 83.04413605
H 62.37802887 127.21467590 83.20098114
H 62.83287430 128.85371399 83.68311310
C 60.77040482 128.46090698 83.54818726
H 60.07257462 128.34518433 82.70232391
H 60.73122787 129.53814697 83.92307281
C 67.43857574 127.34432220 93.16726685
H 67.06027222 126.38898468 92.86174011
H 67.43159485 127.41651154 94.24774170
C 60.39541245 127.53511047 84.70158386
H 60.10279083 126.56366730 84.37073517
H 61.24029160 127.33657074 85.39093018
C 75.61026764 123.98500061 79.24718475
H 76.00844574 124.94463348 79.52014160
H 76.46292877 123.48014069 78.74182129
C 72.90290070 127.44188690 74.04061890
H 73.10515594 126.90881348 73.10828400
H 72.46334076 128.32102966 73.74691010
C 74.38998413 124.16988373 78.36110687
H 73.59056854 124.72189331 78.96534729
H 73.97664642 123.20285797 78.13362122
C 59.25754547 128.21255493 85.45277405
H 58.41217422 128.42411804 84.77869415
H 59.49207306 129.19894409 85.83283234
C 66.44826508 128.28044128 92.60179138
H 66.51786804 128.30804443 91.48626709
H 66.64687347 129.32389832 92.80712891
C 74.34951019 127.51603699 74.66850281
H 74.26773071 127.73539734 75.69802094
H 74.80384827 126.51066589 74.55564880
C 65.01533508 127.86891174 92.86940765
H 64.39707184 128.62162781 92.40793610
H 64.76763916 126.86996460 92.54727173
H 64.85327148 127.97977448 93.92565918
C 58.80337906 127.34976196 86.59395599
H 58.11470795 126.54337311 86.30355835
H 59.61938477 126.98951721 87.27288055
H 58.15903473 128.08386230 87.15670013
C 74.62703705 125.05173492 77.14630890
H 73.65881348 125.32135773 76.68115997
H 75.05473328 126.03974915 77.33470154
H 75.25185394 124.49913788 76.44988251
C 75.19300842 128.58282471 74.06082916
H 75.76105499 128.32540894 73.12788391
H 74.64775848 129.51956177 73.85945129
H 75.96037292 128.65774536 74.77524567
C 79.57942200 121.39575195 82.83673096
C 79.80094910 120.99498749 84.20309448
C 80.19302368 122.01268005 85.10681915
C 80.42557526 123.32593536 84.72753143
C 80.18469238 123.79008484 83.44301605
C 79.77597809 122.78514099 82.53962708
H 79.29404449 120.78813171 82.05084229
H 80.84297180 123.97729492 85.53508759
C 79.60940552 119.60130310 84.84931183
C 80.00769043 119.98268127 86.30824280
C 80.28239441 121.33866882 86.37063599
C 80.18203735 119.37240601 87.55908203
C 80.43498230 120.28653717 88.62422943
S 80.69635010 121.89984131 87.97045898
C 80.38744354 125.19126892 82.80194855
C 80.10019684 124.75672150 81.30225372
C 79.69106293 123.42942047 81.27506256
C 80.03929901 125.36606598 79.99839783
C 79.48526764 124.52136230 79.06337738
S 79.24899292 122.91915894 79.64405823
C 80.60142517 119.67904663 89.85371399
S 80.01338196 117.76992798 88.26581573
S 80.41376495 127.01430511 79.31197357
C 79.37927246 125.13056183 77.82553864
C 80.33929443 118.33473969 89.94886017
C 79.72702026 126.53873444 77.73661041
H 80.97309113 120.23933411 90.75220490
H 79.00634766 124.58639526 77.00250244
C 79.70159912 127.29521179 76.50765228
C 79.02229309 127.28321075 75.23072052
C 78.08529663 126.19811249 74.91243744
C 79.12975311 128.23886108 74.08441162
C 77.78531647 126.40308380 73.52246857
O 77.53736877 125.35434723 75.62373352
C 78.36552429 127.61369324 73.03076935
C 79.94238281 129.42645264 74.01136017
C 76.93836975 125.56745911 72.76702881
C 78.07866669 128.01446533 71.70719147
C 80.72247314 129.98277283 74.98090363
C 80.20493317 130.23767090 72.87649536
C 76.77820587 126.01845551 71.40998077
H 76.61677551 124.55101013 73.07087708
C 77.33178711 127.19976807 70.84722900
H 78.54437256 128.93989563 71.39838409
N 81.34806061 130.49594116 75.81617737
N 80.53072357 130.90513611 71.96486664
H 76.27496338 125.34423065 70.73371124
H 77.16426086 127.61527252 69.83294678
H 80.41021729 128.13703918 76.61856842
C 80.73310089 117.50389099 91.02275085
C 80.56501007 117.52981567 92.39531708
C 79.70926666 118.54210663 93.06091309
C 81.09474182 116.60443878 93.38979340
C 79.58544922 118.21209717 94.42092896
O 79.12702942 119.46994781 92.54346466
C 80.43186188 117.06375885 94.70005798
C 81.98493958 115.51958466 93.26899719
C 78.86042786 118.90254974 95.32794952
C 80.42358398 116.59370422 96.04077911
C 82.17191315 114.83581543 92.04395294
C 82.60115051 114.72053528 94.30644226
C 78.97194672 118.45175934 96.68460083
H 78.34574127 119.82524109 95.07873535
C 79.72085571 117.27610016 97.03051758
H 81.04576874 115.68770599 96.32189941
N 82.33316040 114.22967529 91.06477356
N 83.06322479 114.06708527 95.13018036
H 78.54003143 119.01883698 97.44470978
H 79.63813019 116.79977417 98.00576019
H 81.23265076 116.63380432 90.69191742
C 81.89579010 125.66622925 83.02514648
C 82.34080505 125.96788788 84.29113770
C 82.82697296 125.80911255 82.02317810
C 83.67149353 126.52872467 84.53519440
H 81.65433502 125.88597870 85.10409546
C 84.18194580 126.29534912 82.13845062
H 82.48270416 125.50128174 81.03665924
C 84.55047607 126.75672913 83.43457794
H 83.93763733 126.85665131 85.59218597
H 84.87230682 126.42247009 81.27395630
C 80.49243927 118.56894684 84.13238525
C 81.79924011 118.30952454 84.59500122
C 80.06033325 117.90962219 83.00245667
C 82.60728455 117.35460663 83.90981293
H 82.09664917 118.80484772 85.50547028
C 80.84738159 116.99906921 82.34076691
H 79.07859802 118.20938873 82.64187622
C 82.12799072 116.71566772 82.70686340
H 83.60305786 117.15913391 84.22846222
H 80.34591675 116.64799500 81.45366669
C 78.14335632 119.12671661 84.81212616
C 77.82202911 117.83934021 85.31391144
C 77.04752350 120.00378418 84.57865143
C 76.50788879 117.41114807 85.49365234
H 78.61145782 117.12934113 85.44337463
C 75.72438049 119.56242371 84.85304260
H 77.17099762 120.97106171 84.18633270
C 75.43193817 118.31785583 85.40543365
H 76.27296448 116.33901215 85.79308319
H 74.86268616 120.18688202 84.67088318
C 79.42336273 126.40038300 83.04334259
C 79.70461273 127.76202393 82.70183563
C 78.20410919 126.14023590 83.66479492
C 78.67402649 128.73654175 82.79137421
H 80.57671356 128.07888794 82.23049927
C 77.18691254 127.11199951 83.86833954
H 77.97783661 125.14586639 84.02592468
C 77.38549042 128.41784668 83.35440826
H 78.91208649 129.78361511 82.48751831
H 76.25447845 126.92926788 84.38267517
C 74.01140594 117.87556458 85.79740906
H 73.24974823 118.13497925 85.03114319
H 74.07393646 116.76466370 85.76439667
C 73.57564545 118.43291473 87.18312836
H 74.29349518 117.97528839 87.93428802
H 73.64012146 119.44537354 87.24688721
C 72.06018829 117.98263550 87.50601959
H 71.46951294 118.61331940 86.90743256
H 71.74272919 116.96215057 87.23506927
C 85.96704865 127.11214447 83.64157104
H 86.23133850 128.02058411 83.05117798
H 85.88999939 127.58116150 84.61482239
C 86.99210358 125.93161774 83.53371429
H 86.82401276 125.31154633 82.61950684
H 88.01200867 126.37522125 83.39562225
C 87.05019379 125.13887024 84.82617188
H 87.11750031 124.10411835 84.71195984
H 86.08776093 125.34434509 85.36942291
C 76.32666779 129.48867798 83.43830872
H 75.39331055 128.91555786 83.40034485
H 76.37412262 130.01850891 84.40332794
C 76.31616211 130.62805176 82.37033844
H 77.12362671 131.35636902 82.55028534
H 76.43338776 130.32737732 81.31364441
C 74.89766693 131.26907349 82.36978149
H 74.26654053 130.57214355 81.75796509
H 74.46101379 131.50460815 83.41458130
C 83.01050568 115.76478577 81.88483429
H 83.87212372 115.42257690 82.49085236
H 83.39146423 116.39370728 81.14793396
C 82.31755066 114.46768188 81.40955353
H 82.16172028 113.73390198 82.23210144
H 81.31267548 114.69448090 81.08258057
C 83.18324280 113.80232239 80.35086823
H 84.19004059 113.70488739 80.76701355
H 83.11946106 114.44291687 79.42995453
C 88.19963837 125.64482117 85.80457306
H 89.17933655 125.48937225 85.44300842
H 88.01221466 126.75062561 85.89237976
C 82.71763611 112.38124847 79.88110352
H 82.39898682 111.77523804 80.71565247
H 81.83707428 112.52458954 79.22119904
C 75.00646210 132.71868896 81.72724152
H 75.65310669 133.39773560 82.35339355
H 75.63356781 132.68313599 80.79761505
C 71.73199463 118.18459320 89.05770874
H 70.84333038 117.62981415 89.19692230
H 72.57862091 117.68186188 89.65158844
C 73.69480896 133.36558533 81.61210632
H 73.08299255 133.18060303 82.52031708
H 73.10963440 132.73733521 80.90629578
C 83.71139526 111.58089447 78.93438721
H 84.51986694 111.26999664 79.59878540
H 84.02755737 112.17821503 78.08889771
C 88.24967957 124.96320343 87.21466827
H 89.29647064 124.90827942 87.56153107
H 88.03777313 123.90552521 87.12372589
C 71.50657654 119.67800140 89.50539398
H 72.36145782 120.21446228 89.23418427
H 70.72843170 120.04170990 88.80790710
C 87.30847931 125.54611969 88.25490570
H 87.68458557 125.15274048 89.15872192
H 87.26681519 126.65800476 88.24014282
H 86.31174469 125.10071564 88.09553528
C 83.07749176 110.29747009 78.44732666
H 82.04389191 110.42781067 78.23183441
H 83.64604950 109.84139252 77.61101532
H 82.98561096 109.57573700 79.29965973
C 73.67283630 134.90795898 81.20751190
H 72.64565277 135.13473511 80.90820312
H 74.09075165 135.47373962 82.02375031
H 74.23414612 135.09027100 80.23995972
C 71.07460022 119.87582397 90.94195557
H 70.20457458 119.19676208 90.99416351
H 71.83533478 119.37167358 91.60157013
H 70.77988434 120.86080170 91.15117645
",0.000
30,"372

C 108.75015259 117.65564728 111.73488617
C 107.56118011 117.73406982 112.42869568
C 107.07016754 116.55079651 113.08287048
C 107.74317932 115.24190521 113.05946350
C 108.87495422 115.19820404 112.31716919
C 109.39849091 116.34898376 111.68592072
H 109.21421051 118.53871918 111.35227203
H 107.21329498 114.41060638 113.41662598
C 106.48658752 118.87429047 112.56822968
C 105.50065613 118.19111633 113.58671570
C 105.82432556 116.88873291 113.79022217
C 104.33377075 118.54675293 114.26054382
C 103.88785553 117.47492981 115.11154938
S 104.82019043 115.96598816 114.83915710
C 109.72959900 113.86099243 112.05551910
C 110.73744965 114.47737122 111.11203003
C 110.59578705 115.88453674 111.05412292
C 111.81872559 114.08805847 110.32601166
C 112.55080414 115.15977478 109.77555084
S 111.71753693 116.66603088 109.98794556
C 102.73714447 117.83393860 115.82615662
S 103.49446106 119.98344421 114.46959686
S 112.37435913 112.61865997 109.70314789
C 113.60060883 114.74189758 108.90142822
C 102.35438538 119.15850067 115.58705902
C 113.72641754 113.29208374 108.77384186
H 102.29405975 117.19202423 116.54171753
H 114.16386414 115.42761993 108.35854340
C 114.65623474 112.59039307 107.98326111
C 116.01979828 112.67604065 107.60765076
C 117.00550842 113.72568512 107.96398926
C 116.79091644 111.60202789 106.96797180
C 118.35887146 113.26167297 107.57115173
O 116.64754486 114.77486420 108.51802063
C 118.21369171 112.04496002 106.86923218
C 116.36088562 110.32017517 106.56137848
C 119.59750366 113.91415405 107.70928192
C 119.35276031 111.51180267 106.29277802
C 115.00041962 109.86926270 106.33411407
C 117.17672729 109.10466003 106.50586700
C 120.72396088 113.30014038 107.24692535
H 119.65850067 114.72380829 108.41412354
C 120.58666229 112.14965820 106.45973969
H 119.29504395 110.71125793 105.67173767
N 113.96727753 109.47571564 106.16145325
N 117.81665039 108.14595032 106.46942139
H 121.71559906 113.62585449 107.51613617
H 121.50682068 111.70034027 106.03948212
H 114.08348083 111.78763580 107.59387970
C 101.11752319 119.69065094 115.99418640
C 99.81340790 119.32439423 116.14836884
C 99.40301514 118.01121521 115.68552399
C 98.65842438 120.17199707 116.57262421
C 97.93996429 118.09887695 115.69600677
O 100.06748199 117.05905914 115.33117676
C 97.46710205 119.34506989 116.19263458
C 98.64507294 121.33283234 117.33831787
C 97.04601288 117.12947083 115.28742981
C 96.11120605 119.55566406 116.13348389
C 99.81666565 122.06153107 117.75003815
C 97.55396271 122.05505371 117.85551453
C 95.67299652 117.34391022 115.30637360
H 97.35874176 116.23101807 114.93511963
C 95.18942261 118.58601379 115.70484161
H 95.76971436 120.46216583 116.54663086
N 100.76062775 122.61341095 118.11862946
N 96.67313385 122.64604187 118.33421326
H 95.12054443 116.47362518 114.87471771
H 94.17881012 118.66447449 115.72930145
H 101.37871552 120.64830780 116.15171814
C 108.77918243 112.77952576 111.39398193
C 108.62204742 112.73969269 110.01358795
C 107.96096039 111.89473724 112.22348022
C 107.85924530 111.70351410 109.37983704
H 109.23176575 113.40469360 109.46085358
C 107.13729095 110.91700745 111.53720856
H 107.82012177 111.99874115 113.26065826
C 107.12041473 110.84085083 110.10009766
H 107.83545685 111.72472382 108.31648254
H 106.35468292 110.41751099 112.01317596
C 105.97657776 119.08417511 111.11611938
C 104.80061340 118.42752075 110.72713470
C 106.54145050 119.98743439 110.11241150
C 104.28398132 118.57713318 109.42530060
H 104.25466156 117.85186005 111.43677521
C 106.09208679 120.03427124 108.80924988
H 107.41779327 120.49034119 110.37615967
C 104.93141937 119.28489685 108.44577026
H 103.34248352 118.09204102 109.06215668
H 106.67021179 120.45336151 108.03934479
C 107.07802582 120.09008026 113.28720856
C 108.35944366 120.15445709 113.81692505
C 106.27126312 121.30922699 113.31514740
C 108.81546783 121.30434418 114.49524689
H 109.01290131 119.31735229 113.65399170
C 106.70503235 122.42425537 114.00886536
H 105.29626465 121.41127014 113.04851532
C 108.00841522 122.40169525 114.54283905
H 109.77770233 121.20562744 115.03378296
H 106.07944489 123.29859161 114.14378357
C 110.54106903 113.42704773 113.25488281
C 111.22459412 112.19898224 113.14484406
C 110.70350647 114.17682648 114.41643524
C 112.14768982 111.78181458 114.15287018
H 111.00664520 111.48278809 112.31858826
C 111.53998566 113.77684021 115.43807983
H 110.25005341 115.15604401 114.56063843
C 112.12523651 112.50178528 115.36608124
H 112.59070587 110.80995941 114.16538239
H 111.64272308 114.40635681 116.30918121
C 108.50635529 123.52677155 115.34471130
H 107.66318512 124.15406036 115.45576477
H 108.71109772 123.13025665 116.29164124
C 109.71778870 124.30877686 114.80430603
H 110.48828125 123.75246429 114.17983246
H 109.43373108 125.23724365 114.12873077
C 110.60670471 124.87774658 115.92047119
H 110.17683411 125.76069641 116.44407654
H 110.70453644 124.18627167 116.74720001
C 106.29001617 109.75790405 109.39381409
H 106.95640564 109.33412170 108.65979004
H 106.04508209 108.98670197 110.19197845
C 104.98871613 110.21469879 108.63067627
H 104.48777008 109.38760376 108.17672729
H 104.28260040 110.65894318 109.35761261
C 105.12956238 111.24885559 107.50701141
H 105.65437317 112.02235413 107.96474457
H 104.21076202 111.66599274 107.14919281
C 113.00540924 111.93869781 116.52849579
H 112.36014557 111.80440521 117.38417053
H 113.18597412 110.89144135 116.24748993
C 114.25497437 112.73928070 116.88940430
H 113.97918701 113.63800049 117.50136566
H 114.85295868 112.12360382 117.58085632
C 115.08103180 113.26058197 115.65916443
H 115.53823853 112.41719818 115.24785614
H 114.42637634 113.51251984 114.82771301
C 104.24835968 119.46760559 107.03013611
H 104.52304840 120.42414093 106.67651367
H 103.14507294 119.49686432 107.21318054
C 104.49239349 118.38732910 106.00141144
H 105.64467621 118.18803406 106.09303284
H 103.94304657 117.49098969 106.45033264
C 103.92842102 118.69889832 104.60898590
H 104.38903809 119.59372711 104.22344208
H 102.85359955 118.96524048 104.61534119
C 105.83404541 110.75890350 106.29351807
H 106.92519379 110.55300140 106.36484528
H 105.42620087 109.75570679 106.11717224
C 104.26914215 117.54429626 103.64377594
H 104.37429810 117.94616699 102.64708710
H 105.29052734 117.15242004 103.86806488
C 116.14321899 114.26437378 115.90605927
H 115.68822479 115.24337769 116.04857635
H 116.59025574 114.07373810 116.84778595
C 111.97419739 125.35134888 115.40494537
H 112.50916290 124.52532196 114.96266937
H 111.68877411 126.03139496 114.65249634
C 117.39384460 114.43196869 114.87100220
H 116.98381805 114.67028809 113.88284302
H 117.84913635 113.47155762 114.84549713
C 103.25280762 116.41284180 103.75965881
H 102.33478546 116.83609772 103.58622742
H 103.16723633 116.11109161 104.79437256
C 105.59175110 111.70912170 105.15306091
H 105.83627319 112.68972015 105.54856873
H 104.51988220 111.76249695 105.01004028
C 112.94013977 126.01997375 116.45851135
H 113.79996490 126.54575348 115.90940094
H 112.42594910 126.74809265 117.08160400
C 106.40592957 111.27864838 103.93343353
H 106.17401886 111.95890045 103.07667542
H 107.46571350 111.28923798 104.06472778
H 106.07308197 110.20822144 103.72489929
C 103.41912842 115.20660400 102.84310913
H 104.40698242 114.86913300 102.99312592
H 102.80606842 114.33184814 103.18946838
H 103.29309082 115.25972748 101.82200623
C 118.36483765 115.59120178 115.25173950
H 117.99495697 116.61879730 115.15285492
H 118.63534546 115.60177612 116.28845978
H 119.27061462 115.57033539 114.58882904
C 113.57022095 125.01399994 117.49352264
H 114.22288513 124.24642181 116.98933411
H 114.28299713 125.54690552 118.17978668
H 112.80490875 124.46611023 118.05594635
C 97.68805695 126.82044983 111.12444305
C 98.60157776 126.43172455 110.20944214
C 98.12852478 125.72035980 109.03401947
C 96.80740356 125.13270569 108.99362946
C 95.91609192 125.41667938 110.03694916
C 96.38446808 126.27433014 111.09779358
H 97.87395477 127.44371796 111.98484039
H 96.59479523 124.46250916 108.16181183
C 100.04936981 126.83924866 110.15673065
C 100.33830261 126.19664001 108.75782776
C 99.25142670 125.61370087 108.17190552
C 101.46974945 126.10778809 107.92115784
C 101.26431274 125.40973663 106.72378540
S 99.57009125 124.97434235 106.52215576
C 94.46306610 124.81506348 110.32475281
C 94.17109680 125.56253052 111.59601593
C 95.26937103 126.32647705 112.03457642
C 93.14420319 125.57928467 112.56677246
C 93.51920319 126.29624939 113.70383453
S 95.13516235 126.91274261 113.69094086
C 102.47064972 125.21077728 105.99975586
S 103.15027618 126.61934662 108.13866425
S 91.52995300 124.89378357 112.86700439
C 92.56143188 126.44192505 114.64561462
C 103.62194061 125.69629669 106.63993835
C 91.32821655 125.78908539 114.36167908
H 102.57423401 124.65692139 105.13461304
H 92.74337006 126.99764252 115.51094818
C 90.27495575 125.71935272 115.33312225
C 89.52827454 126.65936279 116.11898041
C 89.68076324 128.09977722 116.07824707
C 88.44049835 126.33274841 117.02910614
C 88.86763763 128.68028259 117.16409302
O 90.33489227 128.78962708 115.30503845
C 88.05359650 127.65927124 117.73431396
C 87.88604736 125.09512329 117.30373383
C 88.69811249 130.04386902 117.48541260
C 87.19653320 127.96240234 118.79834747
C 88.03673553 123.87119293 116.56975555
C 86.78764343 124.94446564 118.17944336
C 87.83306885 130.33358765 118.60482788
H 89.27375031 130.81562805 117.03566742
C 87.10932922 129.29983521 119.22161865
H 86.70070648 127.17146301 119.27352905
N 88.16179657 122.87433624 115.92302704
N 85.90099335 124.89180756 118.91354370
H 87.75460815 131.44361877 118.79053497
H 86.48368835 129.54823303 120.06704712
H 90.08188629 124.69886780 115.29342651
C 104.91801453 125.57234192 106.10210419
C 105.77871704 124.64031219 105.55876160
C 105.51109314 123.16129303 105.47143555
C 107.16909790 124.74122620 105.08895874
C 106.68759918 122.46754456 104.94956207
O 104.44863129 122.64146423 105.72126007
C 107.68476105 123.38368988 104.68901062
C 107.83383942 125.99393463 104.92684174
C 106.85799408 121.08367920 104.72126007
C 108.95476532 122.91777802 104.19117737
C 107.60710144 127.22711945 105.56080627
C 109.20631409 126.13001251 104.43898010
C 108.10261536 120.63683319 104.22465515
H 106.05392456 120.34726715 104.99175262
C 109.09496307 121.55547333 104.00921631
H 109.77993774 123.64760590 104.16716003
N 107.44754791 128.25872803 105.99537659
N 110.28129578 126.16825104 103.99657440
H 108.16460419 119.55415344 104.02832794
H 110.08699036 121.13201141 103.88027191
H 105.29661560 126.61138153 106.21147919
C 94.46533203 123.26499176 110.67736053
C 95.68066406 122.53237915 110.67992401
C 93.29589844 122.62292480 111.04413605
C 95.76889038 121.22688293 111.08665466
H 96.63722992 122.96317291 110.31382751
C 93.31284332 121.22691345 111.42707062
H 92.30081940 123.05898285 110.95246887
C 94.54163361 120.56580353 111.54661560
H 96.73120117 120.65483093 111.11271667
H 92.46048737 120.69403076 111.74930573
C 100.80554199 126.16891479 111.36073303
C 100.65085602 126.75231934 112.65395355
C 101.68084717 125.00767517 111.35415649
C 101.35328674 126.31565094 113.78690338
H 99.95652771 127.58747864 112.90371704
C 102.31571198 124.59122467 112.56419373
H 101.94995880 124.46009064 110.45626068
C 102.16963196 125.16810608 113.79675293
H 101.26128387 126.85668945 114.75689697
H 103.02452850 123.82339478 112.53868866
C 100.35383606 128.37693787 110.10355377
C 101.64444733 128.86242676 110.26062775
C 99.34683228 129.30546570 109.62470245
C 101.97486877 130.19357300 110.13159180
H 102.44132996 128.16731262 110.45058441
C 99.66131592 130.64306641 109.55677795
H 98.39153290 128.99987793 109.31935883
C 100.98401642 131.13854980 109.80654907
H 102.99235535 130.52749634 110.26010895
H 98.87550354 131.34715271 109.25988007
C 93.43614197 125.08227539 109.19898987
C 93.45568848 124.36606598 108.00389099
C 92.28742981 125.92780304 109.31172943
C 92.53069305 124.42295074 106.95285797
H 94.39960480 123.88401794 107.82048035
C 91.40007782 126.01832581 108.27754211
H 92.07735443 126.50576019 110.17707062
C 91.48550415 125.29278564 107.09748840
H 92.60710144 123.88444519 106.05648041
H 90.57109070 126.71675873 108.36762238
C 101.26660919 132.61203003 109.65089417
H 102.06945801 132.62156677 108.92167664
H 100.46051788 133.17036438 109.23640442
C 101.64990997 133.37104797 110.92056274
H 100.74884033 133.45973206 111.56658936
H 102.41977692 132.86686707 111.54284668
C 102.34255981 134.65370178 110.60111237
H 103.15539551 134.33638000 109.99016571
H 101.68328094 135.27456665 109.87657928
C 94.53407288 119.12322235 112.05020142
H 95.40289307 119.10720062 112.65647125
H 93.74229431 118.94678497 112.76477051
C 94.42595673 118.10854340 110.94921875
H 93.57945251 118.43238831 110.34701538
H 95.23506927 118.06484985 110.32218170
C 94.30378723 116.69331360 111.52841949
H 95.16493225 116.53945160 112.18906403
H 94.36090088 116.03372955 110.66729736
C 90.41931152 125.43548584 106.03473663
H 90.90602112 125.13392639 105.10574341
H 89.56958008 124.82031250 106.29082489
C 89.90516663 126.88601685 105.72312927
H 89.29968262 127.20876312 106.58978271
H 90.77270508 127.55049896 105.66722870
C 89.08058167 127.12868500 104.45231628
H 88.12123871 126.52938080 104.55813599
H 88.82848358 128.17605591 104.41430664
C 102.82558441 124.57374573 115.05738068
H 103.09187317 123.54825592 114.84796906
H 102.01867676 124.63728333 115.73654938
C 104.04415894 125.39039612 115.53910065
H 104.68914032 125.36672211 114.75480652
H 103.75868225 126.45643616 115.69778442
C 104.65817261 124.88916016 116.84169006
H 105.58429718 125.48203278 116.91799164
H 105.05847931 123.84808350 116.81838226
C 93.03413391 116.35862732 112.44158936
H 93.21611023 116.99516296 113.29352570
H 92.07256317 116.80770874 112.05688477
C 103.79570007 124.94938660 118.11067200
H 103.05132294 125.68190002 118.01517487
H 103.20335388 123.95774841 118.05892944
C 89.75251007 126.79771423 103.06700897
H 90.77563477 127.28793335 103.07154846
H 89.92948151 125.67036438 103.01332092
C 103.02514648 135.38908386 111.82051849
H 103.79984283 134.81752014 112.19765472
H 103.45586395 136.23146057 111.35861206
C 88.84669495 127.10935974 101.84268188
H 88.72814178 128.20016479 101.81417084
H 87.98581696 126.53258514 101.90219879
C 104.53913116 124.88315582 119.48053741
H 105.16449738 125.83111572 119.53489685
H 105.23280334 124.03409576 119.56669617
C 92.85308075 114.88942719 112.76441193
H 93.79429626 114.44458771 112.98295593
H 92.54827881 114.35063934 111.86650848
C 102.02965546 135.87994385 112.88189697
H 101.09172821 135.63092041 112.51742554
H 102.15633392 135.18017578 113.72750092
C 91.80433655 114.63318634 113.86271667
H 90.87606049 114.97733307 113.45752716
H 91.62466431 113.55821228 113.88053894
H 91.93724060 115.00834656 114.86315918
C 103.58175659 124.90301514 120.65356445
H 103.09248352 123.98758698 120.95560455
H 104.12928772 125.21640015 121.54504395
H 102.75654602 125.66474152 120.57622528
C 89.47770691 126.75229645 100.49224854
H 90.41369629 127.14878845 100.17517090
H 89.61204529 125.60494995 100.52844238
H 88.77408600 127.01824951 99.72663879
C 102.12783813 137.35124207 113.37385559
H 101.63706207 138.05186462 112.69778442
H 101.73384857 137.49072266 114.38164520
H 103.15007782 137.68917847 113.55742645
",0.000
31,"372

C 61.24045563 118.68891907 82.63887787
C 62.51258087 118.28530121 82.35886383
C 63.48997116 119.34357452 82.09121704
C 63.15878677 120.78309631 82.08557129
C 61.81750870 121.10250854 82.35643768
C 60.90376282 120.03872681 82.66042328
H 60.43692017 118.02561951 82.77995300
H 63.89354324 121.54859924 81.99683380
C 63.19863510 116.87212372 82.36854553
C 64.65519714 117.33463287 81.84904480
C 64.75453949 118.72068787 81.74988556
C 65.87303925 116.68401337 81.51816559
C 66.93067169 117.57238007 81.27722168
S 66.37846375 119.25106049 81.35833740
C 61.20110703 122.51158142 82.46674347
C 59.77978134 122.06934357 82.83246613
C 59.70229721 120.71261597 83.03155518
C 58.60282898 122.79173279 83.20030975
C 57.63698196 121.83895874 83.69985199
S 58.22314453 120.16109467 83.74849701
C 68.18050385 116.98454285 81.00016022
S 66.41813660 115.03845978 81.47146606
S 57.92758560 124.40129852 83.30165100
C 56.40735626 122.40633392 83.92080688
C 68.12099457 115.60529327 80.97604370
C 56.30225372 123.77051544 83.63970184
H 69.02935791 117.57138824 80.66793823
H 55.61912918 121.80734253 84.36509705
C 55.13631058 124.59236145 83.95513153
C 53.76725006 124.40914917 83.97850037
C 53.00882339 123.25452423 83.44641876
C 52.78079605 125.36366272 84.55500793
C 51.55254364 123.55815887 83.62764740
O 53.39150238 122.20351410 82.93714905
C 51.40158844 124.77098083 84.32266235
C 53.03340912 126.57820129 85.14563751
C 50.51332474 122.81030273 83.16699982
C 50.08678055 125.26594543 84.53409576
C 54.27928543 127.15343475 85.48813629
C 52.00313187 127.39128876 85.69902039
C 49.23123932 123.24971008 83.54741669
H 50.56678009 121.83810425 82.68456268
C 48.96073151 124.48696136 84.16450500
H 49.95085907 126.22726440 84.99977112
N 55.28461456 127.66275024 85.78453064
N 51.22786713 128.09757996 86.14783478
H 48.36366653 122.66233826 83.22785950
H 47.90604019 124.66282654 84.38525391
H 55.36615753 125.57597351 84.28052521
C 69.32388306 114.81700897 80.88262177
C 70.53038788 114.91745758 80.13887024
C 70.82781982 115.96796417 79.09717560
C 71.73097229 114.03727722 80.13405609
C 72.14727783 115.72380829 78.53318787
O 70.07102966 116.84603119 78.70240784
C 72.73241425 114.56683350 79.12008667
C 71.98886871 112.95526886 80.93477631
C 72.84673309 116.40177155 77.47927856
C 74.07196045 114.16428375 78.80178070
C 71.28235626 112.39958954 82.02180481
C 73.15088654 112.11100006 80.98184204
C 74.18355560 116.08261871 77.19222260
H 72.36309814 117.21031952 76.92079163
C 74.76416016 114.97908783 77.83126831
H 74.65245819 113.35254669 79.15132904
N 70.63605499 111.87870026 82.89054108
N 74.10993958 111.48114014 81.04566956
H 74.72931671 116.73925781 76.53347015
H 75.78989410 114.63732910 77.60072327
H 69.17320251 114.01423645 81.56084442
C 61.10783005 123.26657867 81.10412598
C 60.60711288 124.57579041 81.07373047
C 61.40204620 122.64560699 79.88738251
C 60.64001846 125.40092468 79.94183350
H 60.24403000 125.08428955 81.99842834
C 61.47051239 123.51410675 78.70427704
H 61.67312241 121.56408691 79.72328186
C 61.10425949 124.91212463 78.69367981
H 60.06159210 126.31754303 79.95047760
H 61.85643768 123.03744507 77.81461334
C 62.56133652 115.90887451 81.39543915
C 62.95067596 114.54130554 81.35686493
C 61.71484375 116.41007233 80.33795166
C 62.41214371 113.72892761 80.35546875
H 63.72848129 114.13686371 82.01188660
C 61.26593018 115.61620331 79.33226776
H 61.37626648 117.42877960 80.24833679
C 61.61754608 114.26887512 79.31964874
H 62.76602173 112.68682098 80.29601288
H 60.73184586 116.06701660 78.53603363
C 63.25044250 116.24612427 83.84857941
C 64.38219452 116.43697357 84.60829163
C 62.20429230 115.39364624 84.28479004
C 64.46495056 115.78306580 85.88936615
H 65.12487793 117.10922241 84.39508057
C 62.29790497 114.74491119 85.58015442
H 61.30905151 115.35856628 83.64558411
C 63.43754578 114.94226837 86.39083099
H 65.41187286 115.99903870 86.43028259
H 61.52152634 113.99551392 85.90957642
C 61.85484314 123.41947937 83.56731415
C 63.17785645 123.86669922 83.23934937
C 61.29781342 123.69683838 84.82557678
C 63.77701950 124.70689392 84.18876648
H 63.82332230 123.53894043 82.43917847
C 61.94130325 124.51515198 85.76106262
H 60.27805328 123.30543518 84.99815369
C 63.20549774 125.01036072 85.42880249
H 64.77710724 125.08520508 83.96852112
H 61.48742294 124.76856995 86.68770599
C 63.50780106 114.21957397 87.72450256
H 63.18561935 113.15515900 87.61585999
H 64.55754089 114.15915680 88.00839233
C 62.71048737 114.92371368 88.83627319
H 63.26799774 115.80308533 88.95070648
H 61.72052002 115.23415375 88.41471863
C 62.57463455 114.11840820 90.18630219
H 62.14509964 113.23132324 89.95645905
H 63.61327362 113.84133911 90.53506470
C 61.04719925 125.68509674 77.33538818
H 60.90972519 124.96694946 76.53666687
H 60.30190659 126.48281097 77.25508881
C 62.49577713 126.17617798 76.97719574
H 62.72704697 127.08387756 77.56446838
H 63.22745895 125.45271301 77.27704620
C 62.58294678 126.39224243 75.47853851
H 61.77069473 127.03753662 75.27246857
H 62.42467880 125.48889923 74.94371796
C 63.84473801 126.00595856 86.35620880
H 63.94502640 126.99190521 85.97761536
H 63.30948639 126.02767944 87.31821442
C 65.36051941 125.73778534 86.67666626
H 65.93772125 125.73013306 85.78942108
H 65.77986908 126.57993317 87.30535889
C 65.67504120 124.42110443 87.32512665
H 64.81901550 124.31357574 87.96929932
H 65.68402863 123.59118652 86.65075684
C 60.89121246 113.22982788 78.46060181
H 60.00997162 113.70281219 78.04175568
H 60.43274307 112.46071625 79.13878632
C 61.86839676 112.59116364 77.38871002
H 62.49562454 113.36643219 76.93556213
H 62.63251114 111.95870972 77.97435760
C 61.26802826 111.83574677 76.26050568
H 60.74792480 112.43297577 75.56837463
H 60.55423355 111.15232086 76.49263000
C 63.96329498 126.96497345 74.99933624
H 63.91132355 127.02641296 73.93476105
H 64.12626648 127.93680573 75.45026398
C 62.42392731 111.01570892 75.52091980
H 63.29807663 111.67241669 75.26400757
H 62.82017136 110.19620514 76.08840179
C 66.96712494 124.31748199 88.09555054
H 67.78116608 124.35607147 87.39987946
H 67.03350067 125.04735565 88.89088440
C 61.82575989 114.89964294 91.31812286
H 62.38897705 115.72348022 91.76641083
H 60.81700516 115.21260834 90.93547821
C 66.98180389 122.88729858 88.76031494
H 67.18969727 122.19931030 87.92448425
H 65.98715210 122.80064392 89.20855713
C 61.91287994 110.38069916 74.17816162
H 62.77051163 109.87273407 73.73548889
H 61.43435669 111.07707214 73.47424316
C 65.18180084 126.04502106 75.31991577
H 65.28853607 125.87768555 76.37709045
H 66.01210785 126.61052704 74.90552521
C 61.66411591 113.90594482 92.48048401
H 61.00770187 113.08979034 92.22302246
H 62.67580032 113.41777039 92.61309814
C 65.26235962 124.65861511 74.66542053
H 66.11548615 124.08891296 75.10771942
H 64.47364807 123.91664886 74.69429016
H 65.51422882 124.78562927 73.57540131
C 60.84099579 109.26223755 74.52062225
H 61.21298599 108.67881775 75.34034729
H 59.94496536 109.72115326 74.94636536
H 60.59225082 108.71572876 73.63758850
C 68.04119873 122.74425507 89.82612610
H 67.80700684 121.88450623 90.42016602
H 69.10749817 122.77922821 89.51142120
H 67.95481110 123.60959625 90.53637695
C 61.34274673 114.64437866 93.80025482
H 60.35614014 115.11406708 93.86016083
H 61.45574570 113.90612793 94.60975647
H 61.98314667 115.59003448 93.94002533
C 83.35225677 105.60753632 70.57111359
C 84.61233521 106.07429504 70.20483398
C 85.38174438 107.01493835 71.03064728
C 84.81658936 107.39442444 72.28607941
C 83.42324829 106.99999237 72.62857819
C 82.76131439 106.07526398 71.73603058
H 82.79138184 104.91561890 69.93144989
H 85.26284790 108.13648224 72.90414429
C 85.49025726 105.67878723 68.99229431
C 86.75797272 106.58071136 69.19337463
C 86.59221649 107.33050537 70.33799744
C 87.90627289 106.96590424 68.47991943
C 88.63552856 107.99352264 69.11170197
S 87.94548035 108.37091827 70.69938660
C 82.54494476 107.42443085 73.80291748
C 81.25408173 106.58641815 73.46606445
C 81.49134827 105.84657288 72.30574799
C 79.92700958 106.39868164 73.94074249
C 79.19010162 105.49615479 73.21244812
S 80.10826874 104.72077942 71.90702057
C 89.71373749 108.47814178 68.43414307
S 88.62022400 106.61643982 66.91481018
S 79.04067993 107.10137939 75.26330566
C 77.88992310 105.33759308 73.72847748
C 89.79733276 107.92540741 67.10109711
C 77.55445099 106.19133759 74.79598999
H 90.36459351 109.20626831 68.76852417
H 77.16159058 104.66182709 73.34197235
C 76.25305939 106.06343079 75.46693420
C 74.99388123 105.85369873 75.07325745
C 74.48563385 105.88594055 73.61753082
C 73.82074738 105.59389496 75.87586212
C 73.01450348 105.68112946 73.65177917
O 75.22978973 106.04411316 72.63822174
C 72.58892822 105.55184174 75.01101685
C 73.74774933 105.27146912 77.32048035
C 72.17919159 105.60018158 72.52849579
C 71.19149017 105.45062256 75.21002960
C 74.64702606 105.66659546 78.34291077
C 72.62574005 104.56964874 77.93341827
C 70.83861542 105.39062500 72.83119965
H 72.46385193 105.75079346 71.48169708
C 70.35010529 105.31390381 74.13597870
H 70.80574036 105.56584167 76.20839691
N 75.43286896 105.97560883 79.10864258
N 71.78552246 104.02308655 78.47038269
H 70.10778046 105.28147888 71.99507141
H 69.35865021 105.20224762 74.39284515
H 76.47406769 106.11145020 76.51038361
C 90.95944214 108.13655853 66.35020447
C 91.70092773 109.23299408 65.94306946
C 91.22299957 110.62922668 66.05223846
C 92.98890686 109.26708221 65.24894714
C 92.36174011 111.49002075 65.60008240
O 90.14104462 111.08822632 66.46934509
C 93.41184998 110.72797394 65.12978363
C 93.85356903 108.14064026 64.94746399
C 92.42306519 112.88877106 65.44626617
C 94.63971710 111.33011627 64.62342072
C 93.65071869 106.77074432 65.25035858
C 95.04673767 108.18922424 64.22546387
C 93.59642792 113.43245697 64.90292358
H 91.67858124 113.56519318 65.76901245
C 94.72171021 112.70176697 64.59340668
H 95.54246521 110.73277283 64.35853577
N 93.50699615 105.60819244 65.46177673
N 96.03477478 108.19535828 63.63523483
H 93.62021637 114.54768372 64.83039856
H 95.59128571 113.22314453 64.31237030
H 91.24753571 107.13596344 66.02348328
C 82.11053467 108.94626617 73.73136139
C 82.18093872 109.68778229 72.52896118
C 81.34179688 109.51025391 74.79701233
C 81.59428406 110.97647858 72.33767700
H 82.76134491 109.40233612 71.70066833
C 80.72552490 110.83252716 74.60437775
H 81.15788269 108.88587952 75.62081146
C 80.86917877 111.53980255 73.39353180
H 81.84813690 111.51776886 71.39212036
H 80.24783325 111.18767548 75.46678925
C 84.71641541 105.89118958 67.64273834
C 85.03224945 105.05415344 66.50714874
C 83.79321289 106.95024872 67.39904785
C 84.39626312 105.27686310 65.21843719
H 85.76923370 104.22502136 66.60108185
C 83.17912292 107.18042755 66.19384766
H 83.61656189 107.64916229 68.16517639
C 83.35350037 106.27586365 65.08112335
H 84.67760468 104.67677307 64.34623718
H 82.58011627 108.05487823 66.09673309
C 85.96686554 104.18754578 69.18867493
C 84.90613556 103.23641205 69.13728333
C 87.24095917 103.80274200 69.71365356
C 85.09332275 101.90917969 69.57730865
H 83.90897369 103.37428284 68.90355682
C 87.48088074 102.49505615 70.19244385
H 88.11243439 104.47501373 69.77098846
C 86.35987091 101.58767700 70.18776703
H 84.27568054 101.13304901 69.60042572
H 88.40409088 102.15962982 70.72013092
C 83.23601532 107.06565857 75.17495728
C 82.71215820 106.12815857 76.09674072
C 84.38125610 107.73791504 75.49918365
C 83.40181732 105.92948914 77.31744385
H 81.80354309 105.57785797 75.99606323
C 85.10472870 107.52051544 76.71936798
H 84.80739594 108.48748016 74.82681274
C 84.59761047 106.55432129 77.56632996
H 83.00043488 105.30624390 78.09287262
H 85.97751617 108.03947449 76.96833801
C 86.50175476 100.22125244 70.85173035
H 85.98044586 99.43402100 70.30447388
H 87.55477142 99.97328186 70.86100006
C 85.96822357 100.29735565 72.28976440
H 86.25544739 101.23978424 72.74482727
H 84.86280060 100.26371002 72.18122864
C 86.55791473 99.27022552 73.21336365
H 86.20796204 98.27136993 73.02443695
H 87.58402252 99.32595825 73.08206177
C 80.29459381 112.97341919 73.27493286
H 80.90370178 113.60923767 73.80600739
H 80.28376770 113.33108521 72.24569702
C 78.89835358 113.11792755 73.91279602
H 78.06548309 112.56331635 73.57737732
H 78.97506714 112.82812500 74.95249176
C 78.51696777 114.64614105 73.92272949
H 78.87117004 115.17219543 73.00692749
H 79.02485657 114.99001312 74.84360504
C 85.34796143 106.32180786 78.82404327
H 85.10416412 105.30515289 79.14486694
H 86.45342255 106.36962891 78.56827545
C 85.09671783 107.18411255 80.01978302
H 85.85376740 106.99099731 80.78629303
H 85.26158142 108.22766876 79.79019928
C 83.72824097 107.00913239 80.72074127
H 83.70143127 107.77217102 81.55523682
H 82.86528015 107.24709320 80.09022522
C 82.61730957 106.59776306 63.78270721
H 81.77214813 105.95893097 63.83226776
H 83.29049683 106.23440552 63.10025787
C 82.27863312 108.03605652 63.49970627
H 81.46928406 108.45533752 64.05285645
H 83.11752319 108.61014557 63.79115295
C 82.05727386 108.31777954 62.04826736
H 81.19896698 107.68627930 61.76475525
H 82.91207886 107.94254303 61.51794434
C 76.99757385 114.89702606 74.05197144
H 76.49418640 114.36960602 73.26981354
H 76.62316895 114.35038757 74.98151398
C 81.71033478 109.81334686 61.76089859
H 80.98495483 110.22824860 62.40027237
H 82.57917023 110.37235260 62.12011337
C 83.55650330 105.52501678 81.23074341
H 83.27059937 104.90312958 80.45074463
H 84.48711395 105.18959045 81.68708038
C 86.33660889 99.45822906 74.76770782
H 86.73519135 100.34576416 75.19844818
H 85.21224976 99.52181244 74.78430939
C 82.43980408 105.54406738 82.25672913
H 81.51074982 105.80016327 81.80422211
H 82.60348511 106.32437897 83.01992035
C 81.48188782 109.98968506 60.28713608
H 80.63549042 109.40322876 59.98517609
H 82.29108429 109.52845764 59.78462601
C 76.58505249 116.38120270 73.89955902
H 75.51836395 116.48175812 73.78259277
H 76.85749817 116.77989960 72.87026978
C 86.83393860 98.33348846 75.60340118
H 86.44070435 97.40639496 75.16710663
H 87.87465668 98.11693573 75.39849091
C 77.04138947 117.24395752 75.08817291
H 76.63724518 116.83419800 76.00308228
H 78.12042999 117.24313354 75.15084076
H 76.86480713 118.37532043 75.00427246
C 81.43315125 111.52333069 59.84648895
H 82.31519318 112.10278320 60.12472916
H 81.35709381 111.52748871 58.70097733
H 80.52268982 112.03829956 60.17071915
C 82.19174194 104.24061584 82.93651581
H 82.28218079 103.39408875 82.22012329
H 82.83807373 104.03076172 83.81349945
H 81.10415649 104.23970795 83.29792023
C 86.43630981 98.54793549 77.09288025
H 85.38037109 98.36412048 77.32079315
H 87.04147339 97.86155701 77.66627502
H 86.75974274 99.53277588 77.47330475
",0.000
32,"372

C 134.83544922 95.51203918 100.29185486
C 134.27729797 94.73612213 101.31359100
C 135.01959229 93.50995636 101.60647583
C 136.21199036 93.04630280 100.91587067
C 136.60322571 93.84311676 99.82228851
C 135.89436340 95.08109283 99.49190521
H 134.33726501 96.47717285 100.05142212
H 136.70254517 92.13134003 101.20510864
C 133.04182434 94.87832642 102.25216675
C 133.20468140 93.64001465 103.07319641
C 134.37599182 92.92007446 102.75038147
C 132.43917847 92.98757935 104.07805634
C 133.03698730 91.80150604 104.49739075
S 134.57398987 91.50948334 103.73838043
C 137.77568054 93.57141876 98.82666016
C 137.53657532 94.73490143 97.90505219
C 136.49211121 95.56667328 98.29843140
C 138.02581787 95.13610840 96.64788055
C 137.54501343 96.35366821 96.22095490
S 136.33364868 96.96652985 97.29356384
C 132.29765320 91.22425842 105.50004578
S 130.91027832 93.28865814 104.84687805
S 139.12272644 94.49709320 95.49989319
C 138.05937195 96.77194214 95.01389313
C 131.02111816 91.80840302 105.82159424
C 139.05934143 95.95850372 94.46759796
H 132.58798218 90.40559387 106.06968689
H 137.76399231 97.70019531 94.47272491
C 139.45478821 96.20018768 93.15949249
C 139.70457458 97.32035065 92.36739349
C 139.81243896 98.80479431 92.84632111
C 140.02130127 97.26139832 90.92183685
C 140.13745117 99.55740356 91.67443085
O 139.68408203 99.28531647 93.96546936
C 140.18501282 98.78074646 90.50001526
C 140.07189941 96.15315247 89.98995209
C 140.39823914 100.93785095 91.66967773
C 140.52381897 99.41971588 89.29994965
C 139.73588562 94.78194427 90.18817902
C 140.38761902 96.32970428 88.59236145
C 140.73275757 101.49876404 90.43263245
H 140.42823792 101.51069641 92.52194977
C 140.75030518 100.75604248 89.27766418
H 140.70626831 98.90267181 88.33991241
N 139.52316284 93.65664673 90.41137695
N 140.61058044 96.49072266 87.43803406
H 140.91749573 102.57649231 90.49922943
H 140.84918213 101.28538513 88.36441040
H 139.58746338 95.21165466 92.71087646
C 130.11886597 91.38421631 106.86450195
C 130.25415039 90.91361237 108.18341827
C 131.57884216 90.78092194 108.87426758
C 129.21220398 90.46261597 109.20929718
C 131.30706787 90.35996246 110.25537109
O 132.69989014 90.93497467 108.42529297
C 129.96760559 90.10209656 110.50059509
C 127.82782745 90.31608582 109.05528259
C 132.24703979 89.93439484 111.17629242
C 129.51580811 89.48362732 111.70601654
C 127.04745483 90.39785004 107.82311249
C 126.96792603 89.81571198 110.08023834
C 131.84490967 89.46609497 112.43029022
H 133.27835083 90.11178589 111.00770569
C 130.49736023 89.20896149 112.64936066
H 128.46984863 89.39619446 111.98947906
N 126.46977997 90.50109100 106.84880829
N 126.27416992 89.42734528 110.94151306
H 132.61929321 89.31411743 113.13948059
H 130.27667236 88.68921661 113.57046509
H 129.12873840 91.55424500 106.48452759
C 137.49116516 92.05811310 98.31209564
C 138.04057312 90.96778870 98.93939209
C 136.40174866 91.73828888 97.44342041
C 137.73255920 89.66235352 98.56969452
H 138.76643372 91.11585999 99.69828796
C 136.03225708 90.41332245 97.02920532
H 135.78721619 92.52159119 96.98473358
C 136.78079224 89.35482025 97.56320953
H 138.30065918 88.85817719 99.08576965
H 135.22972107 90.23993683 96.34865570
C 131.74179077 94.84934998 101.49548340
C 130.55615234 95.45823669 101.97026825
C 131.62886047 94.21244049 100.25926208
C 129.44874573 95.69004059 101.07447815
H 130.52172852 95.77679443 103.00285339
C 130.57890320 94.42607880 99.37117004
H 132.50209045 93.64389038 99.88864136
C 129.48577881 95.26765442 99.73005676
H 128.69631958 96.30393982 101.44840240
H 130.59898376 94.13858032 98.35115814
C 133.29193115 96.16791534 103.10042572
C 132.95602417 97.48112488 102.62545776
C 134.04223633 96.13445282 104.34710693
C 133.20986938 98.63357544 103.37915039
H 132.57528687 97.53093719 101.63889313
C 134.17399597 97.25836182 105.17397308
H 134.48727417 95.24084473 104.78952789
C 133.73237610 98.50086975 104.66205597
H 132.83654785 99.62262726 103.06369781
H 134.51235962 97.09586334 106.18773651
C 139.17214966 93.73754120 99.43403625
C 140.33343506 93.46588898 98.61741638
C 139.33259583 94.11569977 100.79124451
C 141.57015991 93.75743866 99.17042542
H 140.28681946 93.19765472 97.56336975
C 140.59223938 94.29582977 101.34102631
H 138.49673462 94.37932587 101.40595245
C 141.72700500 94.09984589 100.50922394
H 142.36875916 93.72512817 98.44629669
H 140.72123718 94.72110748 102.36931610
C 133.73251343 99.77177429 105.44759369
H 134.44366455 100.56315613 105.04664612
H 132.73095703 100.26612091 105.36470795
C 134.11834717 99.62094879 106.94819641
H 133.30331421 99.13303375 107.51321411
H 134.98927307 98.99936676 107.02348328
C 134.33572388 101.06671143 107.51148224
H 135.16801453 101.59388733 107.00260925
H 133.43791199 101.66057587 107.32512665
C 136.42852783 87.90737152 97.24028778
H 135.60421753 87.81230927 96.56496429
H 137.18162537 87.53092957 96.62915039
C 136.34573364 87.00125885 98.45471954
H 136.17945862 85.92272186 98.05863190
H 137.28530884 86.96541595 98.91007233
C 135.14556885 87.45648956 99.33964539
H 134.29116821 87.59739685 98.72318268
H 135.48271179 88.52275848 99.62933350
C 143.08268738 94.18391418 101.15486908
H 143.90608215 94.51568604 100.45412445
H 143.09986877 94.83161163 102.02943420
C 143.44100952 92.80661774 101.67240906
H 142.64501953 92.51837158 102.35682678
H 143.43016052 92.17811584 100.75426483
C 144.88954163 92.67978668 102.27059174
H 145.62266541 92.85292053 101.45389557
H 144.99166870 93.42556763 103.00440979
C 128.36534119 95.53504944 98.77870941
H 128.53538513 95.23773956 97.74374390
H 128.31181335 96.64228058 98.59939575
C 127.04853821 94.95252991 99.25444031
H 127.18334198 93.89642334 99.43881989
H 126.74199677 95.46555328 100.08797455
C 125.91617584 95.17404938 98.18343353
H 126.13793182 94.70254517 97.20890808
H 125.61885834 96.20979309 97.94602966
C 134.93774414 86.71349335 100.67029572
H 134.80056763 85.63038635 100.45719147
H 135.81204224 86.90840912 101.27740479
C 124.61492920 94.53356171 98.76760101
H 124.90153503 93.49210358 98.94416809
H 124.29139709 95.00209045 99.72810364
C 145.15783691 91.33943176 103.02757263
H 146.16238403 91.35575867 103.40733337
H 144.54672241 91.40225220 103.90731812
C 134.67568970 101.18229675 108.91992188
H 133.79127502 100.79077911 109.41266632
H 135.46247864 100.44066620 109.20519257
C 145.06916809 90.07974243 102.12010193
H 145.68991089 90.29718781 101.23897552
H 144.02388000 90.08049774 101.75589752
C 123.37118530 94.51361847 97.86741638
H 123.04294586 95.55165100 97.64730072
H 122.55422974 94.13685608 98.41537476
C 133.83435059 87.26119232 101.52336884
H 133.74493408 86.59819031 102.42616272
H 132.86920166 87.13252258 101.01611328
C 134.95207214 102.55381012 109.43637848
H 135.06427002 102.52498627 110.52185059
H 135.88929749 102.98371124 109.13743591
C 133.94862366 88.76654816 101.92526245
H 133.24908447 88.91674042 102.73593140
H 134.99778748 88.94895172 102.22647858
H 133.69033813 89.48966980 101.14677429
C 123.59253693 93.71290588 96.58831024
H 124.00907135 92.71237946 96.62678528
H 122.70853424 93.74835205 95.99631500
H 124.41519165 94.14534760 96.01161957
C 145.50700378 88.68410492 102.67991638
H 146.12783813 88.85926819 103.57493591
H 144.63285828 88.04129791 102.89509583
H 146.15977478 88.19852448 101.98584747
C 133.96783447 103.61281586 109.06383514
H 132.95050049 103.30597687 109.05197906
H 134.01824951 104.40876770 109.83923340
H 134.05889893 104.06855774 108.03458405
C 128.19537354 79.87995911 110.59328461
C 128.57778931 80.17169189 109.21025085
C 127.57377625 80.46271515 108.20298004
C 126.24053955 80.19185638 108.51324463
C 125.87413788 79.63490295 109.73040771
C 126.83376312 79.58217621 110.80432129
H 129.00625610 79.87404633 111.32254791
H 125.63059235 80.22820282 107.64900208
C 129.95802307 80.52066803 108.62964630
C 129.57809448 80.74297333 107.17719269
C 128.22262573 80.70964813 106.96773529
C 130.24758911 80.93871307 105.95342255
C 129.35649109 81.04984283 104.83604431
S 127.65490723 80.94409943 105.27880096
C 124.48134613 79.16544342 110.15664673
C 124.76017761 78.68332672 111.58928680
C 126.09743500 79.05995178 111.95220947
C 124.12599182 78.01924896 112.69250488
C 124.91398621 77.95893097 113.87276459
S 126.49706268 78.60844421 113.63615417
C 130.01408386 81.38571167 103.62530518
S 131.93733215 81.03948212 105.51374054
S 122.58113861 77.30827332 112.98462677
C 124.28085327 77.42136383 114.96924591
C 131.38114929 81.51908875 103.84644318
C 122.91397858 77.19516754 114.72663116
H 129.50865173 81.59929657 102.68554688
H 124.60227203 77.33338165 115.98042297
C 122.09104156 76.69870758 115.75642395
C 121.74594879 77.25202942 116.99352264
C 122.11578369 78.56594086 117.52831268
C 120.76219177 76.67065430 117.93141174
C 121.44927216 78.69424438 118.87508392
O 122.79468536 79.40013885 116.98746490
C 120.63934326 77.60108948 119.10912323
C 119.98685455 75.45770264 117.83035278
C 121.39212036 79.78353882 119.75449371
C 119.76676178 77.53465271 120.22306061
C 119.73992157 74.68763733 116.65208435
C 119.02386475 74.88662720 118.73957825
C 120.61558533 79.67928314 120.89288330
H 121.94586945 80.69709778 119.67466736
C 119.79609680 78.59301758 121.11494446
H 119.10720825 76.73042297 120.45706940
N 119.62811279 74.10661316 115.68483734
N 118.23590088 74.38001251 119.44492340
H 120.45635223 80.54705048 121.53534698
H 119.21127319 78.63485718 122.03765869
H 121.49047089 75.84579468 115.43928528
C 132.20942688 81.81227875 102.70962524
C 132.07087708 82.63343048 101.62468719
C 130.99293518 83.59970856 101.38079071
C 133.02499390 82.80458069 100.50075531
C 131.17089844 84.17802429 100.08029175
O 130.00152588 83.91809082 102.10649872
C 132.40495300 83.69623566 99.51332092
C 134.32156372 82.27601624 100.27715302
C 130.39730835 85.08959198 99.38558197
C 132.79991150 84.15836334 98.20538330
C 135.04304504 81.36341858 101.18855286
C 135.11364746 82.45029449 99.10749817
C 130.84768677 85.59276581 98.15515137
H 129.50090027 85.49362183 99.85876465
C 131.98710632 85.09268951 97.58163452
H 133.73721313 84.03414917 97.64788055
N 135.58029175 80.64312744 101.91911316
N 135.76852417 82.56700897 98.17113495
H 130.29301453 86.34194183 97.61036682
H 132.20855713 85.56396484 96.57376099
H 133.15299988 81.33794403 102.80033112
C 123.91540527 77.93370819 109.37468719
C 122.53981018 77.60970306 109.57654572
C 124.70665741 76.96308136 108.66183472
C 121.94146729 76.50843811 109.01091003
H 121.86991882 78.37107849 110.06605530
C 124.07316589 75.87407684 108.08246613
H 125.80953217 76.99320221 108.46084595
C 122.69274902 75.66548157 108.22361755
H 120.91175079 76.28462982 109.15563202
H 124.68432617 75.27777863 107.43094635
C 130.98471069 79.37933350 108.88758850
C 131.23846436 78.34278870 107.84841919
C 131.49009705 79.10634613 110.23980713
C 131.98466492 77.20392609 108.21879578
H 130.92428589 78.42357635 106.81401062
C 132.08671570 77.90011597 110.51618958
H 131.20819092 79.79737091 111.00801086
C 132.37881470 76.96504974 109.56917572
H 132.10633850 76.51216125 107.47863770
H 132.42364502 77.68409729 111.55102539
C 130.45120239 81.86062622 109.14579773
C 131.80641174 82.30729675 109.06468201
C 129.52584839 82.85610962 109.59497833
C 132.23709106 83.62496185 109.25054169
H 132.51133728 81.60406494 108.77462006
C 129.98587036 84.20262146 109.77751160
H 128.41548157 82.74932861 109.85070038
C 131.30322266 84.64440155 109.52324677
H 133.34709167 83.78099060 109.05535889
H 129.31761169 84.94966888 110.21410370
C 123.59316254 80.39984131 110.07497406
C 122.91368103 80.77102661 108.86521149
C 123.48710632 81.32115936 111.16531372
C 122.27894592 81.99893188 108.72669983
H 122.95072174 80.10108185 107.95085144
C 122.73456573 82.55278015 111.06111145
H 124.07904053 81.22183228 112.05744934
C 122.25028229 82.91436768 109.79222870
H 121.90419006 82.30261993 107.76565552
H 122.65567780 83.25836945 111.89253235
C 131.68800354 86.15354156 109.50750732
H 130.83508301 86.72420502 109.82033539
H 132.47503662 86.34263611 110.24485016
C 132.26513672 86.74375916 108.22940063
H 132.51342773 87.80685425 108.36973572
H 133.20689392 86.31067657 107.96468353
C 131.28805542 86.65296936 107.07357025
H 131.26023865 85.63767242 106.73076630
H 130.28149414 86.77460480 107.44640350
C 122.17739105 74.30874634 107.67779541
H 122.99589539 73.58841705 107.84368896
H 121.31920624 73.79756165 108.14532471
C 121.80512238 74.31472015 106.14342499
H 120.75175476 74.43115234 106.06245422
H 122.15666199 75.20890808 105.64012909
C 122.48783875 73.05390167 105.39652252
H 121.99877167 72.13131714 105.74662018
H 123.52578735 73.04993439 105.69219208
C 121.72592926 84.33279419 109.60831451
H 120.90322113 84.32629395 108.82947540
H 121.24776459 84.56701660 110.54526520
C 122.85643005 85.31060791 109.29426575
H 123.36044312 84.97333527 108.35829926
H 122.44728088 86.34143829 109.14799500
C 124.05014038 85.43546295 110.34225464
H 123.60781860 85.82622528 111.22089386
H 124.46327972 84.49961853 110.51580811
C 133.01551819 75.65544891 109.98654175
H 133.81190491 76.04559326 110.54597473
H 133.46618652 75.08824921 109.11968231
C 132.00289917 74.86949921 110.90672302
H 131.83540344 75.37947845 111.82184601
H 131.02331543 74.85373688 110.39486694
C 132.38858032 73.39122009 111.18591309
H 133.41188049 73.28877258 111.59415436
H 132.42959595 72.82328033 110.26166534
C 122.35939026 73.10282898 103.86423492
H 121.28546143 72.89762115 103.58507538
H 122.54254150 74.07799530 103.51367950
C 131.43157959 72.75862885 112.21836853
H 131.38848877 73.35224152 113.14216614
H 130.45028687 72.72098541 111.80456543
C 125.18579865 86.40396881 109.96466827
H 124.85189819 87.31215668 109.40914154
H 125.70504761 86.83547211 110.92599487
C 131.48019409 87.61649323 105.93617249
H 130.96749878 88.48445892 106.29318237
H 132.48533630 88.01628113 105.80467224
C 126.14941406 85.68214417 109.00325775
H 125.54019928 85.35006714 108.15771484
H 126.54592133 84.80909729 109.56076813
C 131.65269470 71.25171661 112.33403778
H 132.64099121 71.05935669 112.66309357
H 131.67498779 70.73841858 111.34529877
C 123.27339172 72.12800598 103.06446838
H 122.95700073 71.19239044 103.45325470
H 124.24878693 72.25238800 103.44822693
C 130.84764099 87.05491638 104.64409637
H 131.51101685 86.31591034 104.21336365
H 129.90769958 86.46120453 104.92642975
C 123.09743500 72.16147614 101.52105713
H 123.34367371 73.17020416 101.19145966
H 123.84616089 71.54920197 101.06683350
H 122.13515472 71.87893677 101.13664246
C 130.58576965 70.60913086 113.26295471
H 129.58851624 70.76889038 112.84008026
H 130.79931641 69.56117249 113.51930237
H 130.65765381 71.09716797 114.23123932
C 127.18865967 86.68872070 108.53698730
H 127.80603027 87.01361847 109.39659882
H 127.84462738 86.19175720 107.85112000
H 126.69044495 87.56768799 108.15741730
C 130.47160339 88.15296173 103.61856842
H 130.00329590 87.63495636 102.70586395
H 129.74507141 88.88237000 103.91152954
H 131.36631775 88.68127441 103.31082153
",0.000
33,"372

C 139.57807922 79.67645264 139.71166992
C 138.73628235 78.53068542 139.58670044
C 138.07176208 77.93598938 140.72390747
C 138.26260376 78.52130890 142.03437805
C 139.01545715 79.71611023 142.14749146
C 139.62086487 80.31284332 140.98390198
H 140.16088867 80.04295349 138.93003845
H 137.73220825 78.07313538 142.84509277
C 138.50759888 77.78552246 138.22737122
C 137.61369324 76.70721436 138.76516724
C 137.39666748 76.80168915 140.17990112
C 136.94989014 75.55863953 138.29670715
C 136.37504578 74.73018646 139.29992676
S 136.38334656 75.51041412 140.86187744
C 139.32196045 80.58592987 143.46722412
C 139.99482727 81.77026367 142.73002625
C 140.19616699 81.57468414 141.35536194
C 140.67247009 82.89962006 143.16854858
C 141.14099121 83.75783539 142.10678101
S 140.99430847 82.92855072 140.56983948
C 135.69212341 73.60773468 138.85285950
S 136.88281250 74.63851166 136.73074341
S 140.96788025 83.53116608 144.70884705
C 141.58552551 84.99291992 142.55513000
C 135.74334717 73.45683289 137.49978638
C 141.59782410 85.06237793 143.96339417
H 135.24064636 72.90482330 139.56770325
H 142.00244141 85.71724701 141.90803528
C 141.89967346 86.28097534 144.70750427
C 142.97949219 87.18296051 144.69538879
C 144.18389893 87.12983704 143.79875183
C 143.14741516 88.37443542 145.57885742
C 145.10090637 88.26603699 144.18347168
O 144.49058533 86.33549500 142.91828918
C 144.54583740 88.99244690 145.23321533
C 142.19320679 88.93378448 146.45007324
C 146.35505676 88.61351776 143.61460876
C 145.33570862 90.02940369 145.80220032
C 140.81515503 88.58454895 146.60481262
C 142.52413940 89.97827911 147.38526917
C 147.11083984 89.63296509 144.16397095
H 146.71337891 88.19508362 142.62898254
C 146.58934021 90.36391449 145.25349426
H 144.87670898 90.54647064 146.71575928
N 139.70652771 88.33797455 146.66488647
N 142.78672791 90.82595825 148.11970520
H 148.06860352 89.86470032 143.77755737
H 147.26062012 91.13592529 145.71109009
H 141.16575623 86.47991180 145.54718018
C 135.33934021 72.19025421 136.96926880
C 134.13488770 71.45502472 136.99099731
C 132.93173218 71.88740540 137.74832153
C 133.84472656 70.16719818 136.37379456
C 131.87196350 70.89476013 137.43861389
O 132.91226196 72.94698334 138.43910217
C 132.39439392 69.83351135 136.70133972
C 134.68572998 69.29378510 135.56178284
C 130.51800537 70.90914917 137.85534668
C 131.51408386 68.74277496 136.39320374
C 136.02680969 69.37578583 135.14877319
C 134.23034668 68.30841064 134.64279175
C 129.64622498 69.87933350 137.52485657
H 130.21600342 71.80370331 138.42991638
C 130.14118958 68.74965668 136.77485657
H 131.87956238 67.88459015 135.81217957
N 137.14834595 69.54232025 134.86837769
N 133.80143738 67.52545166 133.94395447
H 128.64433289 69.94454956 137.73098755
H 129.48207092 67.94540405 136.49221802
H 136.17481995 71.80589294 136.44610596
C 140.15281677 79.90010071 144.56294250
C 139.60327148 78.96455383 145.43490601
C 141.50691223 80.14804077 144.76765442
C 140.36192322 78.36912537 146.41966248
H 138.54985046 78.84526062 145.43087769
C 142.29817200 79.44596100 145.68263245
H 141.94329834 80.97949219 144.17697144
C 141.73312378 78.57362366 146.56558228
H 139.90016174 77.66117859 147.06964111
H 143.35487366 79.69963074 145.83839417
C 139.76522827 77.04375458 137.60833740
C 139.67555237 76.50681305 136.27856445
C 140.99258423 76.82180023 138.34762573
C 140.67648315 75.80404663 135.67457581
H 138.78260803 76.54078674 135.70062256
C 142.02590942 76.15661621 137.65348816
H 141.03237915 77.14309692 139.34869385
C 141.87237549 75.63757324 136.37648010
H 140.56753540 75.46392822 134.66438293
H 143.04273987 76.10192108 138.13011169
C 137.78015137 78.74813080 137.15994263
C 136.37632751 78.61441040 136.99676514
C 138.50689697 79.76548004 136.47821045
C 135.72686768 79.42407990 136.05055237
H 135.89538574 77.93457031 137.63461304
C 137.81155396 80.60131073 135.62951660
H 139.56857300 79.86292267 136.47807312
C 136.42926025 80.45177460 135.42857361
H 134.65504456 79.29158783 135.88284302
H 138.37855530 81.30479431 135.10430908
C 137.96383667 81.14332581 144.15667725
C 136.76617432 81.25610352 143.40747070
C 137.95597839 81.68743134 145.46438599
C 135.58360291 81.75073242 144.01499939
H 136.65589905 80.96554565 142.34294128
C 136.78010559 82.08352661 146.09674072
H 138.88850403 81.58759308 146.09059143
C 135.58676147 82.12746429 145.37721252
H 134.68698120 81.87781525 143.44738770
H 137.02197266 82.33059692 147.12121582
C 135.68701172 81.49790192 134.57722473
H 134.66435242 81.64120483 135.12231445
H 136.09376526 82.48855591 134.59553528
C 135.45005798 81.22169495 133.04031372
H 134.92587280 80.21186829 132.92161560
H 134.71516418 81.95705414 132.67266846
C 136.69483948 81.26616669 132.14123535
H 136.90974426 82.32339478 131.99766541
H 137.54246521 80.78987122 132.51922607
C 142.56262207 77.84753418 147.54075623
H 143.04748535 78.52793121 148.25926208
H 141.90292358 77.19891357 148.09197998
C 143.63882446 76.94295502 147.04830933
H 144.19618225 77.45072937 146.25033569
H 144.22082520 76.89258575 147.97705078
C 143.25827026 75.48516846 146.73129272
H 142.45002747 75.59832001 145.99867249
H 143.02001953 74.92436981 147.61308289
C 134.32933044 82.63076019 146.06581116
H 134.57743835 83.29669189 146.87562561
H 133.87866211 83.26778412 145.32363892
C 133.27220154 81.57069397 146.48159790
H 133.27374268 80.64138031 145.89898682
H 133.53062439 81.12924194 147.42205811
C 131.89184570 82.24101257 146.54663086
H 131.87002563 82.96671295 147.29315186
H 131.82966614 82.81002808 145.60926819
C 143.05754089 74.82695770 135.79789734
H 143.99131775 75.30553436 135.87695312
H 142.97668457 74.65728760 134.71823120
C 143.29666138 73.44429016 136.37530518
H 142.34786987 72.90780640 136.42842102
H 143.93017578 72.90621948 135.65051270
C 143.97982788 73.52269745 137.66714478
H 143.34573364 74.03567505 138.38407898
H 144.85665894 74.19820404 137.70516968
C 144.35110474 74.80727386 145.87158203
H 144.63179016 75.50611115 145.11779785
H 145.27787781 74.65518188 146.45922852
C 144.14912415 72.13821411 138.26376343
H 143.12846375 71.76265717 138.48674011
H 144.69102478 71.51879883 137.59948730
C 130.65145874 81.24235535 146.72334290
H 130.64379883 80.47943115 145.90023804
H 130.96229553 80.64130402 147.61293030
C 136.37655640 80.54238892 130.87071228
H 137.34265137 80.21879578 130.59225464
H 135.75082397 79.65925598 131.11528015
C 129.30224609 81.91110229 146.78439331
H 129.06852722 82.18410492 145.84838867
H 129.21029663 82.79061127 147.31149292
C 144.83496094 72.07722473 139.55444336
H 144.54557800 73.02571106 140.13592529
H 145.88365173 72.41962433 139.29194641
C 143.93394470 73.42915344 145.28376770
H 143.15924072 73.79073334 144.56356812
H 143.52333069 72.88091278 146.16172791
C 135.66339111 81.50576019 129.87707520
H 134.98706055 82.13289642 130.41395569
H 136.44996643 82.17912292 129.60003662
C 145.01139832 72.59862518 144.54933167
H 144.70452881 71.56814575 144.36096191
H 145.13121033 73.17208862 143.58552551
H 145.94885254 72.52307129 145.09407043
C 144.88926697 70.78895569 140.32318115
H 144.68605042 69.96981049 139.68449402
H 145.87843323 70.75844574 140.75880432
H 144.22908020 70.79772186 141.26582336
C 128.25425720 80.95576477 147.28953552
H 128.46514893 80.97692871 148.38061523
H 127.28770447 81.35658264 146.99247742
H 128.44798279 79.92478180 147.02055359
C 135.03182983 80.73965454 128.69465637
H 133.97932434 80.58298492 128.90039062
H 135.08683777 81.33866882 127.80798340
H 135.44090271 79.76763916 128.47036743
C 128.70851135 74.03065491 135.47767639
C 127.49195099 74.58032990 135.78616333
C 127.40329742 75.97860718 136.09388733
C 128.57208252 76.85518646 136.13351440
C 129.73844910 76.26489258 135.69580078
C 129.85035706 74.85207367 135.34336853
H 128.85473633 72.96218872 135.33311462
H 128.39587402 77.90268707 136.38531494
C 126.05766296 73.94395447 135.82077026
C 125.24360657 75.22518921 136.17778015
C 126.01299286 76.32215118 136.31353760
C 123.86609650 75.54802704 136.41331482
C 123.64374542 76.92619324 136.54727173
S 125.19337463 77.77561188 136.70614624
C 131.07427979 76.99207306 135.37388611
C 131.93955994 75.84066010 134.96884155
C 131.24081421 74.61204529 135.01380920
C 133.27114868 75.56278992 134.49981689
C 133.55831909 74.23906708 134.19252014
S 132.07560730 73.23031616 134.40362549
C 122.29363251 77.28691864 136.60388184
S 122.31401062 74.73455048 136.56332397
S 134.61968994 76.55786133 134.14283752
C 134.88114929 73.98342133 133.61318970
C 121.39417267 76.20009613 136.69706726
C 135.66007996 75.20413208 133.66525269
H 122.00216675 78.33652496 136.53208923
H 135.21980286 72.98487091 133.40039062
C 137.01329041 75.23590851 133.21504211
C 138.12213135 74.40877533 133.34532166
C 138.34208679 73.09289551 134.06098938
C 139.39181519 74.66683197 132.65322876
C 139.55383301 72.52871704 133.60319519
O 137.56796265 72.54947662 134.80862427
C 140.30697632 73.47681427 132.88992310
C 139.86358643 75.81797791 131.85099792
C 140.13104248 71.25901794 133.89018250
C 141.54896545 73.11056519 132.32279968
C 139.10194397 77.00063324 131.66113281
C 141.20214844 76.02633667 131.32467651
C 141.31330872 70.87817383 133.27557373
H 139.55368042 70.57310486 134.44461060
C 142.07778931 71.79948425 132.54531860
H 142.13998413 73.79521179 131.71221924
N 138.45420837 77.95202637 131.56037903
N 142.28999329 76.20776367 130.95692444
H 141.64834595 69.88905334 133.41418457
H 143.00769043 71.55056000 132.09783936
H 137.09678650 76.16221619 132.58978271
C 119.98406982 76.47779846 136.57411194
C 118.94701385 77.31561279 137.06015015
C 119.11102295 78.38645935 138.09222412
C 117.49819183 77.24384308 136.76004028
C 117.78913116 78.91349792 138.38287354
O 120.15016174 78.78149414 138.65519714
C 116.84096527 78.31485748 137.54394531
C 116.81275177 76.47439575 135.76060486
C 117.42116547 79.83063507 139.34141541
C 115.55757904 78.84657288 137.50961304
C 117.42810059 75.85753632 134.63584900
C 115.43016815 76.23384094 135.68978882
C 116.09549713 80.21961975 139.44554138
H 118.20402527 80.33310699 139.94320679
C 115.18606567 79.78163910 138.50280762
H 114.83222198 78.61238861 136.77169800
N 117.90570831 75.33991241 133.72734070
N 114.26837158 76.12371063 135.70291138
H 115.84015656 80.85607147 140.27265930
H 114.15049744 80.23133087 138.56002808
H 119.61133575 75.74816132 135.89155579
C 131.62800598 77.64797974 136.70172119
C 132.73995972 77.10762024 137.34533691
C 131.02818298 78.81379700 137.17146301
C 133.24157715 77.76885223 138.51832581
H 133.29623413 76.25420380 137.07644653
C 131.57533264 79.51833344 138.30343628
H 130.17835999 79.12398529 136.70246887
C 132.61415100 78.94832611 139.04974365
H 134.03523254 77.28972626 139.07991028
H 131.13912964 80.40540314 138.69004822
C 125.77559662 72.87107849 136.95414734
C 126.65000153 72.68880463 138.07553101
C 124.70935059 71.95257568 136.78977966
C 126.42291260 71.69095612 139.07588196
H 127.47644806 73.31431580 138.13285828
C 124.58885956 70.92290497 137.76629639
H 123.95716858 72.02076721 136.01551819
C 125.43302917 70.76619720 138.90264893
H 127.06102753 71.57728577 139.97302246
H 123.89051056 70.17182159 137.64434814
C 125.68138885 73.39587402 134.35353088
C 126.27925110 72.28288269 133.76258850
C 124.68910217 74.12808228 133.63699341
C 125.90200043 71.90746307 132.39910889
H 126.94595337 71.68405914 134.31715393
C 124.33148956 73.69779205 132.33895874
H 124.09439087 74.98619080 133.98925781
C 124.87560272 72.56727600 131.69334412
H 126.38509369 71.01760864 131.98672485
H 123.65247345 74.27976990 131.77415466
C 130.98683167 77.95211029 134.19116211
C 132.04785156 78.90055084 133.99459839
C 130.01431274 77.95582581 133.13525391
C 132.24395752 79.71733093 132.82186890
H 132.87376404 79.02529144 134.71484375
C 130.15815735 78.69709778 131.97970581
H 129.24833679 77.15386963 133.10652161
C 131.25308228 79.57743073 131.79144287
H 133.02679443 80.35567474 132.62278748
H 129.49462891 78.62245178 131.13310242
C 124.53217316 72.07252502 130.23960876
H 125.33255005 71.42865753 129.89451599
H 123.65255737 71.48661041 130.20750427
C 124.59327698 73.18121338 129.16059875
H 124.27228546 72.83600616 128.21870422
H 123.71619415 73.79575348 129.28266907
C 125.96961212 74.06674194 129.07135010
H 126.04634857 74.61065674 130.04576111
H 126.81275177 73.42658997 128.82319641
C 133.10795593 79.62580872 140.39060974
H 132.41676331 80.43053436 140.58128357
H 133.10072327 78.80976868 141.17372131
C 134.49380493 80.35798645 140.27770996
H 134.81126404 80.62718201 141.27278137
H 135.19731140 79.62535095 139.88002014
C 134.75148010 81.53550720 139.25794983
H 133.99873352 82.34451294 139.44425964
H 134.56459045 81.18300629 138.25189209
C 131.29800415 80.45373535 130.55166626
H 132.33763123 80.78285980 130.42047119
H 131.03417969 79.80096436 129.80932617
C 130.39712524 81.71245575 130.48927307
H 130.48922729 82.05756378 129.46443176
H 129.31451416 81.37142944 130.51646423
C 130.67735291 82.88395691 131.43211365
H 129.98652649 83.71329498 131.25302124
H 130.35530090 82.58376312 132.44454956
C 125.12861633 69.65859985 139.95503235
H 124.08844757 69.86783600 140.21929932
H 125.73202515 69.91289520 140.87655640
C 125.24177551 68.20163727 139.63835144
H 124.73544312 67.94882202 138.76435852
H 126.29579926 67.88626099 139.48814392
C 124.66063690 67.37255859 140.80415344
H 123.60031128 67.60895538 140.95524597
H 125.21480560 67.60216522 141.69787598
C 136.13330078 82.16104889 139.34031677
H 136.34402466 82.50183105 140.36390686
H 136.78141785 81.32071686 139.02926636
C 124.71661377 65.86503601 140.47688293
H 123.92321777 65.40913391 141.11408997
H 124.39568329 65.60033417 139.52487183
C 132.07073975 83.39899445 131.43615723
H 132.57650757 82.62103271 132.02813721
H 132.47871399 83.36244202 130.39538574
C 125.85141754 75.02165222 127.85020447
H 124.86517334 75.43999481 127.94425964
H 126.52512360 75.84629822 128.00227356
C 132.29270935 84.77757263 132.18330383
H 131.88241577 84.68129730 133.20831299
H 131.75772095 85.58281708 131.54959106
C 125.95284271 65.16560364 140.91058350
H 125.97248840 65.04783630 142.00263977
H 126.82039642 65.81300354 140.59475708
C 136.35754395 83.26309967 138.31275940
H 135.50473022 83.94467926 138.37089539
H 136.13627625 82.85688019 137.27128601
C 125.80976868 74.60112762 126.35968018
H 126.77326965 74.07343292 126.30656433
H 124.98149872 73.87623596 126.29009247
C 137.69715881 83.89578247 138.60870361
H 138.32479858 83.11224365 138.68528748
H 138.07046509 84.59919739 137.88270569
H 137.59243774 84.46180725 139.54719543
C 126.01181030 63.80361938 140.29222107
H 125.17795563 63.09104919 140.50091553
H 126.08314514 63.88263702 139.20481873
H 127.02951050 63.32689285 140.53817749
C 133.74700928 85.16809082 132.38159180
H 134.18969727 85.65663910 131.46208191
H 133.77912903 85.95205688 133.15809631
H 134.25956726 84.27696991 132.62687683
C 125.64527893 75.65105438 125.29063416
H 125.91678619 75.23301697 124.38079071
H 124.55791473 75.94058990 125.31003571
H 126.31555939 76.48842621 125.44316101
",0.003
34,"372

C 117.50778198 92.08708954 124.66635895
C 117.13587189 92.64761353 125.86057281
C 118.06260681 92.66429138 126.95558167
C 119.37285614 92.09248352 126.77676392
C 119.68636322 91.48151398 125.58647919
C 118.74948120 91.56484222 124.52624512
H 116.85405731 92.25329590 123.82144165
H 120.18079376 91.90352631 127.48970795
C 115.76341248 93.36874390 126.23550415
C 116.17906952 93.94134521 127.65346527
C 117.37412262 93.36801147 128.05725098
C 115.53623199 94.71472931 128.65728760
C 116.33843231 94.79501343 129.82873535
S 117.78561401 93.81189728 129.64855957
C 121.02956390 90.80448914 125.29184723
C 120.72234344 90.47244263 123.76473999
C 119.43734741 90.92225647 123.40809631
C 121.36419678 89.78154755 122.74535370
C 120.56784058 89.75983429 121.55042267
S 119.01961517 90.53804016 121.77898407
C 115.74909973 95.69525146 130.75288391
S 114.10935211 95.58619690 128.76133728
S 122.92517853 89.12439728 122.40882874
C 121.21265411 89.14565277 120.51407623
C 114.54644012 96.31986237 130.34126282
C 122.47991180 88.61915588 120.76520538
H 116.20275116 95.89786530 131.70979309
H 120.68840027 88.94988251 119.55892944
C 122.85118103 87.49283600 120.00336456
C 123.09558105 87.22621155 118.69035339
C 123.07519531 88.27922821 117.69651031
C 123.16271210 85.90953827 118.05583191
C 123.18114471 87.59479523 116.41199493
O 123.01702881 89.53131866 117.84363556
C 123.29184723 86.18517303 116.61654663
C 123.10580444 84.58576965 118.58070374
C 123.26981354 88.15263367 115.12445068
C 123.49345398 85.33216095 115.50333405
C 122.90908051 84.22417450 119.99146271
C 122.75460815 83.37442780 117.83769989
C 123.44879150 87.22148132 114.01795959
H 123.37129974 89.13281250 114.94330597
C 123.59134674 85.81937408 114.23838806
H 123.62458038 84.31586456 115.62725830
N 122.79055023 83.89397430 121.10030365
N 122.42817688 82.41146088 117.29947662
H 123.68420410 87.54976654 113.04473877
H 123.97268677 85.24551392 113.40710449
H 122.93061066 86.63730621 120.64736176
C 113.72085571 96.99394989 131.26150513
C 113.89958954 97.89599609 132.32994080
C 115.19946289 98.33083344 132.95274353
C 112.83945465 98.39867401 133.24166870
C 114.93641663 98.89725494 134.26301575
O 116.31731415 98.17141724 132.47492981
C 113.54259491 99.10198975 134.40255737
C 111.35488129 98.27882385 133.19244385
C 115.83377075 99.37529755 135.23242188
C 113.02616882 99.65601349 135.56256104
C 110.62959290 97.79565430 132.08935547
C 110.42261505 98.73152161 134.11741638
C 115.27840424 100.01620483 136.42460632
H 116.85691071 99.21423340 134.97940063
C 113.86544800 100.10088348 136.54504395
H 111.92556000 99.69371796 135.78646851
N 110.02705383 97.35977173 131.18098450
N 109.67306519 99.14765167 134.89012146
H 115.92286682 100.32688141 137.24945068
H 113.38195038 100.46247101 137.45028687
H 112.74804688 96.84712982 130.91377258
C 121.12763214 89.52112579 126.12047577
C 121.76518250 89.42276001 127.40498352
C 120.44248199 88.36495209 125.64898682
C 121.86906433 88.23149109 128.18135071
H 122.22129059 90.33489227 127.77650452
C 120.54514313 87.17117310 126.35308838
H 119.76825714 88.42337799 124.82157135
C 121.22982025 87.10254669 127.61174774
H 122.30401611 88.18750763 129.16007996
H 119.93035126 86.27845764 126.04030609
C 114.80609894 92.18917847 126.27380371
C 114.51206970 91.53323364 127.58200836
C 114.28734589 91.53020477 125.14867401
C 113.69087219 90.40712738 127.61831665
H 114.91947937 91.97009277 128.53822327
C 113.47927094 90.40335083 125.20674896
H 114.52628326 91.97711182 124.18866730
C 113.15605164 89.81576538 126.45449829
H 113.40927124 89.99345398 128.59196472
H 113.21559906 89.99419403 124.20108032
C 115.46271515 94.53994751 125.27751923
C 116.50910187 95.20831299 124.59338379
C 114.14184570 95.02721405 125.18560028
C 116.20189667 96.32598877 123.77322388
H 117.55079651 94.94782257 124.68509674
C 113.82279968 96.15363312 124.39270020
H 113.43886566 94.55624390 125.82549286
C 114.85762024 96.86916351 123.73762512
H 116.99382782 96.89446259 123.28152466
H 112.79636383 96.48524475 124.36384583
C 122.28578186 91.71887970 125.30062866
C 123.57187653 91.21482849 125.53510284
C 122.17433929 92.99519348 124.74877167
C 124.71049500 92.01968384 125.25991821
H 123.76325989 90.19405365 125.84548187
C 123.27328491 93.85818481 124.64804077
H 121.24052429 93.34446716 124.38771820
C 124.58200073 93.37247467 124.94352722
H 125.71277618 91.57137299 125.44348145
H 123.07377625 94.91481018 124.37644196
C 114.63072968 98.18398285 123.05073547
H 115.46992493 98.33753204 122.40474701
H 113.87071991 97.87200165 122.32751465
C 114.08421326 99.41781616 123.81645966
H 114.87136078 99.90157318 124.35853577
H 113.76091766 100.02192688 122.92378235
C 112.95604706 99.30065155 124.80506897
H 112.11229706 98.84339905 124.16897583
H 113.16158295 98.57044220 125.54544067
C 121.05667877 85.79207611 128.36309814
H 120.74056244 85.04401398 127.72986603
H 122.02572632 85.61983490 128.90347290
C 120.07679749 85.85303497 129.57272339
H 119.97801208 84.92689514 130.05659485
H 120.41513824 86.62847900 130.37928772
C 118.63546753 86.28028107 129.24855042
H 118.06227112 85.87184143 130.09701538
H 118.20084381 85.76032257 128.38317871
C 125.78475189 94.32012939 124.64823151
H 126.44644928 93.82457733 123.95818329
H 125.35648346 95.12057495 124.02829742
C 126.46250153 94.93412781 125.88687134
H 125.64031982 95.35945129 126.41139221
H 126.92031097 94.08748627 126.45632935
C 127.50524139 96.12958527 125.61349487
H 128.29277039 95.70314026 125.00437164
H 127.02914429 96.89657593 125.00283813
C 112.37117767 88.53848267 126.42291260
H 111.91558075 88.45148468 125.44717407
H 111.61848450 88.52822113 127.22489166
C 113.19963074 87.21692657 126.47036743
H 112.62059021 86.37826538 126.12741852
H 114.07810211 87.21950531 125.88291168
C 113.55236816 86.66558075 127.88592529
H 112.62828827 86.66686249 128.45350647
H 114.22059631 87.34680176 128.39361572
C 118.38108063 87.76920319 129.24465942
H 118.96164703 88.17259216 130.06085205
H 118.81559753 88.19259644 128.31874084
C 114.01219177 85.18560791 127.77464294
H 113.24868011 84.63042450 127.28790283
H 114.92394257 85.14778900 127.14029694
C 127.99391937 96.82543182 126.89698792
H 128.59524536 96.21978760 127.48876190
H 128.64083862 97.64128876 126.64540863
C 112.65653992 100.55363464 125.53276062
H 111.93376923 100.28749847 126.27243042
H 113.58309937 100.80659485 126.04888153
C 126.94715118 97.38062286 127.87642670
H 126.36557007 96.59973145 128.29196167
H 126.24904633 98.03773499 127.39738464
C 114.29685211 84.67888641 129.25665283
H 113.38219452 84.48201752 129.82719421
H 115.00205994 85.32314301 129.81755066
C 116.99607086 88.26409912 129.46214294
H 116.67093658 87.81702423 130.33874512
H 116.34513092 87.76860046 128.79936218
C 112.06397247 101.76018524 124.70154572
H 112.70703888 102.15074921 123.95499420
H 111.13178253 101.38509369 124.23835754
C 116.66780853 89.74520111 129.57336426
H 117.12501526 90.14287567 130.41174316
H 117.08827209 90.32629395 128.67680359
H 115.62481689 89.87942505 129.57060242
C 114.92530823 83.28556061 129.15483093
H 114.30782318 82.40225983 128.77732849
H 115.83413696 83.43828583 128.53019714
H 115.21035767 82.88764954 130.11735535
C 127.44731140 98.12890625 129.12573242
H 128.10974121 98.99006653 128.90075684
H 126.62851715 98.43289185 129.81231689
H 128.12377930 97.39326477 129.59819031
C 111.80329132 102.90221405 125.72722626
H 112.56134796 103.21038818 126.56061554
H 111.50543213 103.82789612 125.30104828
H 110.92648315 102.61434174 126.23097229
C 128.29861450 89.21446228 124.97401428
C 129.19104004 89.61876678 123.91358185
C 129.90078735 88.66837311 123.11309814
C 129.76844788 87.31930542 123.34156799
C 129.04118347 86.88333130 124.48590851
C 128.31108093 87.79166412 125.31311035
H 127.60839081 89.84696198 125.45252228
H 130.12118530 86.52131653 122.66661835
C 129.40393066 91.05733490 123.26447296
C 130.43888855 90.72542572 122.21869659
C 130.68750000 89.33426666 122.14859009
C 131.23199463 91.36964417 121.27171326
C 131.97428894 90.51091003 120.43791199
S 131.88302612 88.84639740 121.02062988
C 128.93499756 85.42374420 124.97496796
C 128.07527161 85.68465424 126.20391846
C 127.72270966 87.04373932 126.38806915
C 127.61962128 84.94982910 127.26399994
C 126.89759064 85.66822052 128.18853760
S 126.68386078 87.32412720 127.74497223
C 132.87210083 91.16234589 119.56940460
S 131.58413696 93.06224060 120.88389587
S 127.79624939 83.27362823 127.60420227
C 126.52589417 84.93181610 129.29365540
C 132.84146118 92.54873657 119.66506958
C 127.10874939 83.59156036 129.21247864
H 133.50498962 90.58551788 118.88789368
H 125.99443817 85.24285889 130.14704895
C 126.92568207 82.63463593 130.29446411
C 126.98126221 82.52168274 131.71701050
C 127.17892456 83.68580627 132.66491699
C 126.82128143 81.31602478 132.47250366
C 127.05518341 83.14713287 133.99069214
O 127.27046204 84.85411835 132.32940674
C 126.84013367 81.73213959 133.93429565
C 126.68212128 79.94354248 132.08439636
C 127.16549683 83.74792480 135.25848389
C 126.75550842 81.05403137 135.15534973
C 126.78021240 79.49942780 130.72583008
C 126.60710144 78.82923126 132.97099304
C 126.92904663 83.05796814 136.48161316
H 127.47158051 84.77948761 135.24555969
C 126.75453949 81.68201447 136.37611389
H 126.58090210 79.99935150 135.23240662
N 126.88055420 79.24540710 129.59597778
N 126.55521393 77.83983612 133.61131287
H 126.92707825 83.60572052 137.42849731
H 126.58425140 81.14360809 137.27264404
H 126.71775818 81.84497070 129.70520020
C 133.42846680 93.36640930 118.65419769
C 134.43913269 93.31806946 117.72168732
C 135.54263306 92.34401703 117.74434662
C 134.71585083 94.18724060 116.55468750
C 136.46913147 92.63371277 116.62923431
O 135.80796814 91.50177002 118.58775330
C 136.00227356 93.72632599 115.89869690
C 134.00088501 95.32162476 116.09686279
C 137.68345642 92.05015564 116.32678223
C 136.65902710 94.07448578 114.73999023
C 132.94210815 95.93753052 116.78294373
C 134.10342407 95.86589813 114.82690430
C 138.45155334 92.56626129 115.26099396
H 138.08534241 91.15744781 116.75467682
C 137.96235657 93.64189911 114.47091675
H 136.31886292 94.79277802 114.02481842
N 132.01390076 96.37714386 117.36931610
N 134.23930359 96.20449066 113.72695160
H 139.44419861 92.10615540 115.01288605
H 138.50236511 94.04186249 113.70273590
H 132.86137390 94.30625153 118.61312866
C 130.38674927 84.95561218 125.39135742
C 130.85842896 85.02594757 126.74680328
C 131.28999329 84.42407227 124.43246460
C 132.20060730 84.70117188 127.03568268
H 130.25556946 85.26891327 127.53961182
C 132.64817810 84.17693329 124.70836639
H 130.93043518 84.26908112 123.41472626
C 133.10476685 84.32017517 126.03384399
H 132.44041443 84.81313324 128.09733582
H 133.20916748 83.77042389 123.90214539
C 129.85479736 92.01918793 124.34793091
C 128.92778015 92.56880951 125.23306274
C 131.26359558 92.23113251 124.67238617
C 129.36714172 93.15740967 126.44857025
H 127.93191528 92.53826141 124.99240875
C 131.67233276 92.97062683 125.79192352
H 132.05894470 92.03285217 123.96076965
C 130.70153809 93.33408356 126.72093964
H 128.68916321 93.52060699 127.17242432
H 132.70600891 93.11265564 125.93872833
C 128.17997742 91.57683563 122.51806641
C 127.16449738 90.61018372 122.08757782
C 128.05757141 92.91734314 122.07792664
C 126.05393219 91.05375671 121.37377167
H 127.23867798 89.53206635 122.29980469
C 126.97587585 93.35741425 121.32160950
H 128.79258728 93.66059113 122.36331177
C 125.98139191 92.41387939 120.90386200
H 125.28727722 90.31530762 121.11209869
H 126.99842834 94.41160583 121.01045990
C 128.14131165 84.61454010 123.81892395
C 128.30622864 83.18225861 123.72087097
C 127.36618042 85.31571960 122.83865356
C 127.73265839 82.43807983 122.62976837
H 128.83886719 82.70941162 124.55117798
C 126.83509064 84.57064819 121.80255127
H 127.25035858 86.35962677 122.78855133
C 126.99767303 83.13838196 121.67856598
H 127.87383270 81.39089203 122.51316071
H 126.23812866 85.10186005 121.04506683
C 124.78540039 92.79402161 119.97889709
H 125.18536377 93.66619873 119.42022705
H 124.50322723 92.01974487 119.33448029
C 123.58615112 93.28746033 120.75984955
H 123.05457306 92.51885223 121.33267975
H 123.87341309 94.08506012 121.40401459
C 122.42334747 93.86905670 119.98143768
H 122.80586243 94.78652954 119.52381897
H 122.29977417 93.26983643 119.02082825
C 134.58822632 83.99506378 126.36606598
H 134.55990601 83.63956451 127.43302917
H 134.91961670 83.12919617 125.73432922
C 135.57254028 85.17765045 126.12113953
H 135.27978516 85.98849487 126.72686768
H 136.52844238 84.94100189 126.44454193
C 135.73582458 85.76031494 124.65130615
H 134.72676086 86.10015869 124.26325989
H 135.98176575 84.90946960 124.00933838
C 126.37707520 82.45057678 120.37374878
H 126.40113831 81.37994385 120.49893188
H 125.29411316 82.55304718 120.28905487
C 127.11988831 82.81364441 118.99674225
H 127.03191376 83.88920593 118.78741455
H 128.11112976 82.52244568 119.10121155
C 126.57120514 82.17277527 117.76535034
H 126.73368835 81.06520081 117.74168396
H 125.51133728 82.31124878 117.86355591
C 131.07142639 93.87832642 128.10935974
H 131.73727417 93.12104034 128.59655762
H 130.16697693 93.97602081 128.77008057
C 131.70663452 95.28501892 128.02505493
H 132.63653564 95.12950134 127.55992126
H 131.22032166 96.10513306 127.34433746
C 131.91183472 95.73019409 129.45492554
H 132.60275269 94.96904755 129.87210083
H 131.03924561 95.53371429 130.08412170
C 136.81144714 86.88198853 124.58343506
H 136.52299500 87.79953003 125.18360901
H 137.74748230 86.62547302 125.08192444
C 132.50914001 97.11865997 129.57609558
H 133.47962952 97.11611176 129.08404541
H 131.79879761 97.74278259 129.03829956
C 126.94866180 82.71499634 116.40673065
H 126.54890442 83.72717285 116.21285248
H 127.97690582 83.00988007 116.39311218
C 121.05204010 94.06227875 120.67784119
H 120.54114532 93.17956543 121.00107574
H 121.22516632 94.55851746 121.61855316
C 126.69534302 81.81990051 115.14603424
H 125.73668671 81.34447479 115.17588806
H 127.35144043 80.95934296 115.17259216
C 132.59687805 97.54238892 131.02384949
H 133.32168579 98.39916229 131.06062317
H 133.03413391 96.68930054 131.51930237
C 137.21722412 87.15940094 123.11238098
H 136.36381531 87.52297211 122.63404083
H 137.56071472 86.25358582 122.59757996
C 120.13806915 95.01663971 119.87728119
H 120.60345459 95.98133087 119.61840820
H 120.06651306 94.52205658 118.83290863
C 138.09515381 88.32884979 122.78350067
H 137.89012146 89.16266632 123.47648621
H 139.18618774 88.09082031 122.94144440
H 137.89834595 88.85243225 121.81715393
C 131.27557373 97.98214722 131.60873413
H 131.21788025 98.04352570 132.73309326
H 130.97138977 99.04679871 131.26408386
H 130.52841187 97.27319336 131.28311157
C 126.90142822 82.53127289 113.78565216
H 126.19634247 83.39273834 113.71762848
H 127.89792633 82.88006592 113.64675903
H 126.72236633 81.81880188 112.96572876
C 118.76722717 95.10546875 120.57036591
H 118.84208679 95.68267059 121.50811005
H 117.98536682 95.55853271 119.93036652
H 118.42565918 94.16138458 120.72898865
",0.000
35,"372

C 113.86356354 69.11947632 66.64032745
C 114.88664246 69.71025085 65.97307587
C 115.50154114 70.86412811 66.54880524
C 114.97675323 71.48351288 67.79762268
C 114.03646851 70.79920197 68.50788116
C 113.54380798 69.59233856 67.95198059
H 113.34951019 68.26824188 66.28604889
H 115.42483521 72.41190338 68.07380676
C 115.53289795 69.27322388 64.64841461
C 116.61639404 70.36820221 64.50970459
C 116.45798492 71.29901123 65.57121277
C 117.66790009 70.70671082 63.68705368
C 118.17855072 71.97064209 64.00583649
S 117.41664886 72.64890289 65.41104126
C 113.56623840 71.01110077 69.97509766
C 112.72211456 69.70794678 70.15498352
C 112.71919250 68.95193481 68.93389130
C 111.91651154 69.03576660 71.14193726
C 111.33247375 67.81368256 70.61151886
S 111.74613190 67.53798676 68.89175415
C 119.14778137 72.45462036 63.07316589
S 118.61009216 69.84048462 62.42948151
S 111.49932098 69.16934204 72.81129456
C 110.53249359 67.16906738 71.56374359
C 119.50074005 71.39527130 62.16374969
C 110.52349854 67.75182343 72.84490967
H 119.73168945 73.35001373 63.04327393
H 109.87261200 66.38329315 71.32054901
C 109.61510468 67.40135956 73.88259125
C 109.10458374 66.27693939 74.55490112
C 109.47624207 64.82968140 74.23867035
C 108.31552887 66.24692535 75.80593872
C 108.95444489 63.99372864 75.26786041
O 110.12177277 64.45308685 73.27936554
C 108.22489166 64.77859497 76.17524719
C 107.83564758 67.39584351 76.59425354
C 109.09069824 62.59703064 75.28830719
C 107.68978882 64.04833984 77.26483917
C 107.88050842 68.83197021 76.23958588
C 106.96001434 67.14086914 77.74927521
C 108.48921204 61.97941971 76.36688232
H 109.69078827 62.08270645 74.59656525
C 107.81870270 62.65861130 77.34669495
H 107.27866364 64.58242798 78.08083344
N 107.88328552 69.94691467 75.95735168
N 106.29608154 66.84221649 78.62483978
H 108.55159760 60.93117142 76.44409180
H 107.32526398 62.22715759 78.15094757
H 109.33947754 68.35527039 74.29194641
C 120.59613800 71.61737061 61.31444168
C 121.14496613 72.65641785 60.54972839
C 120.41702271 73.88552094 60.12358093
C 122.46599579 72.64990234 59.92724991
C 121.23566437 74.53999329 59.16594696
O 119.31356812 74.24625397 60.50263977
C 122.46908569 73.88681793 59.01965714
C 123.60553741 71.86044312 60.21617126
C 120.96736145 75.70654297 58.42605972
C 123.50242615 74.47296906 58.18135834
C 123.89903259 70.92344666 61.33092499
C 124.97118378 72.25843811 59.87743378
C 121.96360779 76.39846039 57.71060944
H 119.94673920 76.03363800 58.44745636
C 123.19261932 75.72982788 57.48474503
H 124.53990936 73.95899200 57.99629593
N 124.16031647 70.13291168 62.16751099
N 126.04886627 72.53852081 59.66261673
H 121.81815338 77.34846497 57.13377762
H 123.87920380 76.09889984 56.77205658
H 121.18486023 70.74549866 61.26880646
C 112.73787689 72.29574585 70.16307831
C 113.08329773 73.52835846 69.54522705
C 111.73986816 72.39888763 71.13012695
C 112.30364990 74.76145935 69.75492096
H 113.83220673 73.70761108 68.77886200
C 111.04017639 73.57297516 71.45265961
H 111.45664978 71.55382538 71.71525574
C 111.21688080 74.71117401 70.69648743
H 112.64730835 75.65879822 69.31639862
H 110.29322052 73.57872009 72.25302887
C 114.36974335 69.31698608 63.51390839
C 114.23604584 70.41059875 62.69349670
C 113.30242920 68.32334900 63.51642609
C 113.04475403 70.60817719 61.88917542
H 114.98635864 71.21841431 62.63707352
C 112.13263702 68.46485138 62.76224518
H 113.28945923 67.40155792 64.14959717
C 112.05503845 69.58264160 61.92308426
H 112.82400513 71.48820496 61.27662659
H 111.26909637 67.78104401 62.85678482
C 116.13538361 67.83702087 64.63017273
C 116.53061676 67.34749603 63.35858536
C 116.39528656 67.11048889 65.82669830
C 116.97222900 66.04415131 63.29072952
H 116.52938843 68.01477051 62.42840576
C 116.84300232 65.78918457 65.71343231
H 116.15148163 67.52140808 66.75264740
C 117.06423187 65.22740173 64.45214081
H 117.11795807 65.67128754 62.35250092
H 116.89899445 65.15963745 66.57183075
C 114.74627686 70.80094910 70.91633606
C 114.82268524 71.51975250 72.13702393
C 115.80552673 69.84957886 70.67453766
C 115.79955292 71.14868164 73.09116364
H 114.00410461 72.22480774 72.48762512
C 116.89376831 69.64605713 71.54627991
H 115.68711853 69.35086060 69.74205780
C 116.85781097 70.23563385 72.81495667
H 115.87075806 71.59358215 74.03765869
H 117.69020081 68.95267487 71.22581482
C 117.60383606 63.80884552 64.38941193
H 118.15226746 63.67050934 63.40800858
H 118.25396729 63.51232147 65.17327881
C 116.50474548 62.74804688 64.36804199
H 115.72151947 62.96555328 65.13805389
H 115.94504547 62.91254807 63.48603439
C 117.10731506 61.33832932 64.34821320
H 117.89230347 61.26854324 63.65015793
H 117.46750641 61.07879257 65.31969452
C 110.39785767 75.98577118 70.87920380
H 109.96460724 75.98236847 71.89968109
H 111.03530121 76.90059662 70.73989868
C 109.15578461 76.17420197 69.93691254
H 108.91124725 77.18771362 70.20447540
H 109.57873535 76.23165131 68.91578674
C 107.91515350 75.28031921 70.26033783
H 107.77835846 75.01766205 71.28885651
H 108.04458618 74.26406860 69.80491638
C 117.86219788 69.77153015 73.76899719
H 117.71585083 68.74418640 73.98863220
H 118.77738953 69.99466705 73.24310303
C 117.96706390 70.52126312 75.07215881
H 117.94355011 71.60328674 74.99642181
H 117.13283539 70.23411560 75.67065430
C 119.22647858 69.98835754 75.92578888
H 119.11056519 70.10425568 76.95037079
H 119.43148041 68.95939636 75.81386566
C 110.96051025 69.62768555 60.94205093
H 110.35994720 70.45381927 61.04575729
H 110.27040100 68.82019806 61.19847488
C 111.32737732 69.45104980 59.47171402
H 110.43733978 69.68874359 58.87931061
H 112.05184937 70.14427948 59.19578552
C 111.73640442 68.01239777 59.26466370
H 111.07108307 67.28961945 59.82440186
H 112.70881653 67.80866241 59.79334641
C 106.61557770 75.83573914 69.61058044
H 106.30726624 76.77532959 69.95207214
H 106.91070557 75.97644043 68.53319550
C 112.04300690 67.63915253 57.81572342
H 111.20133972 67.77223206 57.15056610
H 112.65003204 68.47350311 57.44446564
C 120.51281738 70.83889008 75.74897766
H 121.32156372 70.20909119 76.11750031
H 120.66070557 71.08866882 74.64570618
C 116.07929993 60.19733429 64.17987061
H 116.56566620 59.20548630 64.33497620
H 115.28150177 60.24753571 64.92024231
C 120.79151154 72.18119812 76.53140259
H 119.89326477 72.74479675 76.51839447
H 121.55104065 72.81343842 76.11713409
C 112.67697144 66.22599030 57.63713837
H 111.94567871 65.39230347 57.52069473
H 113.14381409 66.06520081 58.61832047
C 105.42867279 74.85649872 69.68841553
H 105.33282471 74.59958649 70.69647217
H 105.61672211 73.91416168 69.12926483
C 115.33668518 60.09236526 62.82229614
H 114.43692017 59.38314819 62.91477203
H 115.02390289 61.14540482 62.52051163
C 103.96479797 75.27693176 69.22552490
H 103.30194855 74.46354675 69.17027283
H 103.64387512 75.98450470 69.88114166
H 104.07396698 75.72777557 68.27707672
C 113.53213501 66.26173401 56.33586502
H 112.83256531 66.30395508 55.49858856
H 114.03329468 67.23147583 56.19193268
H 114.28152466 65.49443054 56.12657928
C 121.09580231 71.88927460 78.04666138
H 120.23825073 71.53513336 78.64642334
H 121.92782593 71.24804688 78.31406403
H 121.37845612 72.86481476 78.51973724
C 116.12123108 59.58869171 61.65555954
H 115.59784698 59.85098267 60.70671844
H 117.02300262 60.12473679 61.51662064
H 116.29474640 58.45224380 61.65703964
C 120.24524689 67.61668396 71.90322113
C 121.42330933 68.16294861 71.36674500
C 122.66815948 67.76034546 71.90385437
C 122.76957703 66.67253113 72.88306427
C 121.55622864 66.07768250 73.37723541
C 120.28168488 66.57332611 72.87693024
H 119.31929016 67.93426514 71.42320251
H 123.75001526 66.28291321 73.10213470
C 121.63349915 69.13665771 70.14305878
C 123.13458252 69.44673157 70.31964111
C 123.67747498 68.58238983 71.27667999
C 124.08314514 70.44619751 70.00239563
C 125.36524200 70.18173981 70.48947906
S 125.39945984 68.74244690 71.46715546
C 121.45692444 64.91783142 74.36695099
C 119.88059235 64.83065796 74.33745575
C 119.21887207 65.76197052 73.49411774
C 118.97517395 63.98733521 74.98928833
C 117.60824585 64.28747559 74.58249664
S 117.47825623 65.58015442 73.40077972
C 126.36809540 71.02525330 70.03938293
S 124.07063293 71.86822510 69.05234528
S 119.01631927 62.77537537 76.23020172
C 116.65619659 63.55053329 75.18410492
C 125.84971619 71.93088531 69.11930847
C 117.19885254 62.61048889 76.06920624
H 127.42990112 70.86479950 70.25722504
H 115.65104675 63.60639191 75.06154633
C 116.46940613 61.48151779 76.68814850
C 115.16080475 60.88916779 76.76185608
C 113.86377716 61.28788376 76.08364868
C 114.89170074 59.65220261 77.49519348
C 112.93339539 60.24177933 76.32717896
O 113.57875824 62.24437332 75.44010162
C 113.49855042 59.23722458 77.11974335
C 115.71655273 58.97705078 78.56600189
C 111.65988159 60.07049942 75.80570221
C 112.72547150 58.07017517 77.42105865
C 117.02375031 59.27033615 79.11520386
C 115.29596710 57.75174332 79.16732788
C 110.87805176 58.98583984 76.11103821
H 111.34513855 60.83543015 75.12918854
C 111.35832977 58.00789261 76.98896027
H 113.20559692 57.28445816 77.87110901
N 118.11093140 59.55931091 79.47334290
N 114.97370911 56.71338654 79.61174774
H 109.81449890 58.90173721 75.74304199
H 110.74588776 57.10834503 77.18234253
H 117.20492554 61.01508331 77.28541565
C 126.62040710 72.94809723 68.62854004
C 127.82027435 73.09552765 67.96479797
C 128.76988220 72.01358032 67.45011902
C 128.48493958 74.41066742 67.62226105
C 129.90750122 72.73574066 66.88380432
O 128.60778809 70.81795502 67.45795441
C 129.76568604 74.09061432 66.96209717
C 128.01266479 75.71090698 67.86360931
C 131.06684875 72.13233948 66.38847351
C 130.80253601 74.85060883 66.41010284
C 126.75772858 76.07548523 68.43223572
C 128.75863647 76.89589691 67.57801056
C 132.16282654 72.88057709 65.94813538
H 131.10249329 71.05448151 66.42618561
C 132.03022766 74.29415894 65.93382263
H 130.73825073 75.91809082 66.37601471
N 125.72521210 76.37890625 68.83911133
N 129.33193970 77.84191895 67.28191376
H 133.11999512 72.46481323 65.49681854
H 132.89982605 74.89559174 65.58644867
H 126.04276276 73.85622406 68.83280945
C 122.05944824 65.33547974 75.75067902
C 122.37414551 64.34557343 76.70781708
C 122.06755829 66.69906616 76.12990570
C 122.85512543 64.73001862 77.98375702
H 122.20663452 63.33408737 76.47506714
C 122.44986725 67.10861206 77.41291046
H 121.77045441 67.46936035 75.40465546
C 122.91183472 66.09840393 78.33477783
H 122.95844269 63.96837997 78.78356171
H 122.50588989 68.14833069 77.66249084
C 120.82929993 70.47488403 70.08726501
C 120.34356689 70.98052216 71.32012177
C 120.71861267 71.30280304 68.97893524
C 119.60123444 72.21281433 71.35830688
H 120.46508026 70.40857697 72.18998718
C 119.90755463 72.43659973 68.98780060
H 121.17259216 71.00164795 67.99140167
C 119.35098267 72.94475555 70.17004395
H 119.25678253 72.64994812 72.26673126
H 119.71500397 72.98582458 68.02842712
C 121.44683838 68.34349060 68.77606201
C 122.44982910 67.47830200 68.21556091
C 120.18683624 68.35254669 68.12894440
C 122.14819336 66.70945740 67.12191010
H 123.38110352 67.32643890 68.70044708
C 119.89302826 67.43142700 67.13001251
H 119.35870361 68.95210266 68.48968506
C 120.88721466 66.55694580 66.61117554
H 122.92515564 65.99830627 66.72126007
H 118.84593201 67.46578979 66.81670380
C 122.14944458 63.64934540 73.72579193
C 121.50167084 62.82304001 72.87940979
C 123.46804047 63.25593567 74.00574493
C 121.96485901 61.61871719 72.31129456
H 120.51172638 63.09002686 72.64011383
C 124.03479767 62.13334656 73.40611267
H 124.05273438 63.91067886 74.60437012
C 123.24217224 61.21051025 72.65975189
H 121.33242035 60.99087524 71.65570068
H 125.09917450 62.02769089 73.55849457
C 120.55333710 65.55997467 65.53737640
H 119.49825287 65.47977448 65.50453186
H 120.79592896 66.17305756 64.63153076
C 121.26736450 64.15409851 65.60541534
H 122.29862976 64.22484589 65.85079956
H 120.81762695 63.57434845 66.44849396
C 121.04928589 63.26321793 64.33158875
H 120.04460144 63.14373779 64.07246399
H 121.59511566 63.76372910 63.53362274
C 123.20256042 66.33368683 79.80055237
H 123.27755737 67.43230438 79.95240784
H 122.32132721 66.02006531 80.29896545
C 124.48406982 65.66053009 80.30702209
H 124.37187958 64.59934235 80.37093353
H 125.41242981 65.89611053 79.74212646
C 124.76777649 65.99011993 81.75650787
H 125.30024719 66.97753906 81.87917328
H 125.49060822 65.18595886 81.94696045
C 123.83874512 59.87893677 72.14321899
H 124.37313080 59.98966980 71.13819122
H 124.62940979 59.56594467 72.86552429
C 122.91048431 58.66218948 72.01136017
H 122.20819092 58.92239380 71.27953339
H 123.51347351 57.77719879 71.76047516
C 122.05921173 58.30461884 73.26792145
H 122.59656525 57.57983780 73.88353729
H 121.66626740 59.07686615 73.91333008
C 118.56397247 74.29761505 70.22140503
H 119.18153381 75.04970551 69.72864532
H 118.60241699 74.56972504 71.32859039
C 117.13182831 74.24378967 69.72569275
H 117.08716583 73.75402069 68.73341370
H 116.48332977 73.64659119 70.38429260
C 116.39271545 75.55352783 69.64513397
H 116.19412994 76.08640289 70.61952209
H 115.39863586 75.28385162 69.30628204
C 123.69625092 65.83569336 82.80869293
H 124.18556213 66.18447113 83.64665985
H 122.76268768 66.36107635 82.56603241
C 117.14194489 76.49874115 68.71998596
H 118.07324219 76.74720001 69.18659210
H 117.42333221 76.11705017 67.73017883
C 120.76918793 57.53827286 72.83162689
H 120.05216980 58.28525543 72.46473694
H 120.86501312 56.95754242 71.92570496
C 121.59597015 61.86321259 64.45917511
H 122.51959229 61.98642349 65.07006073
H 120.94154358 61.35440826 65.14151764
C 120.00105286 56.74172211 73.98800659
H 119.76196289 57.35525894 74.91565704
H 120.69269562 55.87811661 74.30834198
C 116.42625427 77.80654907 68.44232178
H 116.34293365 78.47722626 69.33666992
H 115.40732574 77.70948029 68.03669739
C 123.33134460 64.37083435 83.08543396
H 124.23741150 63.68289566 83.09574127
H 122.64144135 64.12049866 82.23370361
C 121.78630829 61.06372452 63.26247025
H 120.84947205 60.88679504 62.73601913
H 122.41580963 61.55000687 62.56433105
C 122.47359467 64.22203064 84.30982971
H 123.11172485 64.40955353 85.10434723
H 121.69351959 64.99948120 84.33145905
H 122.08386993 63.18330383 84.36814880
C 117.16557312 78.58014679 67.39986420
H 116.90565491 79.58796692 67.15183258
H 118.21935272 78.64555359 67.60198975
H 117.10957336 78.08692169 66.40203857
C 118.75193024 56.13582230 73.21800232
H 118.02879333 56.92221832 73.05998993
H 118.95089722 55.71340179 72.28197479
H 118.05509949 55.59375763 73.84685516
C 122.36705017 59.63796997 63.56662750
H 122.84739685 59.15851593 62.70488358
H 123.20040131 59.66068649 64.31226349
H 121.55238342 58.95273590 63.73014069
",0.000
36,"372

C 113.86356354 69.11947632 66.64032745
C 114.88664246 69.71025085 65.97307587
C 115.50154114 70.86412811 66.54880524
C 114.97675323 71.48351288 67.79762268
C 114.03646851 70.79920197 68.50788116
C 113.54380798 69.59233856 67.95198059
H 113.34951019 68.26824188 66.28604889
H 115.42483521 72.41190338 68.07380676
C 115.53289795 69.27322388 64.64841461
C 116.61639404 70.36820221 64.50970459
C 116.45798492 71.29901123 65.57121277
C 117.66790009 70.70671082 63.68705368
C 118.17855072 71.97064209 64.00583649
S 117.41664886 72.64890289 65.41104126
C 113.56623840 71.01110077 69.97509766
C 112.72211456 69.70794678 70.15498352
C 112.71919250 68.95193481 68.93389130
C 111.91651154 69.03576660 71.14193726
C 111.33247375 67.81368256 70.61151886
S 111.74613190 67.53798676 68.89175415
C 119.14778137 72.45462036 63.07316589
S 118.61009216 69.84048462 62.42948151
S 111.49932098 69.16934204 72.81129456
C 110.53249359 67.16906738 71.56374359
C 119.50074005 71.39527130 62.16374969
C 110.52349854 67.75182343 72.84490967
H 119.73168945 73.35001373 63.04327393
H 109.87261200 66.38329315 71.32054901
C 109.61510468 67.40135956 73.88259125
C 109.10458374 66.27693939 74.55490112
C 109.47624207 64.82968140 74.23867035
C 108.31552887 66.24692535 75.80593872
C 108.95444489 63.99372864 75.26786041
O 110.12177277 64.45308685 73.27936554
C 108.22489166 64.77859497 76.17524719
C 107.83564758 67.39584351 76.59425354
C 109.09069824 62.59703064 75.28830719
C 107.68978882 64.04833984 77.26483917
C 107.88050842 68.83197021 76.23958588
C 106.96001434 67.14086914 77.74927521
C 108.48921204 61.97941971 76.36688232
H 109.69078827 62.08270645 74.59656525
C 107.81870270 62.65861130 77.34669495
H 107.27866364 64.58242798 78.08083344
N 107.88328552 69.94691467 75.95735168
N 106.29608154 66.84221649 78.62483978
H 108.55159760 60.93117142 76.44409180
H 107.32526398 62.22715759 78.15094757
H 109.33947754 68.35527039 74.29194641
C 120.59613800 71.61737061 61.31444168
C 121.14496613 72.65641785 60.54972839
C 120.41702271 73.88552094 60.12358093
C 122.46599579 72.64990234 59.92724991
C 121.23566437 74.53999329 59.16594696
O 119.31356812 74.24625397 60.50263977
C 122.46908569 73.88681793 59.01965714
C 123.60553741 71.86044312 60.21617126
C 120.96736145 75.70654297 58.42605972
C 123.50242615 74.47296906 58.18135834
C 123.89903259 70.92344666 61.33092499
C 124.97118378 72.25843811 59.87743378
C 121.96360779 76.39846039 57.71060944
H 119.94673920 76.03363800 58.44745636
C 123.19261932 75.72982788 57.48474503
H 124.53990936 73.95899200 57.99629593
N 124.16031647 70.13291168 62.16751099
N 126.04886627 72.53852081 59.66261673
H 121.81815338 77.34846497 57.13377762
H 123.87920380 76.09889984 56.77205658
H 121.18486023 70.74549866 61.26880646
C 112.73787689 72.29574585 70.16307831
C 113.08329773 73.52835846 69.54522705
C 111.73986816 72.39888763 71.13012695
C 112.30364990 74.76145935 69.75492096
H 113.83220673 73.70761108 68.77886200
C 111.04017639 73.57297516 71.45265961
H 111.45664978 71.55382538 71.71525574
C 111.21688080 74.71117401 70.69648743
H 112.64730835 75.65879822 69.31639862
H 110.29322052 73.57872009 72.25302887
C 114.36974335 69.31698608 63.51390839
C 114.23604584 70.41059875 62.69349670
C 113.30242920 68.32334900 63.51642609
C 113.04475403 70.60817719 61.88917542
H 114.98635864 71.21841431 62.63707352
C 112.13263702 68.46485138 62.76224518
H 113.28945923 67.40155792 64.14959717
C 112.05503845 69.58264160 61.92308426
H 112.82400513 71.48820496 61.27662659
H 111.26909637 67.78104401 62.85678482
C 116.13538361 67.83702087 64.63017273
C 116.53061676 67.34749603 63.35858536
C 116.39528656 67.11048889 65.82669830
C 116.97222900 66.04415131 63.29072952
H 116.52938843 68.01477051 62.42840576
C 116.84300232 65.78918457 65.71343231
H 116.15148163 67.52140808 66.75264740
C 117.06423187 65.22740173 64.45214081
H 117.11795807 65.67128754 62.35250092
H 116.89899445 65.15963745 66.57183075
C 114.74627686 70.80094910 70.91633606
C 114.82268524 71.51975250 72.13702393
C 115.80552673 69.84957886 70.67453766
C 115.79955292 71.14868164 73.09116364
H 114.00410461 72.22480774 72.48762512
C 116.89376831 69.64605713 71.54627991
H 115.68711853 69.35086060 69.74205780
C 116.85781097 70.23563385 72.81495667
H 115.87075806 71.59358215 74.03765869
H 117.69020081 68.95267487 71.22581482
C 117.60383606 63.80884552 64.38941193
H 118.15226746 63.67050934 63.40800858
H 118.25396729 63.51232147 65.17327881
C 116.50474548 62.74804688 64.36804199
H 115.72151947 62.96555328 65.13805389
H 115.94504547 62.91254807 63.48603439
C 117.10731506 61.33832932 64.34821320
H 117.89230347 61.26854324 63.65015793
H 117.46750641 61.07879257 65.31969452
C 110.39785767 75.98577118 70.87920380
H 109.96460724 75.98236847 71.89968109
H 111.03530121 76.90059662 70.73989868
C 109.15578461 76.17420197 69.93691254
H 108.91124725 77.18771362 70.20447540
H 109.57873535 76.23165131 68.91578674
C 107.91515350 75.28031921 70.26033783
H 107.77835846 75.01766205 71.28885651
H 108.04458618 74.26406860 69.80491638
C 117.86219788 69.77153015 73.76899719
H 117.71585083 68.74418640 73.98863220
H 118.77738953 69.99466705 73.24310303
C 117.96706390 70.52126312 75.07215881
H 117.94355011 71.60328674 74.99642181
H 117.13283539 70.23411560 75.67065430
C 119.22647858 69.98835754 75.92578888
H 119.11056519 70.10425568 76.95037079
H 119.43148041 68.95939636 75.81386566
C 110.96051025 69.62768555 60.94205093
H 110.35994720 70.45381927 61.04575729
H 110.27040100 68.82019806 61.19847488
C 111.32737732 69.45104980 59.47171402
H 110.43733978 69.68874359 58.87931061
H 112.05184937 70.14427948 59.19578552
C 111.73640442 68.01239777 59.26466370
H 111.07108307 67.28961945 59.82440186
H 112.70881653 67.80866241 59.79334641
C 106.61557770 75.83573914 69.61058044
H 106.30726624 76.77532959 69.95207214
H 106.91070557 75.97644043 68.53319550
C 112.04300690 67.63915253 57.81572342
H 111.20133972 67.77223206 57.15056610
H 112.65003204 68.47350311 57.44446564
C 120.51281738 70.83889008 75.74897766
H 121.32156372 70.20909119 76.11750031
H 120.66070557 71.08866882 74.64570618
C 116.07929993 60.19733429 64.17987061
H 116.56566620 59.20548630 64.33497620
H 115.28150177 60.24753571 64.92024231
C 120.79151154 72.18119812 76.53140259
H 119.89326477 72.74479675 76.51839447
H 121.55104065 72.81343842 76.11713409
C 112.67697144 66.22599030 57.63713837
H 111.94567871 65.39230347 57.52069473
H 113.14381409 66.06520081 58.61832047
C 105.42867279 74.85649872 69.68841553
H 105.33282471 74.59958649 70.69647217
H 105.61672211 73.91416168 69.12926483
C 115.33668518 60.09236526 62.82229614
H 114.43692017 59.38314819 62.91477203
H 115.02390289 61.14540482 62.52051163
C 103.96479797 75.27693176 69.22552490
H 103.30194855 74.46354675 69.17027283
H 103.64387512 75.98450470 69.88114166
H 104.07396698 75.72777557 68.27707672
C 113.53213501 66.26173401 56.33586502
H 112.83256531 66.30395508 55.49858856
H 114.03329468 67.23147583 56.19193268
H 114.28152466 65.49443054 56.12657928
C 121.09580231 71.88927460 78.04666138
H 120.23825073 71.53513336 78.64642334
H 121.92782593 71.24804688 78.31406403
H 121.37845612 72.86481476 78.51973724
C 116.12123108 59.58869171 61.65555954
H 115.59784698 59.85098267 60.70671844
H 117.02300262 60.12473679 61.51662064
H 116.29474640 58.45224380 61.65703964
C 110.88187408 70.10661316 77.44377136
C 111.18676758 71.34558105 76.74314880
C 112.50794983 71.48802185 76.19041443
C 113.40657806 70.43129730 76.12403107
C 113.10002136 69.13168335 76.70737457
C 111.82723999 69.00357819 77.35001373
H 109.99613953 69.86576080 77.97415924
H 114.40695190 70.58403778 75.73693085
C 110.30417633 72.68711090 76.62248993
C 111.43080902 73.52545929 75.99732971
C 112.61029816 72.83913422 75.71540833
C 111.52297974 74.84558105 75.55696106
C 112.76532745 75.07760620 74.89289856
S 113.88285065 73.82043457 75.05091095
C 113.82218170 67.80368042 76.81498718
C 112.92308044 66.96057892 77.66802979
C 111.73674011 67.70128632 77.91466522
C 112.86211395 65.68327332 78.34249115
C 111.67108917 65.48961639 79.03706360
S 110.55920410 66.82573700 78.91389465
C 112.84848022 76.33547974 74.21636200
S 110.45253754 76.25918579 75.39683533
S 113.99642944 64.39402771 78.58536530
C 111.65203857 64.27404022 79.72557068
C 111.62551117 77.08441162 74.30303955
C 112.75067902 63.41286850 79.44271851
H 113.65556335 76.74813843 73.67730713
H 110.84465027 63.92273331 80.32341766
C 112.85496521 62.09794998 80.08875275
C 112.09870148 60.96964264 80.30702209
C 110.73395538 60.71071625 79.82408905
C 112.54587555 59.80701065 81.10169983
C 110.26654053 59.40623093 80.37076569
O 110.11551666 61.47949600 79.10177612
C 111.34350586 58.80471039 81.04732513
C 113.76103210 59.50350189 81.86524200
C 109.04394531 58.80312729 80.14605713
C 111.12293243 57.49078751 81.52473450
C 114.88346863 60.38634491 81.95135498
C 114.01835632 58.33990860 82.61137390
C 108.78157806 57.53715515 80.72119904
H 108.27598572 59.26356125 79.59936523
C 109.81860352 56.89060211 81.40692139
H 111.84219360 56.91622162 82.09304047
N 115.82522583 61.05117416 81.94997406
N 114.27404022 57.31427765 83.15305328
H 107.76599884 57.09132767 80.52162170
H 109.60010529 55.90921402 81.75683594
H 113.79801178 62.10998154 80.56802368
C 111.44258118 78.37615967 73.70914459
C 111.89830780 79.10942841 72.60440063
C 112.76448059 78.74874878 71.48244476
C 111.55500031 80.54288483 72.43827057
C 112.90824890 79.92646027 70.64169312
O 113.36021423 77.69596863 71.30601501
C 112.15043640 81.00789642 71.13891602
C 110.65578461 81.35678101 73.19952393
C 113.69832611 79.98999023 69.50128174
C 112.12053680 82.22752380 70.40962982
C 109.91625214 81.07249451 74.41735077
C 110.04395294 82.55972290 72.67325592
C 113.76897430 81.22464752 68.85995483
H 114.19072723 79.05912018 69.06385040
C 112.95616150 82.31744385 69.27018738
H 111.51867676 83.07218170 70.67897797
N 109.33741760 80.90326691 75.38018799
N 109.56854248 83.48709106 72.21802521
H 114.46561432 81.43018341 68.05115509
H 112.96655273 83.27307892 68.81861115
H 110.81105804 78.81898499 74.45846558
C 115.23757935 67.75080872 77.53273773
C 115.65671539 68.69872284 78.51635742
C 116.16211700 66.76165009 77.06933594
C 116.98358154 68.68875885 78.93364716
H 114.94334412 69.43482971 78.87162781
C 117.51695251 66.81964111 77.52871704
H 115.85856628 66.01412201 76.32673645
C 117.92615509 67.73766327 78.50645447
H 117.18298340 69.41133118 79.70502472
H 118.20890808 66.04619598 77.20787811
C 109.80284119 73.12676239 78.02866364
C 108.84889221 72.35018921 78.63803101
C 110.22238922 74.31811523 78.72269440
C 108.30549622 72.78406525 79.89308167
H 108.54595184 71.42346191 78.08977509
C 109.57023621 74.79211426 79.84497833
H 111.07552338 74.89920044 78.36610413
C 108.60607147 73.98748016 80.50370026
H 107.47774506 72.21968842 80.30525970
H 109.86074829 75.68970490 80.32461548
C 109.13729095 72.68845367 75.51882172
C 107.97485352 73.45925903 75.61918640
C 109.43873596 71.95611572 74.31288910
C 106.99651337 73.38448334 74.53490448
H 107.65245056 73.89629364 76.59322357
C 108.47654724 71.93892670 73.32222748
H 110.41099548 71.34530640 74.15235138
C 107.23526001 72.61905670 73.40360260
H 106.07454681 73.98870850 74.65441132
H 108.54795074 71.32665253 72.44361877
C 113.93122101 67.16243744 75.39169312
C 113.39673615 65.84885406 75.07444000
C 114.55680847 67.83718109 74.30296326
C 113.40087128 65.26107788 73.77204132
H 112.98690796 65.21414948 75.87419128
C 114.56140900 67.23925781 73.01790619
H 114.95568848 68.79483795 74.40598297
C 114.02391052 65.92276764 72.72524261
H 113.01511383 64.23289490 73.73461914
H 115.01654816 67.72499084 72.16487885
C 106.15224457 72.39506531 72.35112762
H 105.58713531 73.37764740 72.25233459
H 106.61243439 72.36169434 71.36216736
C 105.19213104 71.17942047 72.55325317
H 104.63538361 71.25467682 73.50218964
H 104.34970856 71.27456665 71.82665253
C 105.84763336 69.81630707 72.52530670
H 106.30049896 69.72900391 71.51537323
H 106.68100739 69.83669281 73.24969482
C 119.32847595 67.65196991 79.03980255
H 119.94410706 67.11248779 78.25669861
H 119.66468811 68.70485687 79.20895386
C 119.35621643 66.90200043 80.40624237
H 120.28093719 67.08487701 80.90312195
H 118.64122009 67.41104889 81.07062531
C 119.04581451 65.40526581 80.38201904
H 119.43144989 64.93998718 79.48370361
H 117.97663879 65.28028870 80.33430481
C 113.98638916 65.39115906 71.30858612
H 112.92626190 65.07686615 71.16085052
H 114.09469604 66.20838165 70.60858917
C 114.97243500 64.24951172 70.98471832
H 114.93179321 64.11335754 69.91761017
H 115.93888092 64.65814972 71.20230865
C 114.69995880 62.95297241 71.70779419
H 114.97959137 62.99150085 72.75457001
H 113.63503265 62.71942520 71.54635620
C 107.76129913 74.45015717 81.63707733
H 106.71533203 73.97885895 81.56846619
H 107.78413391 75.53244019 81.64270782
C 108.46527100 73.98675537 82.87117767
H 108.83318329 72.95479584 82.68952942
H 109.28380585 74.66656494 83.04756165
C 107.67578125 73.86745453 84.11968231
H 106.85121918 73.17539215 83.90689850
H 107.31840515 74.78862000 84.53907013
C 119.58625793 64.54658508 81.48291016
H 120.67498016 64.61004639 81.67504883
H 119.07825470 64.94308472 82.35232544
C 108.57002258 73.24581146 85.28985596
H 108.86161041 72.17516327 85.06359100
H 109.42860413 73.89315033 85.43923950
C 115.49679565 61.74434662 71.15620422
H 114.93099976 60.81959915 71.42676544
H 115.50112915 61.90299225 70.05765533
C 104.89165497 68.64698792 72.74403381
H 104.15228271 69.00242615 73.49519348
H 104.33319092 68.58599854 71.78001404
C 116.85394287 61.67426300 71.80896759
H 116.69586945 61.62738419 72.87479401
H 117.46055603 62.57389450 71.69283295
C 107.77888489 73.21143341 86.60207367
H 106.76869965 72.72119904 86.62032318
H 107.53190613 74.24160767 86.68852997
C 119.06423950 63.15802765 81.19627380
H 119.41015625 62.71364975 80.29716492
H 117.97380829 62.95853424 81.03007507
C 105.53773499 67.31223297 73.14278412
H 106.30672455 66.94665527 72.42769623
H 106.12139893 67.39692688 74.03543091
C 119.58380127 62.17411041 82.22409058
H 119.05149078 61.22383118 82.11397552
H 120.59057617 62.04370499 82.29376984
H 119.30953979 62.61243820 83.16971588
C 108.55213928 72.76147461 87.77027893
H 107.97116852 72.94029999 88.69021606
H 108.84608459 71.69969177 87.64705658
H 109.50091553 73.27852631 87.78283691
C 117.69322968 60.45726395 71.45281982
H 118.16368103 60.69103241 70.49897766
H 118.48197174 60.40147400 72.22203064
H 117.21515656 59.42797470 71.43929291
C 104.50662231 66.15705872 73.30036163
H 104.89521790 65.11887360 73.22244263
H 103.86557007 66.14206696 74.20462036
H 103.82251740 66.23703766 72.48399353
",0.001
37,"372

C 121.12585449 107.09350586 71.89782715
C 120.26430511 106.35932159 72.66510010
C 119.53674316 105.32933044 72.01985931
C 119.69850922 105.00714874 70.64410400
C 120.60712433 105.70379639 69.93176270
C 121.38312531 106.69928741 70.60125732
H 121.70684814 107.90752411 72.43256378
H 119.15378571 104.19895935 70.14610291
C 119.81754303 106.50128174 74.15631866
C 118.71618652 105.40689087 74.18805695
C 118.56169128 104.79414368 72.97848511
C 117.67959595 104.93091583 75.08798218
C 116.79293823 103.99259949 74.42828369
S 117.44013214 103.43120575 72.85863495
C 121.01233673 105.50775146 68.42015839
C 122.05946350 106.63421631 68.32181549
C 122.31206512 107.17790222 69.59122467
C 122.79775238 107.33755493 67.33401489
C 123.66355896 108.28209686 67.90180206
S 123.55089569 108.46651459 69.63021088
C 115.75798035 103.58717346 75.22659302
S 117.06098175 105.31900787 76.60890198
S 122.90117645 107.27803040 65.63754272
C 124.39483643 109.01251221 67.00136566
C 115.59859467 104.39303589 76.34413910
C 124.03345490 108.65657043 65.64449310
H 115.18782043 102.67288208 74.97055054
H 125.03484344 109.91639709 67.24781036
C 124.24374390 109.61132050 64.62693787
C 125.37339020 110.18898773 64.14157104
C 126.72895050 109.75371552 64.48436737
C 125.49033356 111.30386353 63.20242310
C 127.69843292 110.51055145 63.74842072
O 127.06514740 108.91395569 65.28044891
C 126.97718048 111.48118591 63.01443481
C 124.53053284 112.20769501 62.71942520
C 129.08489990 110.43336487 63.76464462
C 127.74124146 112.32260132 62.17994690
C 123.08322144 112.00190735 62.78285217
C 124.78247070 113.39173889 62.00407028
C 129.78668213 111.35989380 63.02539825
H 129.59289551 109.74069214 64.32634735
C 129.13497925 112.24571228 62.19319153
H 127.23088074 113.14871979 61.63264847
N 121.94181061 111.74900818 62.83084869
N 124.92615509 114.38275146 61.39163589
H 130.84669495 111.40454865 63.10891342
H 129.70878601 112.89644623 61.54842377
H 123.33294678 109.81527710 64.14298248
C 114.54228973 104.19823456 77.28100586
C 113.14600372 104.14933777 77.13595581
C 112.41052246 104.44557190 75.91417694
C 112.15340424 103.84506989 78.24047089
C 110.99942017 104.48545837 76.28724670
O 112.90266418 104.70110321 74.77883911
C 110.82824707 104.13627625 77.62172699
C 112.38380432 103.28884888 79.59730530
C 109.90490723 104.83950806 75.46823883
C 109.52831268 104.11584473 78.18370056
C 113.64149475 102.79838562 80.02774811
C 111.39897919 103.14250183 80.62207794
C 108.62295532 104.82044983 76.02783966
H 110.04985046 105.09302521 74.39638519
C 108.41835785 104.38769531 77.38970947
H 109.28842926 103.84696198 79.22559357
N 114.67122650 102.45717621 80.37702179
N 110.56674194 103.04002380 81.44023132
H 107.80890656 105.06726074 75.37175751
H 107.49970245 104.34973145 77.85332489
H 114.86938477 104.22869110 78.36913300
C 119.66785431 105.66062927 67.60400391
C 118.85855865 104.56204987 67.39168549
C 119.27725983 106.92887115 67.11970520
C 117.62371063 104.65600586 66.85812378
H 119.22960663 103.57443237 67.71722412
C 118.03860474 106.99043274 66.34796143
H 119.85072327 107.78453064 67.35021210
C 117.24482727 105.85475922 66.25131989
H 117.13623047 103.68392944 66.74146271
H 117.69007111 107.97069550 65.93821716
C 119.20274353 107.88831329 74.38803864
C 119.96315765 108.93080139 74.94580841
C 117.82877350 108.12276459 74.05307770
C 119.41165161 110.23376465 75.01004791
H 121.03576660 108.80461121 75.13271332
C 117.28020477 109.45584106 74.05030060
H 117.23468781 107.30068970 73.67681122
C 118.09357452 110.51108551 74.54466248
H 119.98818970 111.06710815 75.38212585
H 116.24303436 109.67356873 73.87907410
C 120.87107086 105.94523621 75.18329620
C 121.63159180 104.83093262 74.84909821
C 120.80451202 106.36447144 76.54949951
C 122.51462555 104.24062347 75.77552032
H 121.61352539 104.42835999 73.83417511
C 121.78939819 105.82685852 77.44844818
H 120.19200134 107.21129608 76.93322754
C 122.64102936 104.73961639 77.05759430
H 123.23027802 103.48094177 75.42893982
H 121.84056854 106.16909027 78.48273468
C 121.84504700 104.22169495 68.08796692
C 122.13515472 103.86741638 66.75232697
C 122.47042847 103.41798401 69.09549713
C 122.98229218 102.78526306 66.38230133
H 121.59158325 104.44706726 66.02349854
C 123.38168335 102.43376923 68.73426056
H 122.26508331 103.45471191 70.14034271
C 123.66095734 102.09167480 67.37265015
H 123.19660950 102.68339539 65.30969238
H 123.94459534 101.95178223 69.58852386
C 123.66163635 104.16508484 77.99473572
H 123.45774078 104.47347260 79.05236053
H 123.48891449 103.13433075 78.12351227
C 125.14389801 104.36021423 77.56904602
H 125.35471344 103.99636078 76.50129700
H 125.20903778 105.48030853 77.50934601
C 126.18062592 103.84775543 78.63066101
H 126.04056549 104.30025482 79.63931274
H 126.01483917 102.79834747 78.70369720
C 116.00418854 105.90202332 65.38589478
H 115.16000366 105.84170532 65.99030304
H 115.98471069 106.92285919 64.97602844
C 116.01280975 105.02062225 64.09511566
H 115.92187500 104.00722504 64.43346405
H 115.12372589 105.22476959 63.56334305
C 117.19877625 105.37088013 63.19533157
H 118.08634186 105.33361816 63.76197052
H 117.03990936 106.43498993 62.85849762
C 124.72756958 100.99893188 67.19849396
H 125.08620453 101.05800629 66.25774384
H 125.57971954 101.19129944 67.85417938
C 124.22663879 99.55177307 67.56410980
H 123.90377808 99.49684906 68.62342072
H 123.28840637 99.38088989 66.97903442
C 125.22383118 98.44285583 67.28329468
H 125.28984070 98.58829498 66.19549561
H 126.15219116 98.64274597 67.72067261
C 117.59432220 111.94664764 74.76902771
H 117.72301483 112.17230988 75.86385345
H 116.53875732 111.79079437 74.44496918
C 118.20018768 113.01862335 73.99947357
H 119.30979919 112.89733124 73.95542145
H 117.84678650 112.90950012 72.96066284
C 117.88410950 114.40245819 74.48844147
H 118.27741241 114.39242554 75.46488953
H 116.85092926 114.52014160 74.76742554
C 117.33428955 104.54322052 61.85740280
H 117.60121155 103.49712372 62.08306885
H 116.40367889 104.50614166 61.36903763
C 118.56060791 115.56764984 73.71106720
H 119.63984680 115.30194092 73.71707153
H 118.26174164 115.54141235 72.67852020
C 124.81930542 96.99484253 67.64521790
H 124.75311279 96.82013702 68.65254211
H 123.77209473 96.94855499 67.34465790
C 127.59363556 104.17832947 78.22270203
H 127.80264282 103.61684418 77.36023712
H 127.67813873 105.20488739 77.89575958
C 125.58273315 95.82830048 67.03884125
H 125.26425934 95.75768280 66.02355957
H 125.08225250 94.92203522 67.60033417
C 118.14505768 116.95085144 74.28860474
H 118.68459320 117.08380890 75.18377686
H 117.10863495 116.79319763 74.73359680
C 118.32538605 105.09654999 60.83249283
H 119.27787018 104.91011810 61.31574249
H 118.27529144 106.20412445 60.86379242
C 128.66250610 103.78134918 79.34644318
H 128.38290405 104.23329163 80.29190063
H 128.49201965 102.69922638 79.59146881
C 118.44833374 104.53333282 59.38510513
H 118.81637573 103.50502014 59.38677597
H 117.47201538 104.60842896 58.87920380
H 119.12120819 105.07071686 58.72373962
C 118.21540833 118.13179779 73.34718323
H 117.56387329 118.05250549 72.52477264
H 117.93094635 119.08798981 73.74791718
H 119.24241638 118.35330200 73.01483154
C 127.05263519 96.00015259 67.30381775
H 127.46598053 96.70629883 66.61778259
H 127.33126068 96.34766388 68.28057861
H 127.58983612 95.05890656 67.25144196
C 130.17579651 104.08272552 79.11901093
H 130.75187683 103.45761108 79.78298950
H 130.37754822 103.76310730 78.08315277
H 130.45518494 105.15955353 79.05028534
C 121.56985474 94.66658020 72.40725708
C 120.39064026 94.25997162 73.07720947
C 120.46817017 93.28629303 74.07579803
C 121.71443939 92.70666504 74.43421173
C 122.87345886 92.98828888 73.67085266
C 122.76756287 93.98494720 72.65573883
H 121.65539551 95.37943268 71.72965240
H 121.68911743 91.91607666 75.15177917
C 118.93880463 94.78153992 72.96749115
C 118.24066925 93.66583252 73.68085480
C 119.15084076 92.89060211 74.41218567
C 116.96633148 93.06419373 73.69999695
C 116.85901642 92.00372314 74.68320465
S 118.41061401 91.68435669 75.45938873
C 124.26382446 92.31488037 73.62959290
C 124.92983246 93.04928589 72.48239136
C 124.04949188 93.95867920 71.88803101
C 126.06227112 92.91803741 71.68694305
C 125.97450256 93.56819153 70.50001526
S 124.62185669 94.74095917 70.48915100
C 115.66474915 91.32089233 74.65798187
S 115.47943115 93.04541779 72.71699524
S 127.23707581 91.69787598 71.69561768
C 127.01367188 93.21786499 69.63779449
C 114.86052704 91.52113342 73.53980255
C 127.84097290 92.23342133 70.10231018
H 115.30367279 90.57682800 75.31215668
H 127.20255280 93.70320129 68.65019989
C 128.72732544 91.61841583 69.20438385
C 129.78875732 92.06246185 68.44284821
C 130.19412231 93.45628357 68.43685150
C 130.69575500 91.34279633 67.50236511
C 131.35214233 93.64646912 67.54975891
O 129.74639893 94.42508698 69.06035614
C 131.65319824 92.42044830 66.99140930
C 130.63047791 89.94529724 67.02265167
C 132.11077881 94.80275726 67.30184174
C 132.63275146 92.37141418 65.93996429
C 129.93505859 88.91282654 67.67391205
C 131.70007324 89.46208191 66.15810394
C 133.04898071 94.77817535 66.21551514
H 131.96998596 95.70009613 67.85916138
C 133.32827759 93.56711578 65.55326843
H 132.92681885 91.55687714 65.37725830
N 129.42109680 88.09815216 68.24967194
N 132.48966980 89.04022980 65.43797302
H 133.55232239 95.64088440 65.85054016
H 133.97122192 93.61648560 64.74040222
H 128.49676514 90.55153656 69.17219543
C 113.58580017 90.98092651 73.46528625
C 112.87781525 89.84858704 73.78816986
C 113.42847443 88.66091919 74.40467834
C 111.44901276 89.65657043 73.61747742
C 112.34483337 87.65960693 74.55501556
O 114.63313293 88.43427277 74.74678040
C 111.12537384 88.23123169 74.14241028
C 110.47181702 90.50988007 73.05596924
C 112.44016266 86.37531281 75.03719330
C 109.94679260 87.41179657 74.14115143
C 110.69198608 91.73773193 72.34418488
C 109.09825134 90.15681458 72.91683197
C 111.25301361 85.58911133 75.06410217
H 113.33245087 85.93544769 75.46494293
C 110.02712250 86.08269501 74.53622437
H 108.95123291 87.73842621 73.81935120
N 110.82160950 92.71054840 71.71467590
N 107.96095276 89.88214874 72.77561951
H 111.29475403 84.61537933 75.50943756
H 109.16867828 85.46539307 74.52838135
H 112.98886871 91.72213745 72.95175171
C 124.02798462 90.81005859 73.36419678
C 123.47760773 90.42198181 72.10010529
C 124.16643524 89.81719971 74.37946320
C 123.06615448 89.11287689 71.87185669
H 123.38649750 91.12133789 71.30831909
C 123.72462463 88.52371216 74.17552185
H 124.52611542 90.13063049 75.32101440
C 123.25939178 88.21103668 72.87844849
H 122.54785156 88.78833008 70.94808960
H 123.82207489 87.85450745 75.03912354
C 118.37004852 94.79909515 71.47766113
C 118.62670135 93.74070740 70.54000854
C 117.52270508 95.83361816 71.08833313
C 118.18148804 93.85311127 69.18939209
H 119.21237183 92.91716003 70.84243774
C 116.92008972 95.83718872 69.82704163
H 117.16622162 96.62234497 71.74782562
C 117.29492950 94.89440155 68.84010315
H 118.48564148 93.16733551 68.45877838
H 116.16116333 96.54335022 69.61443329
C 118.87794495 96.18566132 73.61278534
C 118.08765411 96.45295715 74.77189636
C 119.68057251 97.23051453 73.17147064
C 118.10974121 97.71540070 75.36236572
H 117.64293671 95.64672852 75.27960205
C 119.60083008 98.53146362 73.72232056
H 120.18991852 97.12147522 72.24931335
C 118.77970886 98.80396271 74.79442596
H 117.61067200 97.87790680 76.24479675
H 120.12066650 99.31881714 73.16541290
C 125.02989197 92.72876740 74.88713074
C 124.69338226 93.89089203 75.63924408
C 126.22432709 91.99736786 75.18760681
C 125.50930786 94.19657898 76.69887543
H 123.81108856 94.50068665 75.55883026
C 127.02085876 92.31548309 76.29724884
H 126.49037170 91.09175873 74.58605194
C 126.62678528 93.45219421 77.06239319
H 125.31935120 95.07494354 77.27658844
H 127.90536499 91.79283905 76.49936676
C 118.77248383 100.21836090 75.35617065
H 118.75589752 100.92404175 74.51741028
H 117.84425354 100.37974548 75.92615509
C 120.01319885 100.51145172 76.29843140
H 120.14714813 99.65693665 76.90472412
H 120.90721893 100.50544739 75.66977692
C 120.06448364 101.83566284 77.04286957
H 121.09999084 102.06654358 77.26733398
H 119.71324921 102.63588715 76.38842010
C 122.89128113 86.74381256 72.65146637
H 123.24932861 86.45040894 71.72884369
H 123.47594452 86.14132690 73.37985229
C 121.46814728 86.46865845 72.74831390
H 121.10890198 86.64193726 73.73990631
H 120.87430573 87.09719849 72.13617706
C 121.10636902 84.98606873 72.39248657
H 121.52051544 84.18120575 73.06873322
H 121.57727814 84.65422058 71.43605804
C 127.51277924 93.87433624 78.19058228
H 126.87049866 94.03839874 79.10308838
H 128.30722046 93.10636902 78.42931366
C 128.38796997 95.11692047 77.81956482
H 128.91587830 94.84944153 76.92472076
H 127.72890472 95.99603271 77.50247955
C 129.45574951 95.48663330 78.85971832
H 129.01600647 96.20462799 79.50722504
H 129.87307739 94.55516052 79.29972839
C 116.74058533 95.06257629 67.44205475
H 117.20996857 94.33543396 66.88526154
H 117.11395264 96.08647919 67.19195557
C 115.18409729 95.01773834 67.33496094
H 114.72054291 94.06475830 67.30788422
H 114.76863861 95.44079590 68.22943878
C 114.67149353 95.96331787 66.12456512
H 114.91110992 95.63350677 65.10597992
H 115.17486572 96.88181305 66.18844604
C 119.55207062 84.68163300 72.32081604
H 119.20497131 84.28961182 73.28938293
H 118.90962982 85.55250549 72.21343994
C 113.15748596 96.30768585 66.29124451
H 112.51548767 95.37340546 66.23748779
H 113.06478882 96.59774017 67.35594177
C 130.75910950 96.03829956 78.26634216
H 131.32862854 96.36219788 79.16754913
H 131.33763123 95.31062317 77.73693085
C 119.28836060 101.97741699 78.37654114
H 118.25794220 101.77013397 78.04684448
H 119.53945923 101.18338013 79.14123535
C 130.55712891 97.21804810 77.25910187
H 129.81285095 97.83345795 77.67507172
H 130.15394592 96.87915039 76.32250977
C 112.70709991 97.44087982 65.24363708
H 112.78866577 96.96566772 64.26372528
H 113.43260193 98.24491882 65.28068542
C 119.14846039 83.67937469 71.17233276
H 119.98821259 82.92747498 71.01198578
H 119.13114929 84.29729462 70.27452850
C 119.46215057 103.29782867 79.16522980
H 120.48872375 103.57161713 79.41130829
H 118.95902252 104.06100464 78.48105621
C 117.68649292 83.18320465 71.35066223
H 117.41621399 82.46797943 70.63539886
H 117.52878571 82.76754761 72.33992767
H 116.97940063 84.00904083 71.28324890
C 111.25537872 98.02816010 65.37891388
H 110.50368500 97.24326324 65.36867523
H 111.10519409 98.59422302 66.36602020
H 111.04270935 98.73413849 64.55910492
C 131.86428833 97.95355988 77.06089020
H 132.48852539 97.43194580 76.35656738
H 131.69915771 98.90237427 76.58049774
H 132.29765320 98.11302948 78.01966095
C 118.69753265 103.04776764 80.50504303
H 117.75535583 102.62157440 80.40599060
H 119.25402832 102.36159515 81.15567780
H 118.58801270 103.99555206 81.00269318
",0.000
38,"372

C 89.26927948 113.59043884 133.10678101
C 88.96036530 112.54862213 132.28851318
C 88.99670410 111.20475769 132.78524780
C 89.44303131 110.96649170 134.18418884
C 89.89655304 112.05015564 134.95613098
C 89.72785187 113.39035034 134.38034058
H 89.32429504 114.58560181 132.77334595
H 89.46199036 109.94232178 134.53471375
C 88.68167114 112.56861115 130.74301147
C 88.38101196 111.06031799 130.53744507
C 88.55541229 110.35848236 131.76094055
C 88.03966522 110.21688080 129.50187683
C 87.71679688 108.91364288 129.90800476
S 88.05281830 108.69348907 131.68832397
C 90.59809875 112.16289520 136.39160156
C 90.95214844 113.68357086 136.32885742
C 90.36540222 114.36089325 135.24613953
C 91.74481964 114.60252380 137.08680725
C 91.82401276 115.93331909 136.52259827
S 90.71283722 116.04600525 135.13191223
C 87.38800812 108.03579712 128.83128357
S 87.66375732 110.29747009 127.77251434
S 92.76963806 114.44277191 138.47232056
C 92.73403168 116.70746613 137.15254211
C 87.44416046 108.62205505 127.51379395
C 93.30411530 116.11467743 138.31047058
H 87.23501587 106.99123383 128.96412659
H 93.03861237 117.71841431 136.86026001
C 94.40692902 116.73902130 139.02342224
C 94.67433167 117.99017334 139.49520874
C 93.71734619 119.10614014 139.42016602
C 95.91625977 118.58663940 140.10298157
C 94.29174042 120.33308411 140.02424622
O 92.56248474 119.15951538 138.92893982
C 95.57994080 119.99968719 140.45414734
C 97.13716125 117.97714996 140.26678467
C 93.76461792 121.60824585 140.12959290
C 96.31275177 121.01637268 141.07705688
C 97.41669464 116.58980560 139.87890625
C 98.18917084 118.42294312 141.07490540
C 94.57936859 122.62104797 140.66522217
H 92.80903625 121.83940887 139.69505310
C 95.76101685 122.30590820 141.28990173
H 97.23291016 120.74560547 141.55279541
N 97.60333252 115.46358490 139.62728882
N 99.11547089 118.77603149 141.67311096
H 94.26042938 123.66754150 140.75598145
H 96.28864288 123.12155151 141.81881714
H 95.11788940 115.90456390 139.19163513
C 86.85630798 107.96656799 126.36012268
C 87.10558319 106.73177338 125.69899750
C 88.17926025 105.70077515 126.06787872
C 86.41242218 106.23085022 124.49475861
C 87.97694397 104.48223877 125.19033813
O 89.01016998 105.80754089 126.98860168
C 86.90134430 104.79769897 124.29845428
C 85.42562866 106.88298035 123.67618561
C 88.64784241 103.25216675 125.18180084
C 86.57168579 103.79377747 123.35801697
C 85.10530090 108.27396393 123.71669769
C 84.88119507 106.34051514 122.50174713
C 88.35144806 102.32143402 124.18921661
H 89.39632416 103.18131256 125.97425842
C 87.30058289 102.59938812 123.27107239
H 85.83770752 103.92225647 122.58795166
N 84.85523224 109.40781403 123.78621674
N 84.43366241 105.85838318 121.53118896
H 88.96076965 101.33522034 124.11898804
H 87.03554535 101.83037567 122.52540588
H 86.22692108 108.74742889 125.97489929
C 91.88369751 111.31707764 136.28704834
C 92.97259521 111.79554749 135.46963501
C 92.04525757 110.07929230 136.94465637
C 94.14807892 111.03152466 135.41323853
H 92.95440674 112.72658539 134.95462036
C 93.20462799 109.38840485 136.85655212
H 91.23112488 109.57000732 137.48234558
C 94.26660156 109.77437592 136.07577515
H 95.04628754 111.33003235 134.85839844
H 93.29675293 108.53659821 137.41044617
C 89.89044189 113.11798859 129.97534180
C 90.93650055 112.27514648 129.54238892
C 90.12502289 114.50253296 129.87765503
C 92.05896759 112.84297180 128.84544373
H 90.88415527 111.24006653 129.67208862
C 91.28906250 115.01978302 129.28178406
H 89.47927856 115.24604797 130.37770081
C 92.26822662 114.21428680 128.66488647
H 92.74459076 112.07310486 128.49444580
H 91.40465546 116.09326172 129.28584290
C 87.43487549 113.37438965 130.35015869
C 86.46096039 113.66157532 131.38412476
C 87.22206879 113.74942780 129.00944519
C 85.31764221 114.45256805 131.04254150
H 86.54190063 113.39502716 132.46369934
C 86.05578613 114.48613739 128.64974976
H 87.85155487 113.45398712 128.27725220
C 85.15239716 114.88455200 129.67491150
H 84.69232178 114.74349976 131.89500427
H 85.84139252 114.57405853 127.63375092
C 89.57634735 111.95382690 137.58863831
C 90.13832855 111.58163452 138.84413147
C 88.17814636 112.24131775 137.48852539
C 89.28924561 111.29279327 139.97322083
H 91.21663666 111.53865051 138.92852783
C 87.34813690 112.06339264 138.62805176
H 87.77097321 112.52663422 136.51300049
C 87.89553070 111.56254578 139.85484314
H 89.74717712 110.88591003 140.88780212
H 86.27275085 112.18006134 138.58761597
C 83.99488068 115.84923553 129.32855225
H 83.69221497 115.46820831 128.31076050
H 83.14174652 115.69060516 130.06475830
C 84.39028931 117.38036346 129.28562927
H 85.11764526 117.56040192 128.53237915
H 83.53549194 117.98374176 128.94067383
C 84.81089783 117.87885284 130.66424561
H 84.04415131 117.60762024 131.35336304
H 85.80944824 117.43544006 131.08607483
C 95.54563904 108.96532440 136.03324890
H 95.18752289 108.04464722 135.65713501
H 96.34499359 109.48448944 135.49284363
C 96.10614777 108.55156708 137.40795898
H 95.41998291 107.85565948 137.83314514
H 96.98442841 107.93292236 137.24359131
C 96.35832214 109.74638367 138.35592651
H 95.47362518 110.14836884 138.74189758
H 97.02790070 110.55937195 137.97859192
C 86.88901520 111.11631775 141.00573730
H 86.00399017 110.72615051 140.54444885
H 87.18411255 110.21347046 141.42825317
C 86.54699707 112.26500702 141.93965149
H 86.33905792 113.11902618 141.33099365
H 85.63809967 112.07015991 142.46556091
C 87.66918182 112.59887695 142.89512634
H 88.20661926 111.70238495 143.24304199
H 88.36924744 113.08124542 142.15122986
C 93.53205109 114.70352936 127.94081879
H 93.21280670 115.64724731 127.56617737
H 93.79631805 113.95911407 127.16354370
C 94.85310364 114.86199951 128.72218323
H 94.99257660 113.90110016 129.14245605
H 95.76080322 115.07455444 128.12658691
C 94.82444000 115.81001282 129.94143677
H 95.67597198 115.69187164 130.54148865
H 94.02549744 115.54718781 130.69291687
C 97.27149963 109.29759216 139.51354980
H 96.77459717 108.42694855 139.88027954
H 98.22074127 109.02155304 139.11099243
C 94.77393341 117.32746887 129.50028992
H 95.40409088 117.50965118 128.64770508
H 93.81230927 117.51277924 129.24073792
C 87.21521759 113.61769867 143.88471985
H 86.48809052 114.24067688 143.39085388
H 86.54168701 113.08152008 144.60099792
C 84.78595734 119.42812347 130.73934937
H 85.37057495 119.97879028 129.99028015
H 83.77158356 119.74313354 130.39514160
C 88.35674286 114.47474670 144.52008057
H 88.83008575 115.02438354 143.63883972
H 89.11315918 113.98332977 145.11231995
C 95.16973877 118.40856171 130.50933838
H 96.11434174 118.10100555 130.88059998
H 94.50054932 118.38117218 131.37272644
C 97.49706268 110.34227753 140.62977600
H 96.53903198 110.78076935 140.92152405
H 98.06591034 111.14356232 140.18626404
C 84.82984924 119.98925018 132.11120605
H 84.53421021 121.05374146 132.00596619
H 84.14559174 119.61122131 132.85607910
C 98.14577484 109.71260834 141.89607239
H 97.85618591 108.75620270 142.13334656
H 99.20763397 109.63452911 141.72732544
H 98.02449036 110.30439758 142.77980042
C 95.07337189 119.87593079 129.92839050
H 95.59152222 119.90292358 128.96549988
H 94.06399536 120.08678436 129.85598755
H 95.56044769 120.55451965 130.66868591
C 87.77422333 115.52423859 145.46435547
H 87.01499939 116.25141907 145.04425049
H 87.28697205 115.11672974 146.32727051
H 88.60451508 116.16699982 145.74407959
C 86.16625977 119.87537384 132.80255127
H 86.95218658 120.48061371 132.34455872
H 86.15269470 120.25902557 133.78256226
H 86.47286987 118.82160950 132.86889648
C 90.25421143 102.73298645 114.67049408
C 89.45146942 103.75357056 114.10819244
C 88.21804810 103.33432770 113.55506897
C 87.68847656 101.98377228 113.51053619
C 88.54203796 100.97392273 114.10057068
C 89.83451080 101.41134644 114.67235565
H 91.28581238 103.03886414 115.07598877
H 86.76453400 101.67138672 113.04963684
C 89.75315094 105.25280762 113.97290802
C 88.58351135 105.56472778 113.06430054
C 87.73863983 104.49411011 112.90199280
C 88.16427612 106.73075104 112.37964630
C 87.02989960 106.49845123 111.64027405
S 86.45954132 104.84493256 111.82707977
C 88.36615753 99.43682098 114.28684235
C 89.76995087 99.05250549 114.80606079
C 90.49600220 100.21881866 115.08288574
C 90.44044495 97.90064240 115.26599884
C 91.72925568 98.24064636 115.73581696
S 92.14482880 99.92441559 115.78622437
C 86.64142609 107.61514282 110.83547974
S 88.70098877 108.40457153 112.19959259
S 90.20290375 96.19718170 115.27119446
C 92.44976807 97.16322327 116.13066864
C 87.44776154 108.79347229 111.00138092
C 91.72560883 95.99104309 116.11386871
H 85.82699585 107.49182892 110.07723999
H 93.29815674 97.15457916 116.69121552
C 92.21417236 94.76856995 116.56373596
C 92.84960938 94.30341339 117.63764191
C 93.06501770 95.13872528 118.87034607
C 93.40497589 93.00229645 117.90058136
C 93.87139130 94.36178589 119.88805389
O 92.60558319 96.21253967 119.17291260
C 94.13208771 93.09870148 119.25521851
C 93.34494781 91.84300232 117.07424927
C 94.25507355 94.69474030 121.18324280
C 95.07601166 92.22497559 119.86592102
C 92.45315552 91.61096191 115.98306274
C 93.85602570 90.52474976 117.28472137
C 95.15737152 93.76957703 121.84048462
H 93.99552917 95.63253784 121.66300201
C 95.47863770 92.54893494 121.20549774
H 95.47273254 91.27848816 119.47132874
N 91.69297028 91.41838074 115.12310791
N 94.30426788 89.48173523 117.42772675
H 95.53838348 94.01593781 122.82106781
H 96.13372040 91.80718994 121.70920563
H 91.96800995 94.01484680 115.77813721
C 87.34767151 110.00321198 110.19248199
C 86.43320465 110.73670197 109.52239227
C 84.94714355 110.50877380 109.46209717
C 86.69860077 111.98669434 108.80768585
C 84.37705994 111.55115509 108.69826508
O 84.35536194 109.59381104 110.01028442
C 85.38480377 112.44902802 108.24704742
C 87.91003418 112.75113678 108.62891388
C 82.99542999 111.83969879 108.43556213
C 84.97171783 113.56582642 107.43734741
C 89.27819061 112.47905731 109.05084229
C 87.99269104 114.13552094 108.21970367
C 82.63670349 112.96903229 107.68836975
H 82.27435303 111.18120575 108.89721680
C 83.63799286 113.88597870 107.22110748
H 85.61048889 114.40198517 107.09667206
N 90.38004303 112.32912445 109.41694641
N 87.99878693 115.29612732 107.90280914
H 81.60712433 113.19641113 107.46118927
H 83.40944672 114.78055573 106.75109863
H 88.27220154 110.47438049 110.08079529
C 88.01702881 98.79798889 113.01524353
C 89.01683807 98.39485931 112.06601715
C 86.68237305 98.64869690 112.56213379
C 88.72805786 98.00303650 110.71916199
H 90.09067535 98.47190094 112.31434631
C 86.33956146 98.18019867 111.25224304
H 85.84320831 98.94548035 113.27690887
C 87.38097382 97.91450500 110.30368805
H 89.53504181 97.66879272 110.08672333
H 85.28054047 97.96475983 111.05454254
C 91.07386780 105.52649689 113.12432861
C 91.83029938 106.71601105 113.30944824
C 91.50808716 104.62963867 112.13807678
C 92.95916748 106.99845886 112.52017212
H 91.44235229 107.46959686 114.02272034
C 92.68251801 104.82047272 111.42465210
H 90.87231445 103.71692657 111.97596741
C 93.35966492 106.01975250 111.58946991
H 93.39088440 107.99297333 112.54530334
H 92.89971924 103.98415375 110.76210022
C 89.80320740 105.90647888 115.32550812
C 90.94445038 105.75148010 116.15678406
C 88.63119507 106.28609467 115.86696625
C 90.89399719 106.13200378 117.55960846
H 91.90270996 105.37316132 115.77110291
C 88.51986694 106.74938965 117.21852112
H 87.74246979 106.46308136 115.28908539
C 89.64163971 106.55860138 118.05473328
H 91.74903107 106.01189423 118.15299225
H 87.60945892 107.17879486 117.69004822
C 87.42404938 99.03561401 115.43288422
C 87.19179535 97.64971924 115.65779877
C 86.56782532 99.97838593 116.05012512
C 86.36607361 97.19033813 116.72111511
H 87.63962555 96.87425995 115.02671051
C 85.72377777 99.49629211 117.03585052
H 86.62284088 101.02725220 115.88842773
C 85.68470764 98.14028931 117.46724701
H 86.41609955 96.16075897 116.93235779
H 85.16792297 100.26805115 117.51015472
C 89.65520477 107.02891541 119.52838898
H 90.49954224 107.71235657 119.65709686
H 88.78076935 107.65795898 119.67667389
C 89.65805054 105.95027161 120.58502197
H 90.68412018 105.62557220 120.71701813
H 89.55822754 106.40720367 121.53882599
C 88.61316681 104.86138153 120.45295715
H 88.33851624 104.52842712 121.47110748
H 87.72248840 105.19434357 119.89470673
C 87.03559113 97.43281555 108.93349457
H 87.90493774 96.80252838 108.67985535
H 86.04358673 97.00759888 108.87094116
C 87.05825806 98.61695862 107.92623138
H 86.64305878 99.50451660 108.47890472
H 88.13686371 98.85161591 107.71694946
C 86.08840179 98.49064636 106.75740051
H 85.74269104 99.51987457 106.52383423
H 85.12669373 98.05841827 107.03540802
C 84.95189667 97.74499512 118.70350647
H 83.90830994 98.11881256 118.60006714
H 84.89931488 96.67313385 118.76920319
C 85.56259155 98.30573273 119.97203064
H 86.67335510 98.12866211 120.00958252
H 85.47077942 99.35575867 120.16439819
C 84.89832306 97.59244537 121.18759155
H 83.82118988 97.84794617 121.12650299
H 84.98454285 96.49819946 121.16414642
C 94.67182922 106.22351074 110.89602661
H 95.37678528 105.80249023 111.63183594
H 94.86585236 107.29711151 110.77463531
C 94.95351410 105.47170258 109.60582733
H 94.83917999 104.42142487 109.71857452
H 94.26391602 105.90709686 108.85713959
C 96.39564514 105.69022369 109.04967499
H 97.03742218 105.39769745 109.90404510
H 96.55003357 106.71755981 108.69545746
C 86.63082123 97.83995056 105.50418091
H 87.68856049 98.19590759 105.26351929
H 86.75563049 96.77957153 105.74871063
C 96.79053497 104.70155334 107.90256500
H 96.30009460 103.79888916 108.15601349
H 96.14537048 104.91130066 106.99774933
C 85.26158905 97.96754456 122.60063171
H 84.87300110 97.21159363 123.18235779
H 86.37384033 97.91394806 122.77056122
C 89.11177063 103.55249786 119.71045685
H 89.34817505 103.77426910 118.68681335
H 90.04381561 103.30596924 120.18460846
C 84.61985016 99.31758881 123.05910492
H 83.54978180 99.41712189 122.88761139
H 84.94364929 100.08206177 122.35654449
C 98.28568268 104.50143433 107.49738312
H 98.67983246 105.33945465 106.95096588
H 98.27735901 103.63495636 106.78302002
C 85.64206696 97.85848236 104.29711151
H 85.56255341 98.86988068 103.86559296
H 84.71852112 97.46092224 104.62047577
C 88.09870148 102.49869537 119.74584198
H 87.72791290 102.36116791 120.73258972
H 87.29623413 102.66394806 118.97888184
C 85.96918488 96.86539459 103.17100525
H 86.76865387 96.11368561 103.44544220
H 84.98062897 96.40962219 102.84676361
H 86.50677490 97.40348053 102.34340668
C 99.15152740 104.19200897 108.68132019
H 100.09292603 103.88069153 108.25798798
H 99.18624115 104.99540710 109.36710358
H 98.89829254 103.28194427 109.21266937
C 85.10662079 99.67085266 124.48267365
H 85.09560394 98.81178284 125.12609100
H 86.16207123 99.88387299 124.52877045
H 84.56716919 100.52978516 124.91500854
C 88.71772003 101.07499695 119.44436646
H 88.14995575 100.23023987 119.76313782
H 88.98503876 100.94337463 118.37284851
H 89.63985443 101.09739685 120.04818726
",0.000
39,"372

C 124.15274811 117.81449890 78.94570160
C 124.08035278 117.90773773 77.55177307
C 125.15398407 118.60031891 76.91230774
C 126.20463562 119.24769592 77.66009521
C 126.26272583 119.17456818 79.10823059
C 125.20594788 118.45545197 79.72830200
H 123.36528015 117.25346375 79.42477417
H 126.98408508 119.72910309 77.04475403
C 123.03156281 117.33336639 76.62017059
C 123.65118408 117.82910156 75.28994751
C 124.85962677 118.48324585 75.48097229
C 123.27210999 117.93896484 73.94783020
C 124.16527557 118.63052368 73.12050629
S 125.57450867 119.12839508 73.97215271
C 127.22940826 119.75691223 80.11965179
C 126.59764099 119.31054688 81.41947174
C 125.43620300 118.58986664 81.14521790
C 126.80158234 119.48666382 82.79781342
C 125.86540222 118.78193665 83.56689453
S 124.68376160 117.95745087 82.53904724
C 123.82897186 118.78263092 71.78702545
S 121.92990875 117.46760559 72.99002075
S 128.00001526 120.21343994 83.76190186
C 126.03641510 118.86379242 84.93773651
C 122.77366638 117.90042877 71.46350861
C 127.14504242 119.70757294 85.21220398
H 124.48583221 119.24721527 71.08252716
H 125.46567535 118.38384247 85.74953461
C 127.71227264 119.77782440 86.50675201
C 127.40963745 119.64343262 87.87414551
C 126.03734589 119.50644684 88.47026062
C 128.32604980 119.58827209 89.03961182
C 126.18920898 119.28942871 89.92417908
O 124.92248535 119.64918518 87.91943359
C 127.52694702 119.50061798 90.24788666
C 129.81021118 119.50121307 89.08133698
C 125.21360016 118.91765594 90.81402588
C 127.81861115 119.41495514 91.62937927
C 130.61468506 119.31983185 87.86399841
C 130.62258911 119.28057861 90.18464661
C 125.57245636 118.81105042 92.17277527
H 124.21485901 118.77921295 90.46274567
C 126.86580658 119.06528473 92.58924866
H 128.86453247 119.48297119 91.86389923
N 131.22479248 119.19364166 86.90793610
N 131.36479187 119.08209991 91.07336426
H 124.83399200 118.55377960 92.90843201
H 127.23757935 118.93872070 93.60718536
H 128.74330139 119.93831635 86.38647461
C 122.06850433 118.05305481 70.22027588
C 122.20989227 118.05534363 68.85365295
C 123.53924561 118.09954834 68.28942108
C 121.19838715 118.08493805 67.76818085
C 123.40267944 118.16831207 66.80334473
O 124.58867645 118.11563873 68.89807892
C 122.01258087 118.05461884 66.55493164
C 119.77330780 117.99862671 67.79702759
C 124.37598419 118.07964325 65.84373474
C 121.59777069 117.95227814 65.21316528
C 119.05056000 117.81900787 69.01908875
C 118.83848572 118.17993927 66.75040436
C 123.92613220 117.98923492 64.54312897
H 125.47254944 118.19084167 65.96002960
C 122.59447479 117.84246063 64.23251343
H 120.58885956 117.82914734 64.95368195
N 118.47977448 117.60671997 69.97058868
N 118.05087280 118.23575592 65.90966797
H 124.69870758 118.04082489 63.76749420
H 122.11543274 117.81285095 63.22390366
H 121.01325989 118.22207642 70.39231110
C 127.29005432 121.28523254 79.81879425
C 127.95780945 121.83389282 78.69809723
C 126.68115997 122.19536591 80.75740814
C 127.84446716 123.21112061 78.46929932
H 128.43728638 121.19726562 77.95087433
C 126.59775543 123.57742310 80.46925354
H 126.25869751 121.87424469 81.66088104
C 127.20448303 124.06017303 79.31805420
H 128.25515747 123.59451294 77.53089142
H 126.10519409 124.30074310 81.10501099
C 121.58023834 117.92782593 77.07201385
C 120.90846252 118.83021545 76.25100708
C 120.87955475 117.46236420 78.22363281
C 119.67124176 119.37385559 76.62302399
H 121.34239960 119.20000458 75.35201263
C 119.61571503 117.91378021 78.56052399
H 121.44606018 116.76572418 78.82332611
C 119.05251312 118.94090271 77.78612518
H 119.20914459 120.05953217 75.94058990
H 119.13527679 117.44356537 79.48891449
C 122.97240448 115.73944855 76.62142181
C 121.99599457 114.97183990 75.95730591
C 124.10252380 115.03057861 77.18223572
C 122.05416107 113.57913208 76.04096985
H 121.14878082 115.42102051 75.43650818
C 124.11502838 113.60457611 77.31650543
H 124.93589783 115.54891968 77.66778564
C 123.00965118 112.88322449 76.85416412
H 121.23439789 113.02443695 75.55380249
H 124.96138763 113.05815125 77.81323242
C 128.65144348 118.96776581 80.16934967
C 128.78848267 117.62787628 79.71050262
C 129.78012085 119.57955170 80.73879242
C 130.00593567 116.89651489 79.84110260
H 127.94791412 117.02043152 79.43361664
C 130.98365784 118.86981964 80.85760498
H 129.82206726 120.54881287 81.25986481
C 131.13186646 117.52214050 80.38977051
H 130.06883240 115.89485931 79.48061371
H 131.81480408 119.38624573 81.25238800
C 122.93736267 111.40435028 77.11952972
H 122.45676422 111.24872589 78.10176086
H 122.14147949 110.98921204 76.52938843
C 124.18752289 110.49971771 76.62841797
H 124.54375458 110.79355621 75.63813782
H 124.94593811 110.67569733 77.32846069
C 123.86918640 109.02498627 76.55070496
H 123.50572205 108.64933777 77.47126770
H 123.07614899 108.93531036 75.79826355
C 127.11601257 125.48016357 79.00431824
H 127.33216095 126.01844025 79.93975067
H 127.84597015 125.54634094 78.23501587
C 125.74475861 125.81999207 78.34864807
H 125.54362488 125.25020599 77.43864441
H 124.95444489 125.39105225 79.00579834
C 125.61067963 127.38638306 78.26013947
H 126.43924713 127.61466217 77.58953094
H 125.92037201 127.93701172 79.22518158
C 132.41287231 116.69747925 80.60213470
H 132.32630920 115.93756104 79.80353546
H 133.31455994 117.30216217 80.44136810
C 132.53215027 116.02135468 81.99508667
H 133.62893677 115.69723511 82.13757324
H 132.44090271 116.82495117 82.76390839
C 131.56013489 114.89030457 82.21491241
H 130.60168457 115.26418304 82.21212006
H 131.60847473 114.14925385 81.42012787
C 117.76023102 119.55397034 78.13798523
H 117.83843994 120.63613892 78.11599731
H 117.61673737 119.46180725 79.29639435
C 116.50624847 119.04865265 77.35389709
H 115.69190216 119.71365356 77.61376190
H 116.69813538 119.07469177 76.34962463
C 116.20006561 117.52244568 77.61059570
H 117.02617645 117.06124115 77.21565247
H 115.39839935 117.21144104 77.01155853
C 124.28043365 127.83750916 77.72733307
H 124.21378326 127.36813354 76.81457520
H 123.60901642 127.36712646 78.45118713
C 115.97065735 117.05053711 79.03568268
H 116.96697235 117.15835571 79.40126038
H 115.29645538 117.67338562 79.67112732
C 131.68177795 114.19783020 83.54440308
H 132.72555542 113.79381561 83.55230713
H 131.74687195 114.95361328 84.33822632
C 125.04289246 108.11864471 76.16365051
H 125.88171387 108.06208801 76.81279755
H 124.63568878 107.10388947 76.25032043
C 130.74583435 113.02926636 83.85130310
H 131.09515381 112.16138458 83.35055542
H 129.74084473 113.36393738 83.48932648
C 115.56631470 115.56876373 79.07698822
H 114.56873322 115.54377747 78.66040039
H 115.52991486 115.35626221 80.12652588
C 124.23846436 129.44705200 77.63192749
H 123.20349884 129.77024841 77.37551117
H 124.92726135 129.82847595 76.88029480
C 125.54977417 108.16272736 74.67189026
H 125.98100281 109.10649872 74.54317474
H 126.41456604 107.52263641 74.71526337
C 124.29111481 130.20138550 78.98543549
H 123.41678619 129.98089600 79.57717133
H 125.18569183 129.95239258 79.56269073
H 124.42111969 131.30274963 78.75763702
C 116.47169495 114.61195374 78.29014587
H 116.30263519 114.75200653 77.26190948
H 117.56565094 114.78054810 78.46834564
H 116.22064972 113.55120850 78.39347076
C 130.49214172 112.73915863 85.39887238
H 130.14675903 113.59425354 85.87361908
H 129.75840759 111.97319031 85.47264099
H 131.27310181 112.38385010 86.03311157
C 124.55149841 107.76033020 73.57855988
H 125.09911346 107.76132965 72.68233490
H 124.25563049 106.75185394 73.55498505
H 123.71685791 108.43716431 73.54141998
C 110.73063660 116.87269592 51.21032715
C 111.33572388 117.06252289 52.49131775
C 111.47608948 118.35707092 53.03388977
C 111.13590240 119.49962616 52.29061890
C 110.50101471 119.32081604 50.93925476
C 110.34923553 117.98036957 50.47566223
H 110.58000946 115.80093384 50.86793518
H 111.19998169 120.49230194 52.69071960
C 111.73979950 115.95896912 53.46392822
C 112.15487671 116.85733032 54.63619995
C 111.92229462 118.21713257 54.33319092
C 112.76070404 116.71598816 55.91656494
C 112.98062134 117.97164917 56.54750061
S 112.35031891 119.34001923 55.60205078
C 110.06900024 120.36720276 49.86138916
C 109.51020813 119.39073944 48.78428650
C 109.63752747 118.02487946 49.22239685
C 109.06735229 119.41626740 47.41371155
C 108.72151947 118.13636780 46.93101501
S 108.93527222 116.88632202 48.19331360
C 113.71865082 117.89923096 57.74768066
S 113.51776123 115.40204620 56.80551147
S 108.83903503 120.55132294 46.23298645
C 108.23866272 118.12952423 45.63095093
C 114.14793396 116.59593964 57.97462463
C 108.26293945 119.41159058 45.02407837
H 113.87975311 118.67121887 58.52835083
H 107.93604279 117.28643036 45.06345367
C 107.55362701 119.68572998 43.80151367
C 107.41587830 119.06137848 42.58386230
C 108.31117249 117.97852325 42.13232422
C 106.60503387 119.43550110 41.43753052
C 107.89330292 117.55642700 40.76455688
O 109.19752502 117.37924194 42.70560455
C 107.02902222 118.51588440 40.25743866
C 105.56026459 120.32362366 41.31066895
C 108.41844177 116.50188446 39.98480988
C 106.48433685 118.36222839 38.93393707
C 105.16815948 121.13958740 42.41602325
C 104.96574402 120.84514618 40.12101746
C 107.74652863 116.29788971 38.78513336
H 109.21417236 115.89716339 40.35327148
C 106.90004730 117.22214508 38.18735504
H 105.55130005 118.92989349 38.64064026
N 104.85787201 121.87138367 43.20622253
N 104.52416229 121.31109619 39.19975281
H 108.00099945 115.47799683 38.17575073
H 106.46293640 117.03849792 37.20511627
H 107.09422302 120.57153320 44.03583527
C 115.08203125 116.36116791 59.15144348
C 116.14749146 117.02961731 59.79258728
C 116.71135712 118.38291168 59.51280212
C 116.78652954 116.67507172 61.10876465
C 117.67000580 118.77975464 60.54399109
O 116.48689270 119.09101868 58.53625488
C 117.77462006 117.73502350 61.47312927
C 116.51076508 115.51670074 61.82887268
C 118.47076416 119.88873291 60.53251648
C 118.64466858 117.89121246 62.54449463
C 115.40276337 114.59565735 61.74528503
C 117.37995148 114.89868164 62.85977173
C 119.54010773 119.90327454 61.48260498
H 118.50488281 120.65990448 59.78385925
C 119.52954865 118.96362305 62.51002502
H 118.72445679 117.11190796 63.31463623
N 114.45002747 113.88330841 61.71664429
N 118.01940155 114.35369110 63.69439697
H 120.36770630 120.63522339 61.58236694
H 120.25402832 118.90204620 63.35491943
H 114.72997284 115.36011505 59.48406982
C 111.21557617 121.16515350 49.28887939
C 111.49617767 122.50014496 49.73933411
C 112.14046478 120.58437347 48.42620850
C 112.49360657 123.27335358 49.16683960
H 110.97112274 122.94401550 50.49729919
C 113.29157257 121.28554535 47.95996094
H 112.02916718 119.61261749 48.06268311
C 113.45732880 122.67037964 48.29063416
H 112.58879089 124.32335663 49.55340576
H 113.97817993 120.74068451 47.28744507
C 112.97140503 115.24647522 52.71794128
C 114.20582581 115.86351013 52.45822144
C 112.81100464 113.93626404 52.25506592
C 115.30957794 115.22928619 51.88916016
H 114.32356262 116.79306030 52.87597656
C 113.86154938 113.27114868 51.56080627
H 111.92225647 113.41725922 52.34396362
C 115.07823181 113.87079620 51.41384888
H 116.28888702 115.71504211 51.85942078
H 113.77516174 112.20397949 51.21958923
C 110.53429413 115.11663818 53.92646790
C 109.19200897 115.55646515 53.71348572
C 110.69431305 113.89266968 54.61877441
C 108.11424255 114.71941376 54.00537109
H 109.03217316 116.49415588 53.17892456
C 109.60001373 113.09023285 54.95750427
H 111.67466736 113.51686859 54.83071899
C 108.26535797 113.48284912 54.70549011
H 107.09726715 115.08866882 53.82804871
H 109.90300751 112.17380524 55.46557617
C 108.86624908 121.19223785 50.24113464
C 108.47182465 122.30464172 49.43948364
C 107.98955536 120.76821136 51.26034546
C 107.21247864 122.87383270 49.64945984
H 109.01638031 122.52948761 48.57398987
C 106.76129913 121.41368866 51.42445374
H 107.99958801 119.84632874 51.88630676
C 106.33181000 122.49792480 50.62429810
H 106.90345001 123.66825867 49.01477051
H 106.12249756 121.02740479 52.25531006
C 107.07378387 112.62331390 55.17083740
H 106.49610138 112.51628876 54.25738525
H 107.32427216 111.64792633 55.51863098
C 106.12319183 113.15917969 56.28588867
H 106.70226288 113.21305084 57.21298218
H 105.74308014 114.20944977 56.07035828
C 105.00970459 112.14403534 56.60002136
H 104.44644928 112.01687622 55.72744751
H 105.49462891 111.20123291 56.67124939
C 114.64058685 123.50858307 47.79795837
H 114.38445282 124.49816895 48.13745117
H 115.44303131 123.25101471 48.44659424
C 114.84623718 123.52806854 46.27725220
H 115.40116119 124.44233704 45.96853638
H 115.42420197 122.66220093 45.93496704
C 113.52148438 123.49898529 45.46552277
H 112.80357361 124.18778229 45.85754395
H 113.10488892 122.54074860 45.70036316
C 104.99137878 123.03859711 50.71653748
H 104.68218994 123.37631989 49.71746826
H 104.33373260 122.19950104 50.92424011
C 104.85897064 123.92133331 51.98501587
H 104.73488617 123.27738190 52.82934570
H 105.74881744 124.45664215 52.13980103
C 103.59745026 124.82739258 51.89405823
H 103.83265686 125.56723785 51.13322449
H 102.73830414 124.38790894 51.43281555
C 116.34423065 113.00775909 51.05584717
H 117.21774292 113.71080017 50.75776672
H 116.10634613 112.61043549 50.08390808
C 116.79550934 112.11054230 52.20384216
H 116.75937653 112.81360626 53.00978088
H 116.15125275 111.22724915 52.43989563
C 118.30216980 111.76936340 52.00625610
H 118.78950500 112.71984100 52.00746155
H 118.43422699 111.28610992 50.99137878
C 113.70005035 123.78878021 43.98152161
H 114.42736053 124.55413818 43.85294342
H 114.29753113 122.84697723 43.72456360
C 118.92343903 110.93575287 53.13383484
H 118.48698425 111.34761810 54.07096863
H 118.59191132 109.88379669 52.95294189
C 103.25889587 125.47951508 53.25907898
H 103.00425720 124.76464081 53.96588135
H 104.15393066 125.95594788 53.68591309
C 104.15420532 112.61537170 57.83312988
H 104.81317902 113.12144470 58.57392883
H 103.46383667 113.43782806 57.53053284
C 102.10746002 126.51082611 53.11831665
H 101.66959381 126.94130707 54.05680847
H 101.27539062 125.95025635 52.63256836
C 120.41349030 111.06999207 53.18533325
H 120.70447540 112.11645508 53.20671082
H 120.89833069 110.79809570 52.22033691
C 112.59103394 124.00820923 43.04361725
H 112.91757202 124.32786560 42.01548767
H 111.95742035 124.83029175 43.45014191
C 103.23538208 111.49115753 58.35717773
H 102.70498657 111.03995514 57.51679993
H 103.86429596 110.71877289 58.75030518
C 111.58706665 122.93616486 42.90019989
H 111.00085449 122.70529938 43.82584381
H 110.87733459 123.09779358 42.06119537
H 112.12439728 122.02816772 42.63239288
C 121.09135437 110.25535583 54.30474854
H 122.04824829 110.62203217 54.17839050
H 120.74394226 110.47461700 55.30310059
H 121.13711548 109.20697021 54.03057861
C 102.42657471 127.68442535 52.22668457
H 101.64897156 128.40602112 52.24044800
H 103.24163818 128.25115967 52.57463074
H 102.61280823 127.49516296 51.13212585
C 102.31448364 111.92419434 59.44435120
H 102.70017242 112.12234497 60.44229126
H 101.72499084 112.81503296 59.22976685
H 101.66250610 111.07834625 59.57922363
",0.002
40,"372

C 83.35225677 105.60753632 70.57111359
C 84.61233521 106.07429504 70.20483398
C 85.38174438 107.01493835 71.03064728
C 84.81658936 107.39442444 72.28607941
C 83.42324829 106.99999237 72.62857819
C 82.76131439 106.07526398 71.73603058
H 82.79138184 104.91561890 69.93144989
H 85.26284790 108.13648224 72.90414429
C 85.49025726 105.67878723 68.99229431
C 86.75797272 106.58071136 69.19337463
C 86.59221649 107.33050537 70.33799744
C 87.90627289 106.96590424 68.47991943
C 88.63552856 107.99352264 69.11170197
S 87.94548035 108.37091827 70.69938660
C 82.54494476 107.42443085 73.80291748
C 81.25408173 106.58641815 73.46606445
C 81.49134827 105.84657288 72.30574799
C 79.92700958 106.39868164 73.94074249
C 79.19010162 105.49615479 73.21244812
S 80.10826874 104.72077942 71.90702057
C 89.71373749 108.47814178 68.43414307
S 88.62022400 106.61643982 66.91481018
S 79.04067993 107.10137939 75.26330566
C 77.88992310 105.33759308 73.72847748
C 89.79733276 107.92540741 67.10109711
C 77.55445099 106.19133759 74.79598999
H 90.36459351 109.20626831 68.76852417
H 77.16159058 104.66182709 73.34197235
C 76.25305939 106.06343079 75.46693420
C 74.99388123 105.85369873 75.07325745
C 74.48563385 105.88594055 73.61753082
C 73.82074738 105.59389496 75.87586212
C 73.01450348 105.68112946 73.65177917
O 75.22978973 106.04411316 72.63822174
C 72.58892822 105.55184174 75.01101685
C 73.74774933 105.27146912 77.32048035
C 72.17919159 105.60018158 72.52849579
C 71.19149017 105.45062256 75.21002960
C 74.64702606 105.66659546 78.34291077
C 72.62574005 104.56964874 77.93341827
C 70.83861542 105.39062500 72.83119965
H 72.46385193 105.75079346 71.48169708
C 70.35010529 105.31390381 74.13597870
H 70.80574036 105.56584167 76.20839691
N 75.43286896 105.97560883 79.10864258
N 71.78552246 104.02308655 78.47038269
H 70.10778046 105.28147888 71.99507141
H 69.35865021 105.20224762 74.39284515
H 76.47406769 106.11145020 76.51038361
C 90.95944214 108.13655853 66.35020447
C 91.70092773 109.23299408 65.94306946
C 91.22299957 110.62922668 66.05223846
C 92.98890686 109.26708221 65.24894714
C 92.36174011 111.49002075 65.60008240
O 90.14104462 111.08822632 66.46934509
C 93.41184998 110.72797394 65.12978363
C 93.85356903 108.14064026 64.94746399
C 92.42306519 112.88877106 65.44626617
C 94.63971710 111.33011627 64.62342072
C 93.65071869 106.77074432 65.25035858
C 95.04673767 108.18922424 64.22546387
C 93.59642792 113.43245697 64.90292358
H 91.67858124 113.56519318 65.76901245
C 94.72171021 112.70176697 64.59340668
H 95.54246521 110.73277283 64.35853577
N 93.50699615 105.60819244 65.46177673
N 96.03477478 108.19535828 63.63523483
H 93.62021637 114.54768372 64.83039856
H 95.59128571 113.22314453 64.31237030
H 91.24753571 107.13596344 66.02348328
C 82.11053467 108.94626617 73.73136139
C 82.18093872 109.68778229 72.52896118
C 81.34179688 109.51025391 74.79701233
C 81.59428406 110.97647858 72.33767700
H 82.76134491 109.40233612 71.70066833
C 80.72552490 110.83252716 74.60437775
H 81.15788269 108.88587952 75.62081146
C 80.86917877 111.53980255 73.39353180
H 81.84813690 111.51776886 71.39212036
H 80.24783325 111.18767548 75.46678925
C 84.71641541 105.89118958 67.64273834
C 85.03224945 105.05415344 66.50714874
C 83.79321289 106.95024872 67.39904785
C 84.39626312 105.27686310 65.21843719
H 85.76923370 104.22502136 66.60108185
C 83.17912292 107.18042755 66.19384766
H 83.61656189 107.64916229 68.16517639
C 83.35350037 106.27586365 65.08112335
H 84.67760468 104.67677307 64.34623718
H 82.58011627 108.05487823 66.09673309
C 85.96686554 104.18754578 69.18867493
C 84.90613556 103.23641205 69.13728333
C 87.24095917 103.80274200 69.71365356
C 85.09332275 101.90917969 69.57730865
H 83.90897369 103.37428284 68.90355682
C 87.48088074 102.49505615 70.19244385
H 88.11243439 104.47501373 69.77098846
C 86.35987091 101.58767700 70.18776703
H 84.27568054 101.13304901 69.60042572
H 88.40409088 102.15962982 70.72013092
C 83.23601532 107.06565857 75.17495728
C 82.71215820 106.12815857 76.09674072
C 84.38125610 107.73791504 75.49918365
C 83.40181732 105.92948914 77.31744385
H 81.80354309 105.57785797 75.99606323
C 85.10472870 107.52051544 76.71936798
H 84.80739594 108.48748016 74.82681274
C 84.59761047 106.55432129 77.56632996
H 83.00043488 105.30624390 78.09287262
H 85.97751617 108.03947449 76.96833801
C 86.50175476 100.22125244 70.85173035
H 85.98044586 99.43402100 70.30447388
H 87.55477142 99.97328186 70.86100006
C 85.96822357 100.29735565 72.28976440
H 86.25544739 101.23978424 72.74482727
H 84.86280060 100.26371002 72.18122864
C 86.55791473 99.27022552 73.21336365
H 86.20796204 98.27136993 73.02443695
H 87.58402252 99.32595825 73.08206177
C 80.29459381 112.97341919 73.27493286
H 80.90370178 113.60923767 73.80600739
H 80.28376770 113.33108521 72.24569702
C 78.89835358 113.11792755 73.91279602
H 78.06548309 112.56331635 73.57737732
H 78.97506714 112.82812500 74.95249176
C 78.51696777 114.64614105 73.92272949
H 78.87117004 115.17219543 73.00692749
H 79.02485657 114.99001312 74.84360504
C 85.34796143 106.32180786 78.82404327
H 85.10416412 105.30515289 79.14486694
H 86.45342255 106.36962891 78.56827545
C 85.09671783 107.18411255 80.01978302
H 85.85376740 106.99099731 80.78629303
H 85.26158142 108.22766876 79.79019928
C 83.72824097 107.00913239 80.72074127
H 83.70143127 107.77217102 81.55523682
H 82.86528015 107.24709320 80.09022522
C 82.61730957 106.59776306 63.78270721
H 81.77214813 105.95893097 63.83226776
H 83.29049683 106.23440552 63.10025787
C 82.27863312 108.03605652 63.49970627
H 81.46928406 108.45533752 64.05285645
H 83.11752319 108.61014557 63.79115295
C 82.05727386 108.31777954 62.04826736
H 81.19896698 107.68627930 61.76475525
H 82.91207886 107.94254303 61.51794434
C 76.99757385 114.89702606 74.05197144
H 76.49418640 114.36960602 73.26981354
H 76.62316895 114.35038757 74.98151398
C 81.71033478 109.81334686 61.76089859
H 80.98495483 110.22824860 62.40027237
H 82.57917023 110.37235260 62.12011337
C 83.55650330 105.52501678 81.23074341
H 83.27059937 104.90312958 80.45074463
H 84.48711395 105.18959045 81.68708038
C 86.33660889 99.45822906 74.76770782
H 86.73519135 100.34576416 75.19844818
H 85.21224976 99.52181244 74.78430939
C 82.43980408 105.54406738 82.25672913
H 81.51074982 105.80016327 81.80422211
H 82.60348511 106.32437897 83.01992035
C 81.48188782 109.98968506 60.28713608
H 80.63549042 109.40322876 59.98517609
H 82.29108429 109.52845764 59.78462601
C 76.58505249 116.38120270 73.89955902
H 75.51836395 116.48175812 73.78259277
H 76.85749817 116.77989960 72.87026978
C 86.83393860 98.33348846 75.60340118
H 86.44070435 97.40639496 75.16710663
H 87.87465668 98.11693573 75.39849091
C 77.04138947 117.24395752 75.08817291
H 76.63724518 116.83419800 76.00308228
H 78.12042999 117.24313354 75.15084076
H 76.86480713 118.37532043 75.00427246
C 81.43315125 111.52333069 59.84648895
H 82.31519318 112.10278320 60.12472916
H 81.35709381 111.52748871 58.70097733
H 80.52268982 112.03829956 60.17071915
C 82.19174194 104.24061584 82.93651581
H 82.28218079 103.39408875 82.22012329
H 82.83807373 104.03076172 83.81349945
H 81.10415649 104.23970795 83.29792023
C 86.43630981 98.54793549 77.09288025
H 85.38037109 98.36412048 77.32079315
H 87.04147339 97.86155701 77.66627502
H 86.75974274 99.53277588 77.47330475
C 82.35898590 111.63614655 65.86013031
C 83.53590393 111.62370300 66.68123627
C 83.44634247 110.84377289 67.88288116
C 82.32419586 110.07568359 68.26673889
C 81.21102905 110.14347839 67.48069763
C 81.21144104 110.93898773 66.32761383
H 82.43598175 112.03866577 64.88077545
H 82.33615875 109.51573944 69.21503448
C 84.96016693 112.13545227 66.50850677
C 85.47706604 111.99956512 67.98107910
C 84.60366821 111.17189789 68.76373291
C 86.62257385 112.35830688 68.73000336
C 86.67776489 111.83248138 69.99877167
S 85.29066467 110.75901794 70.36083221
C 79.84275055 109.34354401 67.62897491
C 79.04698181 110.10432434 66.56506348
C 79.87809753 110.87154388 65.75233459
C 77.74512482 110.17400360 66.13477325
C 77.60698700 110.87413025 64.94580841
S 79.09285736 111.46227264 64.29559326
C 87.78820038 112.18574524 70.70107269
S 88.03419495 113.30094910 68.30570221
S 76.25759888 109.35601044 66.59272003
C 76.29382324 110.83853912 64.46306610
C 88.72068787 112.81861877 69.90057373
C 75.37237549 110.22579956 65.32888031
H 88.03134155 111.81774139 71.61914825
H 75.98853302 111.23065186 63.55059433
C 74.05883026 109.88148499 64.86203003
C 73.02364349 110.56714630 64.19560242
C 73.04759216 112.03609467 63.97032166
C 71.81239319 109.97886658 63.53578568
C 71.72656250 112.43247223 63.42510986
O 74.05132294 112.77204132 64.25008392
C 71.00658417 111.17373657 63.12586594
C 71.50206757 108.62902832 63.34080124
C 71.14318085 113.67591858 63.25455093
C 69.79293060 111.28983307 62.39325333
C 72.38723755 107.58560944 63.66176224
C 70.38939667 108.04389191 62.64280319
C 69.91002655 113.75821686 62.56280899
H 71.75775909 114.58071899 63.38899231
C 69.24874115 112.56940460 62.17059708
H 69.13921356 110.41539764 62.17986298
N 73.10910034 106.69716644 63.88732910
N 69.51461029 107.58684540 62.03788757
H 69.57981873 114.72163391 62.39068604
H 68.22790527 112.57548523 61.73959732
H 74.06582642 108.83861542 65.10919189
C 89.87835693 113.35073853 70.56218719
C 90.92950439 112.75437927 71.25967407
C 91.03133392 111.22882843 71.43097687
C 92.11219025 113.33280945 71.90063477
C 92.23652649 110.93009949 72.19833374
O 90.25515747 110.38441467 70.96792603
C 92.94672394 112.14868164 72.44638824
C 92.49372864 114.68276215 72.09395599
C 92.70231628 109.67726898 72.61401367
C 94.06999969 112.07073975 73.28378296
C 91.74933624 115.82561493 71.61920166
C 93.85926056 115.08393860 72.43367004
C 93.87927246 109.63026428 73.38952637
H 92.13420105 108.74198151 72.47278595
C 94.54785156 110.83682251 73.71659851
H 94.54464722 112.97335815 73.71980286
N 91.16983032 116.70034790 71.21609497
N 94.93661499 115.36843872 72.71105957
H 94.36465454 108.67245483 73.65911102
H 95.44709015 110.81434631 74.35891724
H 89.98648071 114.35667419 70.35437775
C 79.03096771 109.53775787 68.92822266
C 79.14700317 110.81082153 69.56172180
C 78.04705048 108.62622833 69.43183136
C 78.15615845 111.18199158 70.51916504
H 79.87792969 111.54055023 69.28350067
C 77.08100891 108.96221161 70.35093689
H 78.10291290 107.57534027 69.09880829
C 77.16554260 110.22087860 70.99809265
H 78.33888245 112.13636780 70.97993469
H 76.31678009 108.22357178 70.55425262
C 84.95278931 113.68927002 66.11142731
C 85.20131683 114.70985413 67.04260254
C 84.47810364 114.05876923 64.85877991
C 85.16511536 116.05287933 66.59494019
H 85.50897217 114.48910522 68.02576447
C 84.41691589 115.39248657 64.40480042
H 84.13874054 113.29225922 64.19689178
C 84.78219604 116.41514587 65.33091736
H 85.44319153 116.87549591 67.26667786
H 84.00656891 115.69683075 63.45766068
C 85.76391602 111.24711609 65.54463196
C 85.55577850 109.85274506 65.52954865
C 86.99224854 111.72418213 65.02881622
C 86.44413757 109.00907898 64.83180237
H 84.81367493 109.49462891 66.20299530
C 87.83896637 110.97782898 64.21301270
H 87.16927338 112.76609802 64.97698212
C 87.56324005 109.61544037 64.10401917
H 86.16722870 107.91165161 64.87915039
H 88.73737335 111.43144226 63.78308105
C 80.11624908 107.77363586 67.30139923
C 79.65795898 107.18840790 66.08447266
C 80.72666931 106.95549774 68.25242615
C 79.65073395 105.84096527 65.94079590
H 79.25145721 107.75662231 65.24504852
C 80.77433777 105.58379364 68.06511688
H 81.03242493 107.42844391 69.14081573
C 80.14964294 105.01013184 66.94784546
H 79.21344757 105.42335510 65.05290222
H 81.18246460 104.91322327 68.77474213
C 88.40301514 108.68212891 63.35152817
H 89.45344543 108.92428589 63.35498428
H 88.43408203 107.72799683 63.87809753
C 87.85131836 108.63343048 61.91717911
H 87.61917114 109.65313721 61.54598999
H 88.59585571 108.21611786 61.28865433
C 86.73188782 107.64314270 61.71460724
H 85.96947479 107.95017242 62.43930435
H 86.37419891 107.92084503 60.71687317
C 76.14099884 110.61734772 72.07178497
H 75.51277161 109.73422241 72.21922302
H 76.74151611 110.69389343 73.03084564
C 75.29534149 111.82357788 71.69094086
H 75.96836090 112.70126343 71.79687500
H 75.05113220 111.81763458 70.64422607
C 74.08946228 111.96835327 72.55696869
H 74.49196625 112.12944794 73.53558350
H 73.43174744 111.11974335 72.53690338
C 79.84313202 103.50071716 66.95384216
H 79.97614288 103.07489014 65.98777008
H 80.64405060 103.01474762 67.51048279
C 78.57510376 103.00233459 67.71863556
H 78.75202179 101.90451050 67.89096832
H 78.52864838 103.46704102 68.70920563
C 77.20998383 103.32126617 67.05442810
H 77.21703339 103.66513062 66.04668427
H 76.55567169 102.45737457 67.05455017
C 84.72335052 117.84163666 64.91725922
H 85.41731262 117.88481140 64.13278961
H 85.17712402 118.44827271 65.63761139
C 83.36089325 118.30276489 64.52540588
H 83.36089325 119.34642029 64.14304352
H 82.94113159 117.74477386 63.69140244
C 82.35052490 118.23892212 65.65362549
H 82.79405975 118.74965668 66.53474426
H 82.17431641 117.21665192 65.92398071
C 73.21768951 113.23394012 72.17658997
H 73.77266693 114.07754517 72.52828217
H 73.23766327 113.41065979 71.14722443
C 81.03231812 118.96349335 65.22974396
H 81.18672180 119.98918152 64.99576569
H 80.49059296 118.46669769 64.40525055
C 76.58861542 104.47174835 67.90763855
H 76.62121582 104.01663208 68.92813110
H 77.29211426 105.33840942 67.85089111
C 87.10106659 106.14979553 61.93497467
H 87.96405029 105.91336823 61.36307144
H 87.33712769 105.89311218 62.99592209
C 75.07748413 104.78953552 67.74763489
H 74.50874329 103.88848877 67.99781036
H 74.86486816 105.15245819 66.70980835
C 80.07868958 118.85114288 66.42494965
H 80.33061981 119.47462463 67.27590179
H 79.94694519 117.91473389 66.91938019
C 71.75056458 113.36003876 72.76896667
H 71.28201294 112.45911407 72.37212372
H 71.30399323 114.26160431 72.22121429
C 85.99973297 105.19860840 61.38237381
H 85.06069946 105.48035431 61.85039902
H 85.87741852 105.48228455 60.32073212
C 71.63935852 113.37554932 74.33885956
H 70.59783936 113.21151733 74.68155670
H 72.03655243 112.44628143 74.77597046
H 72.02585602 114.19433594 74.95008850
C 78.63302612 119.39666748 66.08161926
H 78.33067322 118.71630096 65.33768463
H 77.97835541 119.41233063 66.94841766
H 78.63686371 120.33922577 65.52182770
C 74.76502991 105.97869873 68.67330933
H 75.34779358 106.88816071 68.41661072
H 73.71769714 106.31863403 68.65141296
H 74.96334839 105.66053772 69.69556427
C 86.52771759 103.81927490 61.77826691
H 87.44342804 103.56092072 61.31354523
H 86.76215363 103.71690369 62.82996368
H 85.76496124 103.04224396 61.47698593
",0.000
41,"372

C 95.06823730 85.64255524 136.30346680
C 94.83917999 86.86424255 136.98864746
C 93.64427185 87.65890503 136.72082520
C 92.70706940 87.20659637 135.82969666
C 92.84172058 85.97177887 135.18544006
C 94.02931213 85.21724701 135.43588257
H 95.96858978 85.05430603 136.47071838
H 91.84870911 87.82384491 135.70089722
C 95.71830750 87.61089325 137.99668884
C 94.80556488 88.86280060 138.18057251
C 93.54129791 88.80722046 137.50987244
C 94.73767090 89.97216797 139.05229187
C 93.54793549 90.74015045 138.88314819
S 92.46399689 90.09610748 137.65013123
C 91.87196350 85.24128723 134.20973206
C 92.62835693 83.93350220 134.07785034
C 93.89076996 83.94561005 134.73371887
C 92.47373962 82.70188141 133.44189453
C 93.53689575 81.84324646 133.53509521
S 94.77945709 82.51594543 134.59234619
C 93.54360962 91.83878326 139.74339294
S 95.74833679 90.57225037 140.24188232
S 91.20413208 82.03327942 132.50968933
C 93.35937500 80.68366241 132.78063965
C 94.57998657 91.85671997 140.69345093
C 92.04972076 80.51026154 132.25975037
H 92.72846985 92.53423309 139.73689270
H 94.17660522 80.00479126 132.52703857
C 91.67548370 79.37910461 131.51417542
C 91.93374634 78.02303314 131.30970764
C 92.96072388 77.27925110 132.01780701
C 91.18290710 77.08049774 130.50613403
C 92.92528534 75.90530396 131.62716675
O 93.77556610 77.69210815 132.81549072
C 91.86682892 75.76860046 130.70080566
C 90.08221436 77.22328186 129.71641541
C 93.73912048 74.79988098 131.99644470
C 91.57588959 74.46570587 130.24876404
C 89.39501953 78.41635895 129.60406494
C 89.45648956 76.25366211 128.90699768
C 93.48474121 73.53967285 131.41549683
H 94.70445251 75.00548553 132.53430176
C 92.37572479 73.36734009 130.58728027
H 90.76874542 74.24594879 129.60771179
N 88.83696747 79.43856812 129.59088135
N 88.91649628 75.44023132 128.30178833
H 94.13284302 72.69677734 131.61485291
H 92.15032196 72.39377594 130.08795166
H 90.95061493 79.70845795 130.81204224
C 94.62176514 93.03230286 141.42826843
C 93.70858765 93.83002472 142.06362915
C 92.25771332 93.63410950 142.13165283
C 94.10307312 94.92094421 142.95074463
C 91.69593811 94.85942841 142.70457458
O 91.60520935 92.61336517 141.94152832
C 92.77895355 95.57855988 143.27555847
C 95.37680817 95.32833099 143.41346741
C 90.34524536 95.23502350 142.88296509
C 92.48678589 96.71359253 144.06629944
C 96.64329529 94.65725708 143.25685120
C 95.61742401 96.54282379 144.12686157
C 90.09842682 96.37527466 143.65573120
H 89.52111816 94.64745331 142.57516479
C 91.11643982 97.09733582 144.28730774
H 93.19544220 97.24140930 144.63238525
N 97.61723328 94.05350494 143.16020203
N 95.86903381 97.52957153 144.74401855
H 89.05156708 96.73917389 143.67471313
H 90.88013458 97.96630096 144.80998230
H 95.67546844 93.29220581 141.47688293
C 91.87752533 86.04311371 132.80464172
C 92.22030640 85.37992096 131.64778137
C 91.61779785 87.38805389 132.72029114
C 92.54660034 86.07068634 130.47201538
H 92.33621979 84.32098389 131.60502625
C 91.88029480 88.08408356 131.50852966
H 91.18769836 87.96076202 133.55276489
C 92.43143463 87.51770020 130.40982056
H 92.93510437 85.44960785 129.63104248
H 91.49789429 89.07137299 131.43611145
C 97.16062164 87.80426788 137.45237732
C 98.05013275 86.67720032 137.23440552
C 97.77192688 89.09476471 137.25857544
C 99.35597992 86.84258270 136.73292542
H 97.68200684 85.73509216 137.54623413
C 98.97312927 89.26881409 136.60452271
H 97.29859924 89.99834442 137.52481079
C 99.80361938 88.12067413 136.29356384
H 99.98038483 86.00286102 136.63766479
H 99.30556488 90.28469849 136.33271790
C 95.69074249 86.89401245 139.38461304
C 94.66934204 85.97817230 139.69857788
C 96.65111542 87.22284698 140.34333801
C 94.77982330 85.27635193 140.88552856
H 93.86546326 85.75013733 139.06820679
C 96.63672638 86.59628296 141.62100220
H 97.41419220 87.93186951 140.22583008
C 95.70602417 85.56869507 141.91302490
H 93.98041534 84.57279968 141.09361267
H 97.40734100 86.81991577 142.29525757
C 90.47193909 85.01107788 134.84393311
C 90.38362885 85.01907349 136.24908447
C 89.32863617 84.61530304 134.15284729
C 89.17378235 84.86229706 136.91729736
H 91.23042297 85.25707245 136.88851929
C 88.08396912 84.35945129 134.79541016
H 89.42510986 84.39588165 133.11024475
C 88.03517151 84.47020721 136.19340515
H 89.08614349 84.89540863 138.02703857
H 87.24626923 83.96041107 134.20559692
C 95.70749664 84.89859772 143.28445435
H 95.22859955 83.92395020 143.13850403
H 96.74645996 84.76560974 143.49304199
C 94.93394470 85.69153595 144.35086060
H 94.88008881 85.09317780 145.27516174
H 95.58113098 86.52526855 144.69248962
C 93.52969360 86.09107208 143.89146423
H 93.06192780 86.71463776 144.64877319
H 93.51172638 86.68206787 142.98504639
C 92.68950653 88.27903748 129.16421509
H 92.16081238 89.27735138 129.26509094
H 93.79588318 88.42288971 129.17044067
C 92.15327454 87.59588623 127.87664795
H 92.63951874 86.60816956 127.76843262
H 91.09761810 87.48814392 127.98251343
C 92.40328217 88.29007721 126.55517578
H 93.50491333 88.22110748 126.36923218
H 92.19079590 89.32888031 126.69436646
C 86.75175476 84.30082703 136.92974854
H 86.67537689 84.82960510 137.88156128
H 85.99964142 84.82476044 136.26831055
C 86.40532684 82.77137756 137.15512085
H 86.41033173 82.22807312 136.21371460
H 87.18399048 82.27326202 137.63157654
C 84.95882416 82.59876251 137.77531433
H 84.24756622 83.23502350 137.26551819
H 84.65862274 81.55598450 137.67317200
C 101.12537384 88.35332489 135.61474609
H 101.85827637 87.51217651 135.65695190
H 101.62261963 89.14765167 136.14230347
C 101.06118011 88.70278931 134.09883118
H 100.39233398 89.56828308 133.91465759
H 102.04582214 89.02298737 133.70451355
C 100.76509857 87.55430603 133.24748230
H 100.97223663 87.80323792 132.24015808
H 99.71067047 87.35177612 133.40225220
C 91.58757782 87.91360474 125.37278748
H 91.81710052 86.84173584 125.29809570
H 90.47402191 87.95902252 125.44762421
C 101.57181549 86.23497772 133.47888184
H 102.66343689 86.50448608 133.59883118
H 101.19219971 85.88860321 134.42605591
C 84.90029907 83.03902435 139.27014160
H 85.51905060 82.28413391 139.76948547
H 85.41072083 83.96535492 139.55325317
C 92.56896210 84.89926910 143.66137695
H 92.97903442 84.21273804 142.86230469
H 92.60403442 84.24407196 144.49351501
C 83.52863312 83.02759552 139.85450745
H 83.53089905 82.97450256 140.91543579
H 82.93055725 82.18169403 139.40928650
C 101.33855438 85.07220459 132.52182007
H 101.88823700 85.18891907 131.56340027
H 100.25558472 85.07996368 132.27890015
C 91.94744873 88.61005402 124.10771179
H 92.97524261 88.43082428 123.78367615
H 91.72803497 89.68712616 124.18025970
C 91.17001343 85.30861664 143.35595703
H 90.52810669 84.45972443 143.46791077
H 90.81438446 86.16077423 143.92216492
C 91.25492859 88.11505890 122.89630890
H 90.17598724 88.13162994 122.93576813
H 91.43688202 88.69680023 122.02189636
H 91.52960205 87.06819916 122.62800598
C 101.88871765 83.71296692 133.03897095
H 102.97006989 83.83081055 132.89558411
H 101.56243134 83.38975525 133.96406555
H 101.80750275 82.86132050 132.31370544
C 82.84397125 84.38726807 139.54936218
H 82.85501862 84.63179016 138.49203491
H 81.86016846 84.29766083 139.96330261
H 83.34352112 85.22438049 140.08137512
C 90.92027283 85.75859070 141.91548157
H 91.55492401 86.58346558 141.61578369
H 91.24584198 84.99215698 141.21823120
H 89.87850189 85.96552277 141.72319031
C 89.60652161 71.65644073 122.00175476
C 89.51357269 71.81228638 123.40789795
C 90.57888794 72.43045807 124.10745239
C 91.80763245 72.72093201 123.48161316
C 91.99811554 72.37873840 122.17099762
C 90.90884399 71.86798859 121.42908478
H 88.86830139 71.19183350 121.47409821
H 92.64437866 73.10797882 124.01406860
C 88.26956177 71.44231415 124.32090759
C 88.84577179 71.95815277 125.63899994
C 90.13156891 72.51863861 125.49051666
C 88.42384338 71.88264465 126.97396851
C 89.40583038 72.31504059 127.90499115
S 90.80196381 72.97113800 127.00585938
C 93.25762177 72.51087952 121.34401703
C 92.65766907 72.08534241 119.98170471
C 91.32489777 71.64209747 120.06378174
C 93.07341003 71.91550446 118.63637543
C 92.03939056 71.47438049 117.75782776
S 90.54232025 71.12480927 118.61775970
C 88.99955750 72.36482239 129.26193237
S 87.14241028 71.12751007 127.86260223
S 94.46746826 72.25067139 117.73690033
C 92.36940002 71.45645905 116.37857056
C 87.76311493 71.74042511 129.40029907
C 93.58376312 72.03987885 116.19840240
H 89.57435608 72.76239777 130.11671448
H 91.65758514 71.23348999 115.59381104
C 94.10362244 72.22459412 114.93798065
C 93.74378967 72.88810730 113.73358154
C 92.51889038 73.70236969 113.67053986
C 94.39502716 72.88846588 112.40888977
C 92.47113037 74.33528137 112.33558655
O 91.66625977 73.94633484 114.49950409
C 93.53520966 73.86631012 111.57917023
C 95.50219727 72.15425873 111.96575928
C 91.48526001 75.13974762 111.86058807
C 93.56339264 74.25413513 110.22325897
C 96.19616699 71.16510010 112.73636627
C 96.11537170 72.25538635 110.67868805
C 91.52928162 75.54141998 110.51926422
H 90.63776398 75.49187469 112.53681946
C 92.56113434 75.09727478 109.69302368
H 94.40880585 73.92742920 109.57264709
N 96.69549561 70.39669037 113.45757294
N 96.57607269 72.32489777 109.62650299
H 90.71971893 76.07533264 109.96684265
H 92.58944702 75.39809418 108.65071106
H 95.03379822 71.76632690 114.96085358
C 87.20497894 71.37419128 130.64030457
C 87.13600159 71.82141113 131.98411560
C 87.80181885 72.96150970 132.62301636
C 86.27606964 71.22183228 133.06893921
C 87.55890656 72.95656586 134.05657959
O 88.54331207 73.82362366 132.18252563
C 86.62765503 71.94031525 134.34547424
C 85.36537170 70.15685272 133.04069519
C 88.17813110 73.72368622 135.04089355
C 86.18795013 71.82812500 135.70678711
C 84.79875946 69.61060333 131.81987000
C 84.62223053 69.59297943 134.12324524
C 87.67805481 73.64826965 136.37223816
H 88.97345734 74.41440582 134.77290344
C 86.62939453 72.75312042 136.65153503
H 85.48345184 71.07383728 136.00781250
N 84.33562469 69.22888947 130.82286072
N 83.97756958 69.20803833 134.97149658
H 88.13897705 74.16844940 137.20785522
H 86.38345337 72.67589569 137.66575623
H 86.66138458 70.49062347 130.36219788
C 94.30290222 71.53359222 121.84442902
C 94.90306091 70.55023956 121.02507782
C 94.81098175 71.62700653 123.20664215
C 96.00062561 69.75899506 121.45520782
H 94.67471313 70.39675903 119.93333435
C 95.87923431 70.80229187 123.61553955
H 94.58119965 72.39354706 123.82326508
C 96.46688843 69.86879730 122.75130463
H 96.36959076 69.01747131 120.77076721
H 96.16249084 70.89326477 124.66925812
C 88.00391388 69.91246033 124.44287109
C 89.03593445 68.98690033 124.94483185
C 86.67203522 69.38336182 124.27285767
C 88.74257660 67.67327881 125.14191437
H 90.00586700 69.35217285 125.26815796
C 86.47039032 67.96706390 124.42927551
H 85.83543396 70.07701874 123.96940613
C 87.52745056 67.14347839 124.82398224
H 89.50894165 67.02043152 125.61013031
H 85.57691956 67.45069122 124.16983795
C 86.97946167 72.28623962 123.95397949
C 86.41494751 72.01677704 122.67966461
C 86.35287476 73.21720886 124.84718323
C 85.32775879 72.74763489 122.25853729
H 86.84995270 71.20113373 122.06486511
C 85.21618652 73.96503448 124.38000488
H 86.77548981 73.37125397 125.83882904
C 84.69049835 73.66738892 123.08055878
H 84.90068817 72.50968170 121.27728271
H 84.90684509 74.75009155 125.00533295
C 93.73444366 73.98993683 121.20825195
C 92.76531219 75.05257416 121.09829712
C 95.16044617 74.26873016 121.21069336
C 93.27416229 76.35949707 120.79107666
H 91.76675415 74.77192688 121.02373505
C 95.58086395 75.52120209 120.70404816
H 95.95787048 73.55082703 121.29518127
C 94.66812897 76.56865692 120.62815857
H 92.57709503 77.20527649 120.63673401
H 96.62846375 75.79208374 120.55325317
C 83.47743988 74.47580719 122.65027618
H 82.70413971 73.75453949 122.44541168
H 83.10270691 74.99477386 123.53177643
C 83.66777802 75.29710388 121.36505127
H 84.40587616 76.02960968 121.66107178
H 84.00276947 74.61742401 120.61303711
C 82.47326660 76.12590027 120.91215515
H 81.83324432 75.44641876 120.55427551
H 82.20154572 76.59935760 121.81546021
C 97.52162170 68.88848877 123.35691833
H 98.19039917 68.47489166 122.56536102
H 98.31835175 69.37577057 123.98492432
C 96.81861115 67.81855011 124.19963837
H 96.12677765 68.30278778 124.90998840
H 96.16897583 67.20568848 123.58271027
C 97.80281067 66.87440491 124.92034149
H 98.47559357 67.46567535 125.60719299
H 98.48129272 66.37666321 124.25279999
C 95.15051270 77.99733734 120.32487488
H 94.54763031 78.75524902 120.84415436
H 96.22693634 78.06047821 120.68173981
C 95.06437683 78.43179321 118.85916138
H 94.10200500 78.67878723 118.64683533
H 95.45473480 79.40396118 118.71537781
C 95.47960663 77.37332153 117.80040741
H 96.50424194 77.07906342 118.01112366
H 94.71826172 76.59171295 118.02180481
C 87.17306519 65.70999146 125.06269073
H 86.18403625 65.66685486 125.52648163
H 87.69779968 65.22528839 125.81653595
C 87.11674500 64.83773804 123.80906677
H 86.53853607 63.92869568 124.00915527
H 86.38478851 65.13829041 123.07732391
C 88.51834106 64.56713867 123.18402100
H 89.19891357 64.29880524 124.01683044
H 88.82560730 65.47496033 122.70912170
C 97.01439667 65.87371826 125.69212341
H 96.13362122 66.27621460 126.26519775
H 96.58093262 65.27415466 124.88946533
C 88.44966888 63.56339645 122.03816223
H 88.34159088 62.59597015 122.51549530
H 87.49495697 63.57444763 121.53512573
C 95.27204895 77.82404327 116.39782715
H 94.20529175 78.16593170 116.33644867
H 95.76101685 78.75216675 116.28331757
C 82.75456238 77.23521423 119.90250397
H 83.36257172 77.86734009 120.48651123
H 83.38169098 76.89502716 119.06390381
C 95.66716766 76.86517334 115.29201508
H 96.75572968 76.69729614 115.47250366
H 95.48329926 77.40670776 114.36621857
C 89.60926819 63.70657730 120.99770355
H 89.79811859 64.73934937 120.79525757
H 89.25110626 63.31867599 120.01419067
C 97.92600250 65.06539154 126.68549347
H 98.90594482 65.32593536 126.33424377
H 97.83074188 64.02890015 126.58460999
C 81.52410126 78.05162048 119.43536377
H 81.89250183 78.93313599 118.98410034
H 80.90078735 77.49111176 118.73556519
C 97.79145050 65.38822937 128.13433838
H 98.17818451 66.41526794 128.25028992
H 96.73419189 65.27957153 128.50917053
H 98.36678314 64.63002014 128.60943604
C 90.84168243 63.08258820 121.56275177
H 90.75580597 62.04192734 121.82419586
H 91.65802002 63.11731720 120.81559753
H 91.24697876 63.66791916 122.42308044
C 94.93687439 75.56211853 115.22943878
H 95.20812988 74.96650696 116.07714844
H 93.85639191 75.68904877 115.30032349
H 95.25452423 74.97869110 114.33917236
C 80.66497040 78.51237488 120.67200470
H 80.19116974 77.65546417 121.12783813
H 81.36549377 78.98744965 121.36830902
H 79.84896088 79.16111755 120.44327545
",0.001
42,"372

C 97.74761200 136.03219604 72.70401764
C 98.20844269 134.71969604 72.96598053
C 97.36220551 133.55686951 72.83222198
C 96.08876801 133.72448730 72.29634857
C 95.69823456 135.05322266 71.98954773
C 96.49113464 136.17338562 72.25334930
H 98.42358398 136.87733459 72.92501831
H 95.40422821 132.89027405 72.08896637
C 99.63148499 134.35569763 73.42603302
C 99.38266754 132.84744263 73.78653717
C 98.11930847 132.49160767 73.38654327
C 100.16452789 131.76654053 74.21130371
C 99.48008728 130.52713013 74.22249603
S 97.90364838 130.79483032 73.66641235
C 94.32359314 135.53434753 71.41408539
C 94.61463928 137.09280396 71.31886292
C 95.85411835 137.36837769 71.77035522
C 93.95145416 138.26948547 70.98622894
C 94.81452179 139.39761353 70.93343353
S 96.37568665 139.02252197 71.62230682
C 100.21615601 129.45072937 74.61053467
S 101.74678040 131.58105469 74.77046204
S 92.40750885 138.52870178 70.30342865
C 94.11543274 140.53198242 70.50607300
C 101.52239227 129.83392334 74.89366150
C 92.86730194 140.19453430 69.90598297
H 99.92625427 128.39233398 74.48833466
H 94.50922394 141.48780823 70.49734497
C 91.94853210 141.18025208 69.40168762
C 92.02110291 142.28916931 68.53697205
C 93.24217987 142.70205688 67.87080383
C 90.92121887 143.15441895 68.03942108
C 92.90152740 143.92956543 67.07059479
O 94.33316040 142.18283081 67.87551117
C 91.52291870 144.16198730 67.09661102
C 89.51368713 143.12335205 68.27908325
C 93.74816895 144.81002808 66.39568329
C 91.01467896 145.29002380 66.47203064
C 88.87812042 142.10781860 69.16392517
C 88.49062347 143.71388245 67.52285767
C 93.26187134 145.86480713 65.69857788
H 94.82935333 144.62757874 66.45101166
C 91.87089539 146.12925720 65.71210480
H 89.93669891 145.46879578 66.45925140
N 88.31325531 141.29524231 69.77107239
N 87.62422943 144.22116089 66.89070892
H 93.97557068 146.35928345 65.03158569
H 91.39635468 146.91230774 65.04939270
H 90.99949646 140.93492126 69.70031738
C 102.61894989 128.91842651 74.99011230
C 102.92979431 127.61115265 75.28874969
C 101.93892670 126.61410522 75.72594452
C 104.29388428 127.03243256 75.43154144
C 102.75915527 125.43873596 76.21207428
O 100.74141693 126.56841278 75.66505432
C 104.15126038 125.66445160 76.08769989
C 105.53829956 127.62056732 75.03389740
C 102.29489136 124.29077911 76.83804321
C 105.07621002 124.68951416 76.52753448
C 105.72527313 128.68104553 74.06777954
C 106.80376434 127.15552521 75.58934784
C 103.21230316 123.29051971 77.28246307
H 101.27174377 124.07560730 76.97351074
C 104.61425781 123.48217010 77.11630249
H 106.12212372 124.88118744 76.38018799
N 105.88620758 129.58396912 73.43292236
N 107.78115082 126.83178711 76.07360077
H 102.89731598 122.50159454 77.89635468
H 105.34236908 122.79407501 77.47766876
H 103.47249603 129.47612000 74.80695343
C 93.11997223 135.29241943 72.34946442
C 92.89281464 136.17695618 73.43122864
C 92.18928528 134.18025208 72.16429901
C 91.79796600 135.99755859 74.30864716
H 93.52681732 136.96821594 73.64771271
C 91.12122345 134.01489258 73.08697510
H 92.32346344 133.41755676 71.36260986
C 90.88062286 134.88067627 74.16246033
H 91.61070251 136.69793701 75.09072876
H 90.44775391 133.14375305 73.06518555
C 100.24833679 135.22500610 74.59469604
C 100.92282867 136.44078064 74.23363495
C 100.26476288 134.82656860 75.95809937
C 101.36273956 137.37660217 75.21169281
H 100.90319824 136.91165161 73.27305603
C 100.99109650 135.57246399 76.88766479
H 99.67665100 133.93191528 76.26591492
C 101.53511047 136.85197449 76.51776123
H 101.75392914 138.38746643 74.97350311
H 100.89727783 135.22386169 77.89038849
C 100.60650635 134.15304565 72.23417664
C 100.24820709 133.58209229 70.97340393
C 102.00389862 134.09315491 72.57991791
C 101.22941589 133.10417175 70.04666901
H 99.24751282 133.59472656 70.70063782
C 102.95467377 133.51678467 71.68606567
H 102.38970947 134.39031982 73.56221771
C 102.57219696 133.02819824 70.46152496
H 100.81178284 132.70579529 69.10070038
H 104.00839996 133.42210388 71.96245575
C 94.06653595 135.04545593 69.89297485
C 92.82483673 135.27952576 69.27490997
C 94.96149445 134.24427795 69.17021179
C 92.57051849 135.07167053 67.91761017
H 92.03584290 135.62532043 69.92842102
C 94.76362610 133.99588013 67.84063721
H 95.84680176 133.84548950 69.67163086
C 93.60168457 134.55345154 67.13537598
H 91.55368042 135.42651367 67.55925751
H 95.55310822 133.52844238 67.28368378
C 103.60506439 132.37783813 69.49475098
H 103.83322906 133.00767517 68.57344818
H 104.58998871 132.28703308 70.05950165
C 103.25047302 130.96878052 69.06594086
H 102.24745941 130.89715576 68.63578796
H 103.96853638 130.65281677 68.22484589
C 103.35733032 130.02705383 70.29843903
H 104.28917694 130.29409790 70.80671692
H 102.56884003 130.26628113 71.02444458
C 89.62267303 134.69512939 75.05751801
H 88.84234619 134.18286133 74.43302155
H 89.86654663 134.00262451 75.80597687
C 88.97406006 135.96017456 75.74456787
H 88.32933807 135.69987488 76.56549835
H 89.78308868 136.41613770 76.33752441
C 88.21072388 136.93960571 74.80526733
H 87.36068726 137.25117493 75.38668823
H 87.77256775 136.31828308 74.03469086
C 93.46800995 134.33827209 65.67125702
H 92.76766968 135.11271667 65.31915283
H 94.43412781 134.55357361 65.17838287
C 92.84041595 133.04882812 65.19197845
H 93.37035370 132.15956116 65.56519318
H 91.78266144 133.03390503 65.60656738
C 92.76385498 132.96817017 63.73669434
H 92.23368835 133.80467224 63.36076355
H 93.71885681 132.98512268 63.26704788
C 102.11416626 137.79733276 77.51770782
H 101.82045746 137.43225098 78.53656769
H 101.77266693 138.78134155 77.55051422
C 103.69599915 138.04986572 77.42901611
H 103.81056976 138.42851257 76.44632721
H 104.00402832 138.81488037 78.10312653
C 104.53140259 136.77583313 77.63922119
H 104.37996674 135.95976257 76.88731384
H 104.33195496 136.23548889 78.59558105
C 88.98708344 138.08976746 74.27704620
H 89.33670044 138.73692322 75.09726715
H 89.79722595 137.81033325 73.67689514
C 106.02542114 137.09405518 77.37908936
H 106.20428467 137.57104492 76.38644409
H 106.30074310 137.84114075 78.11465454
C 92.08790588 131.65972900 63.33176804
H 92.18502808 131.61445618 62.23918533
H 92.62839508 130.79089355 63.66602707
C 103.19818115 128.50669861 70.06170654
H 102.41220856 128.39689636 69.37715912
H 104.02340698 127.96120453 69.50485229
C 90.61621857 131.46308899 63.66670609
H 89.98876953 132.22334290 63.27596283
H 90.43283844 131.47666931 64.78549194
C 106.86881256 135.85806274 77.70208740
H 106.39701080 134.98338318 77.20126343
H 106.83015442 135.64868164 78.74426270
C 88.07419586 139.00236511 73.42356110
H 87.10326385 139.20567322 73.87174988
H 87.76358032 138.43971252 72.51839447
C 102.98695374 127.61827850 71.33297729
H 103.13105011 126.57543182 71.16141510
H 103.68042755 127.84308624 72.15105438
C 88.60257721 140.33735657 73.04772949
H 88.12014771 140.85237122 72.12902832
H 88.59940338 141.11447144 73.86922455
H 89.63838196 140.36822510 72.62088013
C 108.34494019 135.92849731 77.24179077
H 108.88066101 136.63035583 77.91075134
H 108.70979309 134.83918762 77.33816528
H 108.38421631 136.27421570 76.18757629
C 90.05081177 130.15417480 63.18099594
H 90.35665131 129.31575012 63.74682617
H 88.98048401 130.25563049 63.16104126
H 90.42137909 130.02343750 62.09200287
C 101.50775909 127.75690460 71.88396454
H 101.34900665 128.76783752 72.11123657
H 100.66445923 127.48582458 71.29732513
H 101.36267090 127.19338226 72.83613586
C 108.03596497 132.45750427 55.84658813
C 106.61291504 132.76454163 55.70285034
C 105.73037720 132.49119568 56.82046509
C 106.20707703 131.73817444 57.94107056
C 107.54086304 131.37423706 57.98480225
C 108.44617462 131.72662354 56.89553833
H 108.79859161 132.75842285 55.14596558
H 105.48760986 131.65136719 58.75033569
C 105.74584198 133.53924561 54.56799316
C 104.38012695 133.57382202 55.26127625
C 104.41072083 132.97328186 56.53524780
C 103.04257965 133.99174500 55.00675964
C 102.12505341 133.52169800 55.98410034
S 102.94714355 132.84934998 57.35476685
C 108.23522949 130.51701355 59.06468201
C 109.64871979 130.62057495 58.55618286
C 109.72359467 131.25329590 57.29896545
C 110.88532257 129.98136902 58.87814331
C 111.91205597 130.25057983 58.01371765
S 111.37380981 131.20591736 56.66311646
C 100.78587341 133.71109009 55.66708374
S 102.11708832 134.94946289 53.77976990
S 111.48259735 129.07896423 60.29591370
C 113.10384369 129.65490723 58.42655945
C 100.58313751 134.17199707 54.30728149
C 112.93215942 128.79623413 59.54695129
H 99.95057678 133.42817688 56.35266113
H 114.01699829 129.61674500 57.79014587
C 114.10974884 128.26341248 60.18907166
C 115.09388733 127.37590790 59.79241943
C 115.05574036 126.63259888 58.55035400
C 116.30998230 127.05467987 60.47991943
C 116.21746063 125.66528320 58.58177185
O 114.29259491 126.76010895 57.60389709
C 116.93489838 125.91412354 59.77070618
C 116.92346954 127.63179779 61.63078308
C 116.39958191 124.55495453 57.75349426
C 118.03721619 125.04553223 60.01138306
C 116.43831635 128.82922363 62.31416321
C 118.30945587 127.60433960 61.87127686
C 117.53730011 123.81090546 57.98454285
H 115.69941711 124.33036041 56.88565063
C 118.28917694 123.93266296 59.17695618
H 118.78061676 125.16082001 60.85182190
N 116.10090637 129.79315186 62.95167542
N 119.42718506 127.57826996 62.15885925
H 117.79202271 123.01812744 57.36889648
H 119.09267426 123.27555084 59.51461792
H 114.19685364 128.63269043 61.12519836
C 99.25609589 134.25686646 53.79550171
C 98.13504028 133.45433044 53.84199524
C 98.09745789 132.09849548 54.40982056
C 96.75376129 133.66522217 53.22073364
C 96.74107361 131.54541016 54.25364685
O 99.09772491 131.49794006 54.87057495
C 95.89347076 132.47386169 53.59519958
C 96.30822754 134.75413513 52.41398621
C 96.22702789 130.37855530 54.85211182
C 94.45539856 132.21975708 53.47976685
C 97.09048462 135.76715088 51.82194519
C 94.94484711 134.99606323 52.00160217
C 94.83860779 130.15605164 54.74317932
H 96.82579803 129.68673706 55.40191650
C 93.98494720 131.03773499 54.09495544
H 93.72546387 132.85586548 53.11337280
N 97.75154877 136.53234863 51.26934814
N 93.85283661 135.12338257 51.64822388
H 94.32891083 129.24601746 55.09196472
H 92.96420288 130.78735352 54.12603760
H 99.20971680 135.16508484 53.28282166
C 107.69507599 129.07585144 58.94120789
C 107.14585876 128.51522827 57.74153137
C 107.86892700 128.21302795 60.04629517
C 106.49769592 127.27862549 57.69714355
H 107.18553162 128.97566223 56.80049133
C 107.20013428 126.96585083 59.95172119
H 108.26595306 128.56677246 61.00360107
C 106.59520721 126.47365570 58.80059814
H 106.08538818 126.93804932 56.79431152
H 107.25836182 126.31946564 60.90206909
C 105.72062683 132.62797546 53.26725769
C 104.60054779 131.89668274 52.99415588
C 106.78869629 132.64241028 52.35726929
C 104.60198212 131.08442688 51.78715515
H 103.77524567 131.83111572 53.63088989
C 106.79425049 131.84512329 51.20314026
H 107.69908142 133.17027283 52.61495972
C 105.65880585 131.08692932 50.85029602
H 103.74440765 130.43786621 51.65905762
H 107.65221405 131.74243164 50.56849670
C 106.22843933 135.00300598 54.27206421
C 105.91041565 135.57127380 53.04222107
C 106.94052124 135.76387024 55.25207520
C 106.20131683 136.87765503 52.75637817
H 105.20520020 135.05615234 52.33242798
C 107.19777679 137.11700439 54.95878601
H 107.32377625 135.41183472 56.17803955
C 106.90197754 137.64343262 53.72129822
H 105.89811707 137.31326294 51.77188110
H 107.68944550 137.82563782 55.70927429
C 108.12759399 131.19975281 60.45646667
C 106.87800598 131.19815063 61.15371704
C 109.23030853 131.71739197 61.19653320
C 106.78386688 131.74191284 62.42617798
H 105.98435974 130.74911499 60.65966797
C 109.13865662 132.33345032 62.52127075
H 110.20179749 131.85939026 60.77990723
C 107.85213470 132.36579895 63.05041504
H 105.77457428 131.78915405 62.91769409
H 109.99645233 132.74278259 62.93106079
C 107.27449799 139.05496216 53.25149536
H 107.05953217 139.12571716 52.20593262
H 106.59259796 139.69203186 53.76083374
C 108.65126038 139.48242188 53.52551270
H 108.81964874 139.85765076 54.54177856
H 109.44184113 138.70372009 53.52362061
C 109.14212799 140.50946045 52.53193665
H 110.22222900 140.31370544 52.40112305
H 108.67978668 140.39143372 51.47322083
C 105.90136719 125.11243439 58.73178101
H 105.44423676 125.03837585 57.77398682
H 106.74988556 124.49174500 58.79553223
C 104.86699677 124.82620239 59.80914307
H 104.27532196 123.94361115 59.74853516
H 105.37946320 124.68949127 60.69961548
C 103.88372040 125.97596741 60.06219482
H 104.51208496 126.75159454 60.56089783
H 103.25144196 125.64775848 60.94181824
C 107.66112518 132.88322449 64.50878906
H 108.30458069 133.71586609 64.59451294
H 106.60424805 133.12193298 64.54972839
C 108.14555359 131.89743042 65.59494019
H 107.58831787 130.94230652 65.50953674
H 109.21775818 131.71464539 65.47320557
C 107.58845520 132.44755554 66.94708252
H 107.97760010 133.43582153 67.20614624
H 106.50237274 132.59359741 66.80247498
C 105.54684448 130.21334839 49.58674622
H 106.04881287 130.90524292 48.92611694
H 104.57003021 130.17666626 49.10911560
C 106.27557373 128.84169006 49.64361572
H 107.32218933 128.96032715 50.16526794
H 105.67401886 128.15904236 50.22985840
C 106.65856934 128.29652405 48.22889709
H 107.08839417 129.11007690 47.74049377
H 105.83023834 128.17773438 47.54571533
C 103.05477905 126.52088928 58.90005493
H 103.74710083 126.62744141 58.06509399
H 102.32785034 125.71665192 58.55656433
C 107.50366211 127.05651093 48.14978027
H 108.41233063 127.42902374 48.69778442
H 107.02688599 126.32662201 48.79846191
C 107.59720612 131.56983948 68.19024658
H 106.88446808 130.77253723 67.99888611
H 108.49724579 130.97254944 68.33766174
C 109.00107574 141.99096680 52.98582458
H 107.93122864 142.12342834 53.13983154
H 109.54064178 142.16300964 53.91012573
C 107.32135010 132.31864929 69.55366516
H 106.37411499 132.79530334 69.45915222
H 108.03765106 133.13243103 69.61886597
C 107.86166382 126.57511139 46.72825623
H 108.20194244 127.38529968 46.00273132
H 107.03910065 126.14157104 46.21707153
C 102.31672668 127.85228729 59.11689758
H 101.76449585 127.72721863 60.06272888
H 101.56306458 127.98978424 58.35639954
C 109.51897430 142.89413452 51.96963501
H 110.57050323 142.67127991 51.70455933
H 108.91249847 142.68305969 51.04660034
C 103.16241455 129.15113831 59.09664917
H 102.46813202 129.98240662 59.09368896
H 103.73966217 129.14366150 60.02259827
H 103.71850586 129.19387817 58.15403748
C 108.97856140 125.55914307 46.69873047
H 109.96826172 125.98323822 46.97419739
H 108.84193420 124.78285217 47.43357849
H 109.21204376 125.06045532 45.85360718
C 107.54995728 131.40733337 70.74865723
H 106.82949066 131.68247986 71.51193237
H 107.40961456 130.32991028 70.59239197
H 108.56356812 131.58737183 71.17448425
C 109.32486725 144.40049744 52.39152527
H 108.26906586 144.56172180 52.33386230
H 109.83695984 144.60791016 53.36186218
H 109.82351685 145.05752563 51.68070984
",0.000
43,"372

C 74.27307892 120.20457458 105.02001190
C 74.32897949 119.23435211 106.06086731
C 74.82002258 117.93060303 105.78757477
C 75.39307404 117.63412476 104.50650787
C 75.38260651 118.59426880 103.48056030
C 74.72283173 119.86140442 103.74891663
H 73.82062531 121.15129852 105.23918915
H 75.76764679 116.58986664 104.28530884
C 73.74543762 119.31703186 107.56611633
C 74.07604980 117.89032745 107.99413300
C 74.67887878 117.11463928 106.94424438
C 73.91275787 117.18221283 109.13052368
C 74.44033051 115.85572052 109.03441620
S 75.26676178 115.54230499 107.47916412
C 75.93334961 118.55206299 101.98999786
C 75.15759277 119.76914215 101.47090149
C 74.58262634 120.49938202 102.49452209
C 74.80782318 120.39945221 100.26181030
C 74.03649902 121.57940674 100.36028290
S 73.70874786 121.90973663 102.06187439
C 74.25440216 115.14982605 110.22020721
S 73.36959076 117.57443237 110.77131653
S 75.01357269 120.00136566 98.58238983
C 73.49717712 122.03041840 99.15254211
C 73.65355682 115.89601898 111.27798462
C 73.84777069 121.24408722 98.04051971
H 74.57964325 114.11997223 110.38499451
H 72.83901978 122.84697723 99.06534576
C 73.44894409 121.53704071 96.72224426
C 72.25949097 122.04327393 96.13358307
C 70.99351501 122.23480225 96.86895752
C 72.09696960 122.40483856 94.68373871
C 70.06459808 122.76728058 95.86456299
O 70.64877319 122.02238464 97.96916962
C 70.69931793 122.92854309 94.61000061
C 73.04692841 122.34181976 93.61405945
C 68.72176361 123.04489136 96.01820374
C 69.99890900 123.47962952 93.55403137
C 74.34896851 121.73667145 93.73927307
C 72.84625244 122.86448669 92.24406433
C 68.02304077 123.65412903 94.99976349
H 68.24224091 122.81305695 97.00999451
C 68.63294220 123.87416077 93.73250580
H 70.30219269 123.73656464 92.48902130
N 75.40769196 121.22814178 93.71540833
N 72.61502075 123.25732422 91.18847656
H 66.99143982 123.93835449 95.20536041
H 68.12262726 124.31222534 92.90623474
H 74.26713562 121.27574921 96.10559845
C 73.56139374 115.38025665 112.58745575
C 73.09563446 114.18405914 113.10786438
C 72.63880157 113.08706665 112.31331635
C 72.87133789 113.82231140 114.48586273
C 72.34851074 111.98345947 113.18488312
O 72.53666687 113.02418518 111.10359192
C 72.50740814 112.38671875 114.50915527
C 73.12900543 114.59312439 115.65978241
C 72.07596588 110.65403748 112.81713104
C 72.42908478 111.45848846 115.56678009
C 73.32498169 116.00892639 115.76506042
C 72.94384003 114.09972382 116.99197388
C 71.92005157 109.68998718 113.88706970
H 71.89662170 110.35890198 111.87583160
C 72.18699646 110.10765076 115.20368195
H 72.58000183 111.57608032 116.64661407
N 73.53465271 117.13824463 115.89685822
N 72.79979706 113.75823212 118.10644531
H 71.55182648 108.72271729 113.62811279
H 72.09061432 109.32628632 115.99314880
H 73.93181610 116.12939453 113.20646667
C 75.43019104 117.25156403 101.35224915
C 74.14251709 117.14297485 100.74785614
C 76.20203400 116.04920959 101.55316162
C 73.62600708 115.92894745 100.22843170
H 73.41535187 117.93158722 100.60392761
C 75.62800598 114.83883667 101.03648376
H 77.13452148 116.05111694 102.01098633
C 74.39977264 114.77928925 100.39898682
H 72.70413208 115.96551514 99.69335938
H 76.09462738 113.86955261 101.27298737
C 72.24192810 119.63141632 107.46768188
C 71.86551666 120.92999268 107.14727020
C 71.30007172 118.53649902 107.24973297
C 70.51081848 121.19378662 106.82135773
H 72.56676483 121.75593567 107.14629364
C 70.00054932 118.79878235 106.89746857
H 71.51992035 117.49945068 107.51222992
C 69.59050751 120.14685822 106.71328735
H 70.21687317 122.22377777 106.52837372
H 69.32810211 117.96794128 107.04877472
C 74.58541107 120.28663635 108.43717957
C 73.98811340 121.15184784 109.33330536
C 76.00078583 120.20494080 108.50461578
C 74.72145081 121.94309998 110.17964935
H 72.94718170 121.20980072 109.38117218
C 76.79846954 120.99722290 109.39608765
H 76.55665588 119.49219513 107.91098022
C 76.14155579 121.86656189 110.25330353
H 74.23740387 122.61273193 110.83184052
H 77.90817261 120.95899200 109.25516510
C 77.47875214 118.73686218 101.94802856
C 78.33917236 118.69561768 103.07114410
C 78.15527344 119.11157990 100.70351410
C 79.75468445 118.77452850 102.96247864
H 77.90950775 118.57358551 104.07577515
C 79.54187012 119.24373627 100.58778381
H 77.61597443 119.18904877 99.81195068
C 80.35280609 119.04005432 101.73660278
H 80.33949280 118.67598724 103.76924133
H 79.99746704 119.35180664 99.59577179
C 77.01192474 122.79359436 111.07016754
H 77.81849670 122.98033905 110.44799805
H 76.43563080 123.78806305 111.13049316
C 77.34979248 122.23207092 112.44264221
H 77.50944519 121.14245605 112.44157410
H 78.11609650 122.74048615 113.02815247
C 76.17287445 122.43633270 113.39428711
H 75.27326202 122.17194366 112.85631561
H 76.19260406 121.89714813 114.38080597
C 73.92898560 113.47664642 99.74147797
H 74.02900696 112.61727142 100.36046600
H 72.91419983 113.54069519 99.60041046
C 74.50828552 113.29034424 98.29490662
H 74.51145172 114.27079773 97.79484558
H 75.56600952 113.13741302 98.50389862
C 73.96903229 112.17306519 97.40347290
H 72.92476654 112.14471436 97.49796295
H 74.28245544 111.19497681 97.72270203
C 81.80935669 119.14366150 101.64696503
H 82.25353241 118.69259644 102.53610992
H 82.22256470 118.65638733 100.81676483
C 82.31468201 120.58206940 101.68838501
H 81.84790802 121.04266357 100.89510345
H 81.91233826 121.05233765 102.54245758
C 83.91630554 120.72283173 101.51381683
H 84.37635803 120.16143799 102.29209900
H 84.23120880 120.20259857 100.66380310
C 68.16236877 120.51145172 106.31210327
H 67.85206604 121.56825256 106.26905060
H 67.55908203 120.27089691 107.17015839
C 67.64467621 119.72797394 104.99732208
H 67.66289520 118.64791107 105.22915649
H 66.63102722 119.95387268 104.79282379
C 68.45024109 119.93553925 103.71696472
H 69.50382233 119.71410370 103.89286041
H 68.37749481 120.99904633 103.60069275
C 74.43062592 112.32590485 95.99363708
H 73.87284851 111.74894714 95.25072479
H 74.24988556 113.33657074 95.68331146
C 67.88644409 119.32133484 102.44597626
H 67.56463623 118.26482391 102.59806061
H 66.96803284 119.76161194 102.20560455
C 84.36155701 122.21723175 101.40571594
H 83.91915894 122.83794403 102.25064087
H 85.44886780 122.35492706 101.51383209
C 76.01079559 123.90585327 113.96576691
H 76.89785767 124.16882324 114.55393219
H 76.12298584 124.63768768 113.11151886
C 84.01129913 122.99282074 100.11260986
H 82.96675110 123.09658813 100.13051605
H 84.21811676 122.37800598 99.23948669
C 68.80178833 119.10279083 101.23113251
H 68.31432343 118.75178528 100.31455231
H 69.56889343 118.42676544 101.47171021
C 75.90631866 112.02658081 95.75466156
H 76.16087341 111.04769897 96.24375153
H 76.44412994 112.81195831 96.22491455
C 74.71513367 124.05552673 114.76476288
H 74.56583405 123.20961761 115.49452209
H 74.68925476 125.05036926 115.23936462
C 76.35038757 111.75411224 94.32881927
H 76.22194672 112.61473083 93.76264954
H 77.41681671 111.53808594 94.23271179
H 75.91458893 110.92671204 93.80263519
C 69.51196289 120.40156555 100.83002472
H 68.76515961 121.19789886 100.71698761
H 70.01892853 120.82532501 101.72453308
H 70.15214539 120.25350952 99.96425629
C 84.54570770 124.42656708 100.02573395
H 84.30965424 124.89454651 100.99284363
H 85.61162567 124.49315643 99.88388062
H 84.06952667 124.98587799 99.23293304
C 73.48403168 124.06280518 113.91409302
H 73.03464508 122.97505188 113.82794189
H 72.67422485 124.53572845 114.47922516
H 73.64575958 124.57302856 112.95729828
C 76.89547729 128.12681580 120.50608063
C 76.94905090 127.90749359 119.15140533
C 78.13129425 127.40324402 118.57604218
C 79.32344055 127.15654755 119.37227631
C 79.32340240 127.56615448 120.66778564
C 78.04624176 127.99269104 121.27893829
H 76.09107208 128.66195679 120.96875000
H 80.21610260 126.76734924 118.85008240
C 75.86214447 128.23175049 118.07025909
C 76.62084198 127.86009216 116.79894257
C 77.92478180 127.34192657 117.14665222
C 76.41088104 127.85089874 115.40262604
C 77.56584167 127.36921692 114.70170593
S 78.80262756 126.82880402 115.77467346
C 80.45213318 127.67636871 121.70433044
C 79.69455719 128.11018372 122.92805481
C 78.32756042 128.30148315 122.65994263
C 80.00983429 128.28961182 124.28377533
C 78.91799927 128.71681213 125.00722504
S 77.42677307 128.78451538 124.08594513
C 77.41001892 127.37772369 113.32430267
S 75.10939026 128.30509949 114.31543732
S 81.51166534 128.30287170 125.17626190
C 79.24404144 129.03369141 126.28767395
C 76.27978516 128.10990906 112.91860199
C 80.62214661 128.79464722 126.63254547
H 78.13316345 127.03343201 112.61303711
H 78.58468628 129.35188293 127.02639771
C 81.08915710 129.20805359 127.92147064
C 80.58237457 129.55398560 129.22171021
C 79.16278839 129.45613098 129.71328735
C 81.43408203 130.21559143 130.22195435
C 79.16483307 130.05424500 131.04127502
O 78.17343140 128.87614441 129.21969604
C 80.45577240 130.55117798 131.32391357
C 82.86466217 130.33439636 130.36808777
C 78.08136749 130.10383606 131.90362549
C 80.58799744 131.24113464 132.54962158
C 83.75752258 129.88327026 129.35321045
C 83.59301758 130.87239075 131.46173096
C 78.21809387 130.77600098 133.20190430
H 77.07687378 129.73722839 131.68395996
C 79.47723389 131.35000610 133.43849182
H 81.48752594 131.61616516 133.02989197
N 84.44928741 129.47758484 128.50244141
N 84.17165375 131.20500183 132.37942505
H 77.52054596 130.78059387 134.04666138
H 79.51402283 131.90093994 134.34179688
H 82.08972168 129.41236877 127.75846100
C 76.07644653 128.50843811 111.53993988
C 76.93385315 128.90702820 110.52313232
C 78.37883759 128.98023987 110.68988800
C 76.52778625 129.37371826 109.16506195
C 78.88040161 129.50199890 109.42575073
O 79.12001038 128.83822632 111.68394470
C 77.79210663 129.80702209 108.54983521
C 75.31009674 129.48291016 108.47451019
C 80.24185181 129.66567993 109.06537628
C 78.15235901 130.49458313 107.36258698
C 74.02780151 129.36538696 109.05488586
C 75.12501526 130.20117188 107.26738739
C 80.54720306 130.29293823 107.86364746
H 80.99770355 129.31307983 109.69207001
C 79.47682953 130.78515625 107.07907104
H 77.50415802 130.84895325 106.60672760
N 72.94319916 129.31539917 109.50675201
N 74.92964935 130.74490356 106.26573944
H 81.52043915 130.50355530 107.51576996
H 79.56625366 131.24472046 106.15113068
H 75.00048828 128.53701782 111.30414581
C 81.50642395 128.69450378 121.19316864
C 81.16750336 129.71365356 120.30304718
C 82.83734894 128.63728333 121.64567566
C 82.13042450 130.57353210 119.84189606
H 80.19715881 129.77520752 119.84934998
C 83.79218292 129.58264160 121.22885895
H 83.04230499 128.09866333 122.50645447
C 83.46257782 130.50221252 120.20832062
H 81.89971161 131.32177734 119.07878113
H 84.76168823 129.61253357 121.68418121
C 75.62133789 129.78140259 117.96167755
C 76.76316833 130.59585571 117.80588531
C 74.34014893 130.38197327 117.75090790
C 76.66100311 132.01515198 117.70854187
H 77.76628113 130.14212036 117.77796173
C 74.22415924 131.77307129 117.44419098
H 73.49247742 129.76548767 117.70685577
C 75.39140320 132.57577515 117.45823669
H 77.50337982 132.65757751 117.81179810
H 73.30704498 132.33886719 117.25557709
C 74.67578888 127.19535828 118.39664459
C 73.55309296 127.53712463 119.19771576
C 74.78874207 125.90427399 117.85269165
C 72.46721649 126.62975311 119.27816010
H 73.47431183 128.58230591 119.53304291
C 73.75354004 125.00552368 118.06118774
H 75.76551056 125.64316559 117.39907837
C 72.60271454 125.24367523 118.77755737
H 71.55654907 126.87457275 119.89668274
H 73.83823395 124.02311707 117.59792328
C 81.18169403 126.24875641 121.85762024
C 82.01007080 125.74760437 120.82290649
C 80.83023071 125.38860321 122.91947937
C 82.58539581 124.51280975 120.90955353
H 82.34344482 126.34716797 119.97388458
C 81.35940552 124.12702942 123.00010681
H 80.14968872 125.76213837 123.70716858
C 82.25880432 123.67576599 122.04161835
H 83.30023956 124.25757599 120.07183075
H 81.06735992 123.47426605 123.84497070
C 71.47510529 124.26772308 119.05268097
H 71.57366943 123.94469452 120.12533569
H 70.52296448 124.87460327 118.99330139
C 71.39915466 122.99685669 118.16493225
H 72.32846832 122.41876984 118.40554810
H 70.64521790 122.32035065 118.54859924
C 71.18281555 123.29882050 116.73064423
H 70.20529175 123.77252960 116.62075043
H 71.91371918 124.05248260 116.32231903
C 84.45678711 131.53045654 119.63421631
H 85.50159454 131.43508911 119.83582306
H 84.34732056 131.32720947 118.57683563
C 84.20323944 132.93759155 120.06741333
H 83.26601410 133.34939575 119.75086975
H 84.14931488 132.94375610 121.14691925
C 85.34253693 133.78411865 119.51430511
H 85.24475861 133.78825378 118.42714691
H 86.28482819 133.40917969 119.88212585
C 82.94585419 122.39048767 122.13644409
H 84.01792145 122.65814972 122.24525452
H 82.53543091 121.81710052 122.99355316
C 82.66998291 121.31745148 121.03830719
H 82.74285889 121.65010071 120.03163147
H 83.32333374 120.35740662 121.07418823
C 81.22209930 120.82489014 121.07353210
H 81.17961121 120.29393005 122.05086517
H 80.53093719 121.63558960 121.40151215
C 75.24558258 133.97103882 117.20918274
H 75.79579163 134.49737549 117.98582458
H 74.24864960 134.22984314 117.52369690
C 75.52909088 134.49789429 115.82772827
H 76.64027405 134.50117493 115.65676117
H 75.10433197 133.88395691 114.95820618
C 75.12031555 135.98873901 115.56932831
H 75.63838959 136.78262329 116.21844482
H 74.07633972 136.06553650 115.88194275
C 85.19700623 135.23260498 120.02036285
H 84.22377777 135.70858765 119.66133118
H 85.05806732 135.19943237 121.04746246
C 75.32981873 136.55427551 114.13175964
H 76.15411377 136.12725830 113.64492035
H 74.52111816 136.23954773 113.50961304
C 80.60299683 119.91764069 119.92709351
H 80.44339752 120.45776367 119.03547668
H 81.34610748 119.21466827 119.66776276
C 71.17114258 122.05904388 115.91201019
H 72.23989105 121.80583954 115.72665405
H 70.86561584 121.19850159 116.49079895
C 79.35414124 119.20173645 120.41058350
H 78.80536652 119.77745819 121.07723236
H 79.64958954 118.43713379 121.12516022
C 75.42597198 138.12303162 114.16172028
H 76.24145508 138.48136902 114.74678802
H 74.53611755 138.51591492 114.59529877
C 86.41501617 136.09411621 119.58512115
H 86.52893066 136.06365967 118.46778870
H 87.41586304 135.57565308 119.83369446
C 70.53707886 122.20433807 114.48912811
H 69.54579926 122.58505249 114.35634613
H 71.08604431 122.98190308 114.04275513
C 86.41665649 137.45826721 120.27937317
H 86.40712738 137.35113525 121.38020325
H 87.22992706 138.06794739 120.03215027
H 85.50971222 138.02397156 120.10241699
C 75.43889618 138.71862793 112.74119568
H 74.56228638 138.55619812 112.10765839
H 75.88062286 139.67428589 112.69152069
H 76.16954041 138.07469177 112.18482971
C 78.55526733 118.54464722 119.28713226
H 78.97952271 117.82045746 118.56530762
H 77.76010132 118.00216675 119.78449249
H 78.01284790 119.30299377 118.71810150
C 70.56444550 120.88419342 113.76119232
H 70.13512421 120.09200287 114.38124847
H 69.97526550 120.87894440 112.82425690
H 71.55653381 120.55247498 113.45951080
",0.000
44,"372

C 128.79113770 108.14364624 130.66793823
C 128.22572327 107.59825897 129.50706482
C 129.03526306 107.21691895 128.36401367
C 130.40118408 107.50367737 128.36515808
C 130.94496155 108.34316254 129.38108826
C 130.09031677 108.57645416 130.53755188
H 128.17987061 108.39916992 131.50927734
H 131.18110657 107.04547882 127.72111511
C 126.70665741 107.12065125 129.30058289
C 126.88482666 106.57377625 127.86167145
C 128.20384216 106.55635071 127.44240570
C 126.12155914 105.98767853 126.83547211
C 126.83119965 105.77436066 125.63111877
S 128.59272766 105.90885162 125.89819336
C 132.36433411 108.95767212 129.51892090
C 132.18048096 109.58237457 130.93957520
C 130.90063477 109.42916107 131.40121460
C 132.97750854 110.45741272 131.78630066
C 132.21237183 110.93564606 132.88117981
S 130.57499695 110.35565186 132.83491516
C 126.12657166 105.40510559 124.48984528
S 124.44321442 105.61394501 126.48795319
S 134.62106323 111.04928589 131.98097229
C 132.84721375 111.80689240 133.78567505
C 124.75908661 105.33727264 124.74613953
C 134.23474121 111.84860992 133.62901306
H 126.53074646 105.25593567 123.46694183
H 132.35934448 112.45221710 134.48121643
C 135.05044556 112.63755035 134.48939514
C 135.13479614 112.86060333 135.88586426
C 134.29940796 112.12578583 136.87536621
C 135.95310974 113.86277008 136.64352417
C 134.65129089 112.63420868 138.20628357
O 133.42689514 111.27034760 136.64260864
C 135.62799072 113.63814545 138.08226013
C 136.92875671 114.74234009 136.17829895
C 133.99949646 112.38131714 139.44050598
C 136.08178711 114.25543976 139.26914978
C 137.28823853 114.89389038 134.84518433
C 137.74884033 115.61867523 136.99171448
C 134.43525696 113.04232788 140.61558533
H 133.08770752 111.71323395 139.38983154
C 135.48303223 114.02528381 140.48510742
H 136.80639648 115.02787018 139.30433655
N 137.61402893 115.03222656 133.72332764
N 138.37692261 116.33229828 137.58993530
H 133.95034790 112.99169922 141.59547424
H 135.76019287 114.56919098 141.39657593
H 135.72386169 113.22170258 133.80128479
C 123.78131866 105.02299500 123.75520325
C 123.49399567 105.29734802 122.48736572
C 124.17040253 106.40448761 121.80773926
C 122.37705231 104.87095642 121.64908600
C 123.58306122 106.55057526 120.44938660
O 125.07637787 107.16218567 122.21346283
C 122.38483429 105.79136658 120.40671539
C 121.39892578 103.95409393 121.93630981
C 123.97275543 107.44561768 119.43323517
C 121.54605103 105.84436798 119.23046875
C 121.42912292 103.05331421 123.05801392
C 120.19232178 103.66471863 121.26679993
C 123.14473724 107.54518890 118.32520294
H 124.85521698 108.11071014 119.43784332
C 122.02376556 106.69485474 118.19768524
H 120.69886017 105.12475586 119.08152771
N 121.52239990 102.29504395 123.94161987
N 119.19768524 103.41727448 120.72971344
H 123.49746704 108.09123230 117.45462799
H 121.49008942 106.72329712 117.24878693
H 123.06416321 104.32150269 124.24039459
C 132.46813965 110.10439301 128.43048096
C 132.69898987 111.49406433 128.74974060
C 132.25793457 109.79850769 127.06175995
C 132.73573303 112.46984100 127.75099182
H 132.68231201 111.88331604 129.73674011
C 132.40226746 110.80840302 126.05916595
H 132.20370483 108.82808685 126.73868561
C 132.61068726 112.15382385 126.32317352
H 132.93936157 113.47108459 128.05932617
H 132.31459045 110.45695496 125.04893494
C 125.73370361 108.32394409 129.22889709
C 124.37088776 108.06012726 128.95819092
C 126.12716675 109.65190125 129.56416321
C 123.46798706 109.12123108 128.95890808
H 123.98413849 107.10248566 128.79888916
C 125.14122772 110.66344452 129.65841675
H 127.10802460 109.96475983 129.74444580
C 123.77603912 110.41073608 129.33242798
H 122.51202393 108.73845673 128.57652283
H 125.33813477 111.66835022 129.87158203
C 126.42597961 106.02777100 130.38452148
C 126.70669556 104.67057800 130.13465881
C 125.85573578 106.34741974 131.62142944
C 126.41528320 103.65088654 131.02200317
H 127.20983124 104.35150146 129.23440552
C 125.54386139 105.28811646 132.54008484
H 125.51174164 107.32688904 131.82516479
C 125.82195282 103.94548035 132.23852539
H 126.66636658 102.67023468 130.71255493
H 125.16610718 105.69728851 133.53747559
C 133.60481262 108.02922821 129.61485291
C 133.46232605 106.83256531 130.44239807
C 134.86447144 108.26684570 129.06153870
C 134.46681213 105.88344574 130.45292664
H 132.51631165 106.55492401 130.79891968
C 135.77600098 107.21800232 128.96408081
H 134.95993042 109.13709259 128.46307373
C 135.63948059 106.03923798 129.72305298
H 134.43070984 105.05046844 131.08728027
H 136.70080566 107.40650940 128.40625000
C 125.53045654 102.88506317 133.30596924
H 124.85176849 103.19720459 134.02426147
H 124.94881439 102.17856598 132.72966003
C 126.75617981 102.18835449 133.96206665
H 127.47640991 102.17929077 133.15025330
H 127.14200592 102.79783630 134.67744446
C 126.59964752 100.77087402 134.51350403
H 127.51753235 100.57520294 135.03684998
H 125.76668549 100.75581360 135.19110107
C 132.76846313 113.14168549 125.17365265
H 132.18946838 112.76884460 124.38710785
H 132.18557739 114.04254150 125.54005432
C 134.18913269 113.55437469 124.65213013
H 134.67111206 113.94068909 125.56632233
H 134.80326843 112.67221832 124.39411926
C 134.01716614 114.46212769 123.47009277
H 134.86389160 115.09531403 123.46669769
H 133.13304138 115.08507538 123.62839508
C 136.68307495 104.93189240 129.66616821
H 136.20652771 103.97762299 129.88169861
H 136.97479248 104.78137970 128.62890625
C 137.91754150 105.12767792 130.55136108
H 137.55891418 105.30009460 131.58499146
H 138.47000122 104.21044159 130.40278625
C 138.91754150 106.21604919 130.21887207
H 139.57087708 106.00077057 129.38076782
H 138.45416260 107.23646545 129.92379761
C 122.80718994 111.50740051 129.33572388
H 122.01021576 111.28378296 128.62672424
H 123.27967834 112.35294342 128.87797546
C 122.23978424 111.81581879 130.73057556
H 121.40941620 112.52450562 130.67619324
H 121.73638153 110.89899445 131.07737732
C 123.23217010 112.43507385 131.75099182
H 123.89389038 113.20990753 131.32919312
H 123.96511841 111.75162506 132.02247620
C 134.22413635 113.77462006 122.09195709
H 134.12535095 114.51480865 121.27220917
H 135.20030212 113.42419434 122.04774475
C 122.58479309 112.90988922 133.12698364
H 122.10007477 113.85960388 132.84210205
H 121.93978882 112.17635345 133.59382629
C 139.77793884 106.44234467 131.50909424
H 139.19920349 106.81729126 132.33593750
H 140.19981384 105.47968292 131.84243774
C 126.48181915 99.72010803 133.40847778
H 125.62500000 100.05838776 132.83534241
H 127.30786133 99.71463013 132.71685791
C 140.97868347 107.36173248 131.25485229
H 140.53611755 108.20579529 130.73323059
H 141.70587158 106.87165833 130.55320740
C 123.69473267 113.25258636 134.21029663
H 124.33027649 114.08993530 133.82084656
H 124.35815430 112.40848541 134.31979370
C 133.24377441 112.57943726 121.90177917
H 132.21623230 112.90185547 122.09000397
H 133.34376526 111.79705048 122.63307953
C 126.18599701 98.34928131 134.00463867
H 126.95201111 98.02041626 134.69172668
H 125.22910309 98.41357422 134.48706055
C 133.27586365 111.77638245 120.60161591
H 132.37313843 111.18012238 120.47763824
H 133.30668640 112.53928375 119.77166748
H 134.07711792 111.13852692 120.56349182
C 123.07413483 113.67635345 135.57015991
H 123.84860992 113.89156342 136.26809692
H 122.42000580 114.55019379 135.41746521
H 122.63552094 112.80682373 136.07569885
C 141.63990784 107.80738068 132.55404663
H 140.98641968 108.42165375 133.16149902
H 142.15057373 107.02857208 133.08168030
H 142.48953247 108.43314362 132.26361084
C 126.11818695 97.30381012 132.95620728
H 125.32691193 97.62520599 132.16542053
H 127.07720947 97.05564117 132.52200317
H 125.66902924 96.42830658 133.43147278
C 110.73063660 116.87269592 133.58093262
C 111.33572388 117.06252289 134.86192322
C 111.47608948 118.35707092 135.40449524
C 111.13590240 119.49962616 134.66122437
C 110.50101471 119.32081604 133.30986023
C 110.34923553 117.98036957 132.84626770
H 110.58000946 115.80093384 133.23854065
H 111.19998169 120.49230194 135.06132507
C 111.73979950 115.95896912 135.83453369
C 112.15487671 116.85733032 137.00680542
C 111.92229462 118.21713257 136.70379639
C 112.76070404 116.71598816 138.28717041
C 112.98062134 117.97164917 138.91810608
S 112.35031891 119.34001923 137.97265625
C 110.06900024 120.36720276 132.23199463
C 109.51020813 119.39073944 131.15489197
C 109.63752747 118.02487946 131.59300232
C 109.06735229 119.41626740 129.78431702
C 108.72151947 118.13636780 129.30162048
S 108.93527222 116.88632202 130.56391907
C 113.71865082 117.89923096 140.11828613
S 113.51776123 115.40204620 139.17611694
S 108.83903503 120.55132294 128.60359192
C 108.23866272 118.12952423 128.00155640
C 114.14793396 116.59593964 140.34523010
C 108.26293945 119.41159058 127.39468384
H 113.87975311 118.67121887 140.89895630
H 107.93604279 117.28643036 127.43405914
C 107.55362701 119.68572998 126.17211914
C 107.41587830 119.06137848 124.95446777
C 108.31117249 117.97852325 124.50292969
C 106.60503387 119.43550110 123.80813599
C 107.89330292 117.55642700 123.13516235
O 109.19752502 117.37924194 125.07621002
C 107.02902222 118.51588440 122.62804413
C 105.56026459 120.32362366 123.68127441
C 108.41844177 116.50188446 122.35541534
C 106.48433685 118.36222839 121.30454254
C 105.16815948 121.13958740 124.78662872
C 104.96574402 120.84514618 122.49162292
C 107.74652863 116.29788971 121.15573883
H 109.21417236 115.89716339 122.72387695
C 106.90004730 117.22214508 120.55796051
H 105.55130005 118.92989349 121.01124573
N 104.85787201 121.87138367 125.57682800
N 104.52416229 121.31109619 121.57035828
H 108.00099945 115.47799683 120.54635620
H 106.46293640 117.03849792 119.57572174
H 107.09422302 120.57153320 126.40644073
C 115.08203125 116.36116791 141.52204895
C 116.14749146 117.02961731 142.16319275
C 116.71135712 118.38291168 141.88340759
C 116.78652954 116.67507172 143.47937012
C 117.67000580 118.77975464 142.91459656
O 116.48689270 119.09101868 140.90686035
C 117.77462006 117.73502350 143.84373474
C 116.51076508 115.51670074 144.19947815
C 118.47076416 119.88873291 142.90312195
C 118.64466858 117.89121246 144.91510010
C 115.40276337 114.59565735 144.11589050
C 117.37995148 114.89868164 145.23037720
C 119.54010773 119.90327454 143.85321045
H 118.50488281 120.65990448 142.15446472
C 119.52954865 118.96362305 144.88063049
H 118.72445679 117.11190796 145.68524170
N 114.45002747 113.88330841 144.08724976
N 118.01940155 114.35369110 146.06500244
H 120.36770630 120.63522339 143.95297241
H 120.25402832 118.90204620 145.72552490
H 114.72997284 115.36011505 141.85467529
C 111.21557617 121.16515350 131.65948486
C 111.49617767 122.50014496 132.10993958
C 112.14046478 120.58437347 130.79681396
C 112.49360657 123.27335358 131.53744507
H 110.97112274 122.94401550 132.86790466
C 113.29157257 121.28554535 130.33056641
H 112.02916718 119.61261749 130.43328857
C 113.45732880 122.67037964 130.66123962
H 112.58879089 124.32335663 131.92401123
H 113.97817993 120.74068451 129.65805054
C 112.97140503 115.24647522 135.08854675
C 114.20582581 115.86351013 134.82882690
C 112.81100464 113.93626404 134.62567139
C 115.30957794 115.22928619 134.25976562
H 114.32356262 116.79306030 135.24658203
C 113.86154938 113.27114868 133.93141174
H 111.92225647 113.41725922 134.71456909
C 115.07823181 113.87079620 133.78445435
H 116.28888702 115.71504211 134.23002625
H 113.77516174 112.20397949 133.59019470
C 110.53429413 115.11663818 136.29707336
C 109.19200897 115.55646515 136.08409119
C 110.69431305 113.89266968 136.98937988
C 108.11424255 114.71941376 136.37597656
H 109.03217316 116.49415588 135.54953003
C 109.60001373 113.09023285 137.32810974
H 111.67466736 113.51686859 137.20132446
C 108.26535797 113.48284912 137.07609558
H 107.09726715 115.08866882 136.19865417
H 109.90300751 112.17380524 137.83618164
C 108.86624908 121.19223785 132.61174011
C 108.47182465 122.30464172 131.81008911
C 107.98955536 120.76821136 133.63095093
C 107.21247864 122.87383270 132.02006531
H 109.01638031 122.52948761 130.94459534
C 106.76129913 121.41368866 133.79505920
H 107.99958801 119.84632874 134.25691223
C 106.33181000 122.49792480 132.99490356
H 106.90345001 123.66825867 131.38537598
H 106.12249756 121.02740479 134.62591553
C 107.07378387 112.62331390 137.54144287
H 106.49610138 112.51628876 136.62799072
H 107.32427216 111.64792633 137.88923645
C 106.12319183 113.15917969 138.65649414
H 106.70226288 113.21305084 139.58358765
H 105.74308014 114.20944977 138.44096375
C 105.00970459 112.14403534 138.97062683
H 104.44644928 112.01687622 138.09805298
H 105.49462891 111.20123291 139.04185486
C 114.64058685 123.50858307 130.16856384
H 114.38445282 124.49816895 130.50805664
H 115.44303131 123.25101471 130.81719971
C 114.84623718 123.52806854 128.64785767
H 115.40116119 124.44233704 128.33914185
H 115.42420197 122.66220093 128.30557251
C 113.52148438 123.49898529 127.83612823
H 112.80357361 124.18778229 128.22814941
H 113.10488892 122.54074860 128.07096863
C 104.99137878 123.03859711 133.08714294
H 104.68218994 123.37631989 132.08807373
H 104.33373260 122.19950104 133.29484558
C 104.85897064 123.92133331 134.35562134
H 104.73488617 123.27738190 135.19995117
H 105.74881744 124.45664215 134.51040649
C 103.59745026 124.82739258 134.26466370
H 103.83265686 125.56723785 133.50382996
H 102.73830414 124.38790894 133.80342102
C 116.34423065 113.00775909 133.42645264
H 117.21774292 113.71080017 133.12837219
H 116.10634613 112.61043549 132.45451355
C 116.79550934 112.11054230 134.57444763
H 116.75937653 112.81360626 135.38038635
H 116.15125275 111.22724915 134.81050110
C 118.30216980 111.76936340 134.37686157
H 118.78950500 112.71984100 134.37806702
H 118.43422699 111.28610992 133.36198425
C 113.70005035 123.78878021 126.35212708
H 114.42736053 124.55413818 126.22354889
H 114.29753113 122.84697723 126.09516907
C 118.92343903 110.93575287 135.50444031
H 118.48698425 111.34761810 136.44157410
H 118.59191132 109.88379669 135.32354736
C 103.25889587 125.47951508 135.62968445
H 103.00425720 124.76464081 136.33648682
H 104.15393066 125.95594788 136.05651855
C 104.15420532 112.61537170 140.20373535
H 104.81317902 113.12144470 140.94453430
H 103.46383667 113.43782806 139.90113831
C 102.10746002 126.51082611 135.48892212
H 101.66959381 126.94130707 136.42741394
H 101.27539062 125.95025635 135.00317383
C 120.41349030 111.06999207 135.55593872
H 120.70447540 112.11645508 135.57731628
H 120.89833069 110.79809570 134.59094238
C 112.59103394 124.00820923 125.41422272
H 112.91757202 124.32786560 124.38609314
H 111.95742035 124.83029175 125.82074738
C 103.23538208 111.49115753 140.72778320
H 102.70498657 111.03995514 139.88740540
H 103.86429596 110.71877289 141.12091064
C 111.58706665 122.93616486 125.27080536
H 111.00085449 122.70529938 126.19644928
H 110.87733459 123.09779358 124.43180084
H 112.12439728 122.02816772 125.00299835
C 121.09135437 110.25535583 136.67535400
H 122.04824829 110.62203217 136.54899597
H 120.74394226 110.47461700 137.67370605
H 121.13711548 109.20697021 136.40118408
C 102.42657471 127.68442535 134.59729004
H 101.64897156 128.40602112 134.61105347
H 103.24163818 128.25115967 134.94523621
H 102.61280823 127.49516296 133.50273132
C 102.31448364 111.92419434 141.81495667
H 102.70017242 112.12234497 142.81289673
H 101.72499084 112.81503296 141.60037231
H 101.66250610 111.07834625 141.94982910
",0.000
45,"372

C 139.30865479 101.36111450 115.89941406
C 139.98663330 101.90864563 117.04625702
C 139.43601990 101.90380096 118.37686157
C 138.05027771 101.38021851 118.55601501
C 137.37767029 100.94727325 117.43823242
C 137.99194336 100.84687042 116.13070679
H 139.71316528 101.44409180 114.94974518
H 137.61933899 101.44495392 119.49578094
C 141.52113342 102.41002655 117.17482758
C 141.61845398 102.73137665 118.66897583
C 140.42265320 102.36800385 119.32574463
C 142.54039001 103.20676422 119.66217041
C 142.05197144 103.18351746 120.99388123
S 140.51455688 102.56640625 121.06982422
C 135.94122314 100.31857300 117.33190155
C 135.83692932 100.09157562 115.82428741
C 137.05590820 100.29553986 115.20116425
C 134.89979553 99.64669800 114.83557892
C 135.39839172 99.49088287 113.50032043
S 137.08586121 100.02842712 113.46437073
C 142.81462097 103.80342102 121.97334290
S 144.20639038 103.59825134 119.81041718
S 133.19656372 99.24262238 114.87439728
C 134.42720032 99.30007935 112.50485992
C 144.00898743 104.21441650 121.42389679
C 133.13507080 99.10926056 113.06520081
H 142.56037903 103.90892792 123.01213074
H 134.64317322 99.34654999 111.41317749
C 131.98513794 98.88748932 112.21960449
C 130.67057800 98.35803223 112.38725281
C 130.11875916 97.73158264 113.60997772
C 129.55264282 98.26420593 111.39578247
C 128.70281982 97.29267883 113.37290955
O 130.68994141 97.53923798 114.64328003
C 128.36729431 97.65788269 112.02233887
C 129.60690308 98.75479889 110.05413818
C 127.82752991 96.65184784 114.25797272
C 127.08191681 97.31257629 111.58902740
C 130.47651672 99.67506409 109.48368835
C 128.67178345 98.46106720 109.04150391
C 126.56712341 96.36808777 113.73590851
H 128.01336670 96.26898193 115.26866150
C 126.12656403 96.79270172 112.46791077
H 126.76849365 97.47618103 110.57298279
N 131.19189453 100.41304016 108.90452576
N 127.93979645 98.28314209 108.17814636
H 125.80395508 95.97006989 114.41580200
H 125.16474152 96.56393433 112.00715637
H 132.23498535 99.34768677 111.31394196
C 145.01390076 104.74468994 122.31070709
C 145.07096863 105.76653290 123.26869965
C 144.07292175 106.81091309 123.59142303
C 146.12559509 105.98443604 124.29089355
C 144.48339844 107.52922821 124.80146790
O 143.03968811 107.14492035 122.89933777
C 145.60220337 106.94339752 125.34782410
C 147.38465881 105.34658813 124.41610718
C 143.72402954 108.50386047 125.51192474
C 146.10752869 107.39128113 126.63182831
C 147.93263245 104.39546204 123.53516388
C 148.22174072 105.43569183 125.60770416
C 144.17666626 108.92504883 126.78375244
H 142.90629578 109.11598969 125.00783539
C 145.36297607 108.35174561 127.29975128
H 146.90908813 107.03525543 127.24263763
N 148.26351929 103.62062073 122.74338531
N 148.83404541 105.45990753 126.56425476
H 143.64479065 109.70388031 127.35341644
H 145.72877502 108.75919342 128.23489380
H 145.86595154 104.10494995 122.20004272
C 134.72790527 101.17994690 117.78753662
C 133.49037170 100.57893372 118.06379700
C 134.80313110 102.57810211 117.91078186
C 132.36056519 101.37039185 118.26486969
H 133.41091919 99.53109741 117.98596191
C 133.66020203 103.34026337 118.21330261
H 135.78952026 103.00196075 117.64596558
C 132.43551636 102.77188110 118.32875824
H 131.42959595 100.82065582 118.32095337
H 133.67840576 104.37929535 118.36484528
C 141.82914734 103.59720612 116.27035522
C 141.88055420 103.36862946 114.90864563
C 142.11145020 104.88412476 116.73337555
C 142.15608215 104.30547333 113.93786621
H 141.69886780 102.37822723 114.48450470
C 142.50985718 105.83632660 115.78020477
H 142.06765747 105.20397949 117.76959229
C 142.46099854 105.58876801 114.39292145
H 142.07318115 103.99945068 112.91375732
H 142.83666992 106.82475281 116.09445953
C 142.58894348 101.28855896 116.90769196
C 143.94734192 101.68086243 116.73705292
C 142.33905029 99.92782593 117.04032135
C 144.89431763 100.69688416 116.44845581
H 144.11465454 102.75784302 116.65486908
C 143.28941345 98.90240479 116.78660583
H 141.30146790 99.71878052 117.30045319
C 144.58158875 99.31616211 116.47416687
H 145.92951965 100.96472168 116.16822815
H 142.95834351 97.87285614 116.81166840
C 136.12573242 98.95005035 118.12984467
C 135.84120178 98.87849426 119.50863647
C 136.58981323 97.76396942 117.51422882
C 135.82415771 97.74628448 120.28873444
H 135.59753418 99.82677460 120.02117920
C 136.49781799 96.56420135 118.26774597
H 136.85447693 97.69530487 116.47113800
C 136.17779541 96.57462311 119.64990997
H 135.45980835 97.81100464 121.28407288
H 136.78309631 95.67428589 117.76805878
C 145.56590271 98.25937653 116.02565765
H 145.26313782 97.21022797 116.07125854
H 145.70195007 98.36454010 115.00663757
C 146.94812012 98.33197784 116.71781921
H 147.40940857 99.28274536 116.49996185
H 146.89016724 98.22078705 117.82876587
C 147.91697693 97.25161743 116.13545990
H 147.48600769 96.34514618 116.42977905
H 147.81619263 97.26457977 115.00559235
C 131.19853210 103.62061310 118.54373169
H 130.33412170 102.92536926 118.79107666
H 131.37117004 104.24634552 119.44602966
C 130.83605957 104.41857910 117.29730988
H 131.74009705 105.02375031 116.87730408
H 130.52243042 103.63414001 116.64962006
C 129.66690063 105.41506195 117.58761597
H 129.95271301 106.14501953 118.29468536
H 128.94171143 104.85566711 118.12914276
C 136.28129578 95.30471039 120.43942261
H 136.03715515 95.45684052 121.46896362
H 135.65835571 94.53967285 120.03730011
C 137.60279846 94.52844238 120.29213715
H 137.68693542 94.40698242 119.17887878
H 138.40931702 95.14382935 120.57806396
C 137.47370911 93.16559601 121.00790405
H 137.63967896 93.33989716 122.06601715
H 136.47935486 92.70235443 120.82814789
C 142.75949097 106.70123291 113.40972137
H 142.93362427 106.39735413 112.40280914
H 143.71829224 107.17711639 113.66785431
C 141.59199524 107.67139435 113.39898682
H 140.70689392 107.27812195 113.16503906
H 141.32542419 107.90077209 114.39653778
C 142.01638794 108.96616364 112.69699860
H 142.99562073 109.22634125 113.05380249
H 141.29635620 109.77394867 112.99939728
C 129.06863403 106.01074219 116.33086395
H 129.88618469 106.56736755 115.86869049
H 128.80906677 105.33042145 115.54575348
C 141.90145874 108.80489349 111.10219574
H 142.49223328 107.97661591 110.86048889
H 140.86174011 108.42306519 110.89025879
C 138.62881470 92.19851685 120.67812347
H 138.31002808 91.13430786 120.76084900
H 138.86274719 92.30035400 119.61510468
C 149.36717224 97.24950409 116.69407654
H 149.94680786 98.07349396 116.18579865
H 149.39419556 97.42158508 117.75618744
C 139.87387085 92.34097290 121.57817078
H 139.54037476 92.02065277 122.55056763
H 140.14465332 93.38391113 121.55707550
C 142.10699463 110.10776520 110.30880737
H 143.02659607 110.64090729 110.55683136
H 141.28193665 110.78724670 110.52953339
C 127.93386841 107.01468658 116.58882904
H 128.39924622 107.70944214 117.31063843
H 127.15053558 106.54530334 117.19239044
C 150.11723328 95.92661285 116.31394196
H 149.57865906 95.14241791 116.79236603
H 150.16314697 95.85059357 115.21698761
C 127.34226990 107.70617676 115.36700439
H 128.12890625 108.14557648 114.74494171
H 126.70030975 107.05604553 114.85280609
H 126.74928284 108.61006927 115.70906067
C 142.11795044 109.75649261 108.82935333
H 142.08695984 110.54836273 108.12540436
H 143.16047668 109.39193726 108.65113068
H 141.33857727 109.06589508 108.57546234
C 141.17941284 91.54036713 121.11605072
H 142.04740906 91.89804840 121.67560577
H 141.07252502 90.47779846 121.25506592
H 141.38580322 91.73809814 120.08935547
C 151.59547424 95.85969543 116.78186035
H 151.73313904 95.39055634 117.76281738
H 152.23005676 95.37194061 116.04971313
H 152.03289795 96.79991913 116.96228790
C 139.15145874 107.02346039 109.32378387
C 139.30940247 105.62110138 109.20250702
C 138.44798279 104.78796387 110.00521851
C 137.47492981 105.33865356 110.89038086
C 137.40969849 106.68244171 111.04580688
C 138.25964355 107.52401733 110.25335693
H 139.79034424 107.68837738 108.71997833
H 136.81356812 104.71766663 111.50342560
C 140.26162720 104.78286743 108.37715912
C 139.91763306 103.35131073 108.84029388
C 138.83134460 103.43530273 109.78447723
C 140.17994690 101.97398376 108.64682770
C 139.43325806 101.05955505 109.46500397
S 138.36506653 101.97126770 110.55401611
C 136.56669617 107.45890808 112.04965210
C 136.89512634 108.88540649 111.56465912
C 137.93878174 108.86089325 110.63736725
C 136.42991638 110.19833374 111.75746918
C 137.05210876 111.11361694 110.91290283
S 138.40898132 110.44671631 110.03977203
C 139.70089722 99.77339935 109.22911835
S 141.19656372 101.04873657 107.47530365
S 135.08590698 110.89739990 112.65238953
C 136.53904724 112.37279510 111.03005981
C 140.66531372 99.48897552 108.18807220
C 135.41578674 112.45068359 111.90309906
H 139.18484497 98.95211792 109.70212555
H 136.95886230 113.21927643 110.56124115
C 134.56036377 113.60743713 111.80328369
C 134.78758240 114.98567200 111.74691010
C 136.12670898 115.58782196 111.84725952
C 133.80914307 116.05715179 111.57813263
C 135.96905518 117.07445526 111.64704132
O 137.14344788 114.95095062 112.01370239
C 134.55406189 117.30805206 111.45869446
C 132.40063477 115.95781708 111.33708191
C 136.94691467 118.05806732 111.46977234
C 134.17883301 118.60056305 111.12635040
C 131.59291077 114.77051544 111.45307159
C 131.60064697 116.99038696 110.79032135
C 136.57684326 119.29742432 111.01419830
H 137.97731018 117.69522858 111.46281433
C 135.17683411 119.61779022 110.88023376
H 133.16601562 118.97846985 111.00726318
N 130.97084045 113.75306702 111.53925323
N 130.92291260 117.83905029 110.33850098
H 137.28421021 120.04333496 110.63301849
H 134.83001709 120.60509491 110.42867279
H 133.61761475 113.16111755 111.69652557
C 140.96478271 98.11589050 107.80258179
C 140.81259155 96.83258820 108.33220673
C 140.81517029 96.57128143 109.83892059
C 140.91296387 95.49575806 107.66601562
C 140.57402039 95.14057159 110.01350403
O 140.92001343 97.45728302 110.69288635
C 140.60818481 94.48301697 108.75659180
C 141.07737732 95.08998871 106.32897949
C 140.22082520 94.45587921 111.17779541
C 140.29307556 93.03910828 108.72646332
C 141.17192078 96.02323151 105.23529816
C 141.30801392 93.70964050 105.85762787
C 139.90428162 93.09363556 111.11241150
H 140.18710327 94.95523834 112.10781097
C 139.99243164 92.39164734 109.92746735
H 140.24325562 92.54048157 107.82109070
N 141.24815369 96.75838470 104.31060791
N 141.50410461 92.62417603 105.51639557
H 139.64474487 92.57618713 112.01927185
H 139.75210571 91.37646484 110.03227234
H 141.24450684 98.13646698 106.76314545
C 137.00883484 107.15699768 113.58633423
C 136.79660034 105.89533234 114.26943970
C 137.55909729 108.15069580 114.40425873
C 136.97212219 105.66813660 115.66244507
H 136.49623108 105.03654480 113.70342255
C 137.79376221 107.96481323 115.75315857
H 137.74952698 109.08632660 113.94309998
C 137.46795654 106.73625946 116.40369415
H 136.68128967 104.78772736 116.15548706
H 138.02458191 108.86905670 116.17961121
C 141.66749573 105.30313873 108.79985809
C 142.30894470 104.64947510 109.87067413
C 142.31996155 106.38409424 108.16596985
C 143.57925415 104.99458313 110.26174164
H 141.83367920 103.82901764 110.37050629
C 143.67247009 106.64259338 108.55022430
H 141.99739075 107.02243805 107.36551666
C 144.29129028 105.97154236 109.57255554
H 144.09837341 104.43840790 111.04109192
H 144.24581909 107.40265656 108.02005768
C 140.03004456 105.03548431 106.80912781
C 141.02346802 104.59603119 105.84716034
C 138.79301453 105.57254028 106.30056000
C 140.85185242 104.85298920 104.43974304
H 141.90368652 104.03820801 106.13514709
C 138.69392395 105.87483978 104.94353485
H 137.92259216 105.75938416 106.88642883
C 139.69204712 105.57106781 104.03155518
H 141.68373108 104.64115906 103.84086609
H 137.78793335 106.42485809 104.69139099
C 135.03344727 107.10900116 111.86356354
C 134.13662720 107.21180725 112.92576599
C 134.44900513 106.90563202 110.60485840
C 132.69595337 107.18344116 112.84716034
H 134.37834167 107.43620300 113.98507690
C 133.02149963 106.80344391 110.41809082
H 135.13796997 106.90741730 109.75843811
C 132.14642334 106.99227142 111.52918243
H 132.08457947 107.25863647 113.73132324
H 132.56422424 106.85353088 109.42594910
C 139.63415527 105.89785004 102.58032990
H 139.82981873 106.89952850 102.35520172
H 140.39138794 105.33272552 102.07427979
C 138.25115967 105.67343140 101.91960144
H 138.02503967 104.60614014 102.11904144
H 137.53327942 106.28083801 102.40656281
C 138.21899414 106.04577637 100.43884277
H 138.48608398 107.04299927 100.27043152
H 138.89395142 105.37831879 99.89543152
C 137.88389587 106.56513977 117.80736542
H 137.63832092 107.50800323 118.37229919
H 137.33721924 105.94812012 118.54206085
C 139.38648987 106.26496887 117.87906647
H 139.61392212 105.48857117 117.18517303
H 140.02874756 107.04286957 117.38986969
C 139.90083313 105.93752289 119.31452942
H 140.93821716 105.56313324 119.35784149
H 139.31205750 105.17623901 119.79229736
C 130.63293457 107.07698822 111.36916351
H 130.37925720 106.52720642 110.48963165
H 130.15148926 106.54299164 112.19649506
C 130.08300781 108.51176453 111.12666321
H 129.01466370 108.37594604 111.07949829
H 130.21218872 109.09125519 111.95984650
C 130.56242371 109.20042419 109.83992767
H 131.65579224 109.12557220 109.78252411
H 130.21562195 108.54224396 109.06399536
C 145.73081970 106.29116058 109.90188599
H 145.96969604 105.63832092 110.69452667
H 145.84138489 107.25992584 110.47212982
C 146.84973145 106.09989166 108.81819916
H 146.85020447 105.09075928 108.46352386
H 146.51643372 106.66037750 107.94503784
C 148.31129456 106.22693634 109.33562469
H 148.39772034 105.42927551 110.14974976
H 148.62907410 107.20620728 109.75020599
C 139.85420227 107.11893463 120.30662537
H 140.59649658 107.80642700 120.03324890
H 138.97261047 107.64031982 120.31673431
C 149.34202576 105.83327484 108.24878693
H 150.23045349 105.51084900 108.80786133
H 148.99696350 104.92483521 107.70497894
C 130.01831055 110.62397003 109.63668060
H 128.91453552 110.61015320 109.53782654
H 130.41442871 111.20503235 110.42057800
C 136.80337524 105.90621185 99.90546417
H 136.45207214 104.84949493 100.01840973
H 136.17652893 106.63020325 100.37915802
C 130.46556091 111.05759430 108.27664948
H 129.92294312 110.40847778 107.48513794
H 131.55281067 111.02671814 108.20914459
C 149.69776917 107.02500916 107.34616852
H 150.07614136 107.91751862 107.86557770
H 148.89805603 107.32524872 106.62574005
C 140.18495178 106.63200378 121.78781891
H 141.07469177 105.97537231 121.81704712
H 139.31407166 105.97145081 122.11038208
C 136.66813660 106.29696655 98.38836670
H 137.14839172 107.22171783 98.10083008
H 137.02706909 105.43031311 97.78054047
C 140.28683472 107.90993500 122.57305908
H 139.38728333 108.47268677 122.56361389
H 140.48156738 107.73094177 123.69195557
H 141.10615540 108.57967377 122.28215027
C 150.84179688 106.56892395 106.44567871
H 151.37818909 107.43392181 106.12709045
H 151.62762451 105.97192383 106.92630768
H 150.50897217 106.01715088 105.59362793
C 130.03773499 112.55046082 108.06576538
H 128.96336365 112.83628082 107.95167542
H 130.56460571 113.07688141 108.84162140
H 130.49035645 112.93426514 107.17457581
C 135.16841125 106.54647827 98.03535461
H 134.63314819 105.65623474 98.09659576
H 134.64019775 107.30175781 98.63713074
H 135.19384766 106.93311310 97.00230408
",0.000
